Title,Link,website,Article_Text,Topic,Reality,Confidence,Main_reason_for_prediction,True_Label
,https://www.almasryalyoum.com/news/details/3594248,masrielyoum,"قال الدكتور مصطفى مدبولي، رئيس مجلس الوزراء، إنه يتابع ما أُثير على مواقع التواصل الاجتماعي حول مشروع عقد شراكة استثمارية مصرية قطرية، في نطاق منطقة سملا وعلم الروم بالساحل الشمالي الغربيّ بمحافظة مطروح، وجاء ذلك في كلمته خلال مراسم توقيع عقد الشراكة.
أخبار متعلقة
«أتعجب وأضحك».. رئيس الوزراء يعلق على منتقدي «صفقة قطر» عبر «السوشيال ميديا»
«مدبولي»: انطلاقة كبيرة للاقتصاد المصري.. والتركيز على الزراعة والصناعة والسياحة وتكنولوجيا المعلومات
توقيع عقد الشراكة الاستثمارية المصرية–القطرية لتنمية منطقة «علم الروم» بمطروح بحضور رئيس الوزراء
عبدالله بن حمد: استثمارات مشروع «علم الروم» بمطروح تصل إلى 29.7 مليون دولار
باستثمارات 29.7 مليار دولار توفر 250 ألف فرصة عمل.. مدبولي: مشروع «علم الروم» مجتمع عمراني متكامل
باستثمارات 29.7 مليار دولار.. شراكة «مصرية - قطرية» لتنمية «علم الروم» بمطروح
اليوم.. توقيع عقد شراكة استثمارية مصرية- قطرية لتنمية منطقة «علم الروم» بمطروح
وأضاف: «تابعت بعض الآراء التي تقول: لماذا لا تنفذ الحكومة هذا المشروع بنفسها وتتركه للمستثمرين؟. لقد أضحكني هذا الأمر لأننا منذ خمس سنوات والدولة تُتَّهم بأنها أنفقت استثمارات بدون عائد في تنمية العلمين الجديدة والعاصمة الجديدة، وكان هناك فريق يقوم بهجوم شديد على الحكومة ويتهمها بأنها استدانت لكي تنفذ بعض هذه المشروعات. ولكن اليوم نجد فريقًا يقول: يجب على الدولة أن تنفذ هي هذه المشروعات!».
وتابع رئيس الوزراء: «الحقيقة التي أود التأكيد عليها هي أن الدولة عندما تدخلت وبدأت في البناء والاستثمار بصورة كبيرة جدًا في البنية التحتية وتنفيذ مشروعات مثل العاصمة الجديدة والعلمين الجديدة والمدن الجديدة، فنحن نتحدث عن فترة استثنائية في تاريخ مصر، وهي فترة كان يموج فيها الاقتصاد العالمي والمحلي بالاضطرابات. وما رأيناه أننا لن نستطيع الالتزام باستثمارات كبيرة لفتح الاقتصاد المصري وجعله يتعافى إلا من خلال أن تأخذ الدولة زمام المبادرة وتستثمر في بنية أساسية وبعض المشروعات الرائدة التي تُدر عائدًا بعد ذلك وتجذب القطاع الخاص إلى مصر للاستثمار والتنمية فيها».
وأكد «مدبولي»: «لولا هذا الإنفاق الذي تم على البنية التحتية في كل المجالات، لما كنا نستطيع ولا ننجح في جذب الاستثمارات في قطاعات الصناعة والسياحة والاتصالات وتكنولوجيا المعلومات والزراعة واللوجستيات وكل المجالات الأخرى».
وأوضح رئيس الوزراء أن ما قامت به الدولة من جهود في هذا الصدد هو ما أسهم في تمهيد الطريق لجذب المزيد من الاستثمارات، والاحتفال بمثل هذا المشروع، مُعربًا عن أمله في أن تشهد المرحلة المقبلة إقامة وتنفيذ المزيد من المشروعات التي تعود بالنفع على بلدنا الحبيب مصر.
وفي الختام، جدّد رئيس الوزراء تقديم الشكر للأشقاء من دولة قطر على دعمهم وثقتهم في مناخ الاستثمار بمصر.",Economy,Real,95%,Lexical richness (presence of terms like \استثمار\ \اقتصاد\ \تنفيذ\ Sentiment exaggeration (balanced perspective),REAL
,https://www.almasryalyoum.com/news/details/3594272,masrielyoum,"أخبار متعلقة
«سقطت نيويورك واُنتخب عدونا مؤيد حماس».. غضب عارم في إسرائيل بسبب فوز زهران ممداني
«أظهر لكل من قابله أنه منهم».. «ذا نيويوركر» تحتفي بفوز ممداني عمدة نيويورك (ما القصة؟)
«ممداني» يتحدى ترامب والرئيس الأمريكي يقبل.. سجال وحرب كلامية بين العدوين اللدودين (تقرير)
بدأ زهران ممداني، عمدة مدينة نيويورك المنتخب، في تشكيل إدارته الجديدة، معلنًا عن فريق يتكون بالكامل من النساء لقيادة «المنصة السياسية الأكثر طموحًا في المدينة منذ جيل»، وفقا لما نقلته صحيفة «الجارديان» البريطانية.
ووفقا للصحيفة «البريطانية»، يتولى ممداني، الذي يمثل التيار الاشتراكي الديمقراطي، منصبه في 1 يناير المقبل.
وكشف ممداني (34 عامًا) في مؤتمر صحفي، عن فريق بقيادة إيلانا ليوبولد، كمديرة تنفيذية، حيث يضم الفريق في رئاسته المشتركة شخصيات بارزة تشمل:
- ماريا توريس سبرينجر، النائبة الأولى السابقة للعمدة.
- لينا خان، الرئيسة السابقة للجنة التجارة الفيدرالية في عهد الرئيس السابق، جو بايدن، والمعروفة بتطبيقها الصارم لقوانين مكافحة الاحتكار.
- جريس بونيلا، الرئيسة والمديرة التنفيذية لـ «يونايتد واي».
- ميلاني هارتسوج، نائبة العمدة السابقة لشؤون الصحة والخدمات الإنسانية.
وقال ممداني للصحفيين: «في الأشهر المقبلة، سأبني أنا وفريقي، بلدية قادرًا على الوفاء بوعود هذه الحملة. سنشكل إدارةً تتمتع بالكفاءة والتعاطف، مدفوعةً بالنزاهة، ومستعدةً للعمل بجدٍّ لا يقل عن ملايين سكان نيويورك الذين يتخذون هذه المدينة موطنًا لهم».
ويحظى اختيار لينا خان، بتقدير التقدميين والشعبويين الجمهوريين على حد سواء، إشارة واضحة إلى نية ممداني جلب مصلحين يملكون جرأة، إلى إدارته الجديدة، بحسب «الجارديان»، والتي أشارت إلى أن ممداني يُحقق بانتصاره إنجازات تاريخية، حيث سيصبح، أول عمدة مسلم للمدينة، وأول عمدة من أصول جنوب آسيوية، وأول عمدة يولد في إفريقيا، والأصغر سنًا في المنصب منذ أكثر من قرن.
تواجه الإدارة الجديدة عقبات هائلة، أبرزها الرئيس الأمريكي، دونالد ترامب الخصم الألد لممداني، والذي هدد مرارًا بـ حجب التمويل الفيدرالي عن المدينة إذا تولى ممداني منصبه.
وحذر ترامب عبر منصته «تروث سوشيال» من أنه: «من غير المرجح للغاية أن يساهم بأموال فيدرالية، بخلاف الحد الأدنى المطلوب» لنيويورك.
ويُشار إلى أن ميزانية مدينة نيويورك للسنة المالية 2026 تتضمن حوالي 7.4 مليار دولار كتمويل فيدرالي، وهو ما يمثل 6.4% من إجمالي الإنفاق.
زهران ممداني، الذي أكد ثقته في قدرته على تحقيق وعود حملته، شدد على أنه يهدف إلى توحيد سكان نيويورك لمواجهة القضايا المشتركة، حيث قاد حملته الانتخابية على منصة تقدمية جريئة تضمنت، تجميد الإيجارات للشقق المستقرة، وخدمة حافلات مجانية، ورعاية أطفال شاملة، ومتاجر بقالة تديرها المدينة.
ومن المقرر أن يتم تمويل هذه المبادرات من خلال زيادة الضرائب على الشركات والأثرياء، وقد حطمت حملته الانتخابية الأرقام القياسية في جمع التبرعات من صغار المانحين، حيث جمعت أكثر من 20 مليون دولار بمتوسط تبرع يقارب 80 دولارًا.",Politics,Real,95%,Factual reporting with verifiable named entities,REAL
,https://www.almasryalyoum.com/news/details/3594259,masrielyoum,"في نصف نهائي السوبر المصري، يبحث الكثيرون من عشاق المارد الأحمر عن تلك العبارة بهذه الأثناء مع اقتراب انطلاق صافرة البداية للقاء المرتقب اليوم.
أخبار متعلقة
تشكيل سيراميكا كليوباترا لمواجهة الأهلي في السوبر
الأهلي يتوجه إلى استاد هزاع بن زايد استعدادًا لمواجهة سيراميكا كليوباترا
بث مباشر استديو تحليلي لمباراة الأهلي ضد سيراميكا في نصف نهائي السوبر المصري
«الحاسبات والذكاء الاصطناعي» تتوج ببطولة خماسيات كرة القدم بين فرق جامعة القاهرة الأهلية والفرع الدولي
وتُلعب مباراة
اليوم، في تمام الساعة الخامسة مساءً، على ملعب طحنون بن محمد بمدينة العين الإماراتية بـ نصف نهائي كأس السوبر المصري موسم 2024- 2025.
ونقدم لكم
، بالإضافة إلى
، والقنوات الناقلة بث مباشر لـ مباراة الأهلي وسيراميكا كليوباترا.
مباشر | الأهلي- سيراميكا كليوباترا
— ADSportsTV (@ADSportsTV)
يخوض مباراة اليوم بصفته حامل لقب الدوري المصري النسخة الماضية، بينما يشارك سيراميكا كليوباترا كونه بطل كأس الرابطة في الموسم ذاته.
ويتطلع الفريقان إلى الفوز اليوم من أجل حجز بطاقة العبور الأولى للنهائي، ليضرب الفائز منهما موعدًا مع الفائز من نصف النهائي الآخر الذي يجمع بين الزمالك وبيراميدز في السابعة والنصف من مساء اليوم.
ويسعى النادي الأهلي بقيادة المدير الفني ييس توروب إلى إسعاد جماهيره من خلال الفوز في لقاء اليوم أمام سيراميكا والعبور إلى النهائي، وخاصة بعد التعثر في الدوري خلال الجولتين الماضيتين بالدوري ما جعل جماهير المارد الأحمر في حالة غضب.
في المقابل، يخوض سيراميكا لقاء الليلة أمام الأهلي بمعنويات مرتفعة بقيادة مدربه على ماهر، بعدما تصدر جدول ترتيب الدوري برصيد 26 نقطة، ويسعى لتأكيد تفوقه المحلي من خلال التأهل إلى نهائي البطولة.
اليوم، في نصف نهائي كأس السوبر المصري عبر أكثر من قناة فضائية، جاءت كالتالي:
حراسة المرمى: محمد الشناوي
خط الدفاع: أحمد نبيل «كوكا»- ياسين مرعي- ياسر إبراهيم- محمد هاني
خط الوسط: أليو ديانج- مروان عطية- أحمد سيد زيزو
خط الهجوم: محمود حسن تريزيجيه- جراديشار- أشرف بن شرقي.
حراسة المرمى: محمد بسام.
خط الدفاع: حسين السيد- رجب نبيل- سعد سمير- محمد عادل.
خط الوسط: عمرو السولية- أحمد بلحاج- إسلام عيسى- أيمن موكا- صديق إيجولا.
خط الهجوم: فخري لاكاي.",Sport,Real,95%,High lexical richness with detailed sports terminology,REAL
,https://www.almasryalyoum.com/news/details/3594261,masrielyoum,"أخبار متعلقة
«المحامين»: لا نعلم هوية المصري صاحب واقعة الاعتداء داخل الحرم المكي حتى الآن
بعد تحرك الخارجية.. تفاصيل جديدة في واقعة فيديو المعتمر المصري في الحرم المكي و«الخط الأحمر»
تحرك عاجل من النقابة بعد واقعة الاعتداء على محامٍ معتمر فى الحرم المكي
كشف المعتمر المصري «عبدالعزيز» صاحب
، تفاصيل الواقعة التي أثارت الجدل على وسائل التواصل الاجتماعي خلال الأيام القليلة الماضية.
وقال «عبدالعزيز»، المقيم في السعودية، في بث عبر مواقع التواصل الاجتماعي، إنه فوجئ بحجم انتشار الفيديو على مواقع التواصل الاجتماعي، مشيرًا إلى أن الحادثة استغرقت دقائق معدودة فقط، إذ توجه فورًا إلى مكتب الأمن داخل الحرم، وكان يتعامل مع الجهات المسؤولة بكل احترام وأدب.
وأضاف: «أنا رايح أعمل عمرة لوجه الله، مش عايز أذي حد، الموضوع انتهى منذ 4 أيام. أنا راجل طالع أعمل عمرة، أزور بيت ربنا، طالع أفضي كل حاجة جوايا».
وبين أن الموضوع ليس كما صوره بعض الناس، موضحًا: «كل مصري وكل مغترب بيحصل كده لا، إحنا كلنا مسلمين ملهاش علاقة أنا مصري أو هو سعودي، كل شخص يسيء لشخصه مش للمكان اللي هو منه».
وردّ المعتمر المصري على من طالبه بأخذ حقه قائلًا: «أنا راجل في بيت ربنا، مش همد إيدي على حد أنا رايح أعمل عمرة مش أعمل مشاكل».
وحذر من تداول مقطع الفيديو، مشيرًا إلى أنه لن يسامح من ينشره وأنه سيشتكي من يفعل ذلك، مؤكدًا أنه لا يريد أن يلحق الضرر بنفسه أو بالشرطي.
وتابع: «اللي يرفع أي حاجة يا ريت تتمسح بلاش فتن، أنت هتستفيد إيه لما الشرطي يتأذي»، لافتًا إلى أن السلطات السعودية تعطي كل شخص حقه بغض النظر عن جنسيته.
وأكمل: «في ناس بتقول أصل هو تنازل عشان أكل عيشه، أول حاجة الأرزاق على الله، أنا لم أتنازل عن خوف، أنا تنازلت احتراما للمكان اللي أنا متواجد فيه، احتراما للمكان المقدس اللي كنت متواجد فيه».
وأكد احترامه للقوات السعودية مثنيًا على تعاملهم معه قائلًا: «الشرطة السعودية في منتهى الأدب والاحترام ومشوفناش منهم سواء دلوقتي أو قبل كده غير الأدب والاحترام».
المقيم المصري “عبدالعزيز”، صاحب واقعة الحرم المكي، يخرج في بث مباشر ليروي تفاصيل قضيته مع رجل الأمن في المسجد الحرام
— عاجل السعودية (@3ajel_ksa)",Religion and Belief,Real,95%,High lexical richness and formal tone,REAL
,https://www.almasryalyoum.com/news/details/3594269,masrielyoum,"استقر
6-11-2025 مساءً، بعد ارتفاع
أثناء التعاملات النصفية 28 جنيهًا، وأما على الصعيد العالمي فحقق
مكسبا جديدا داخل البورصة، حسبما ورد عن أمير رزق، خبير المشغولات الذهبية لـ «المصري اليوم».
أخبار متعلقة
زيادة عالمية جديدة.. سعر الذهب اليوم الخميس 6-11-2025 وعيار 21 للبيع بالمصنعية
عيار 21 الآن بعد آخر زيادة.. كم يسجل سعر الذهب اليوم الخميس 6 نوفمبر 2025 بالصاغة؟
سعر الذهب اليوم الخميس 6-11-2025 بعد ارتفاعه الأخير في الصاغة.. عيار 21 الآن بالمصنعية
- سجل
استقرارا، بختام التعاملات، بعد وصوله إلى 6108 جنيهات.
- سجل
استقرارا، بختام التعاملات، بعد وصوله إلى 5345 جنيهًا.
- سجل
استقرارا، بختام التعاملات، بعد وصوله إلى 4581 جنيهًا.
- سجل سعر الجنيه الذهب اليوم الخميس، بختام التعاملات، 42760 جنيهًا.
- سجل
استقرارا، بختام التعاملات، بعد وصوله إلى 4006 جنيهات.",Economy,Real,95%,Lexical richness (presence of economic terms like \البورصة\ \جنيهًا\ \الصاغة\ Logical and factual coherence (reporting price fluctuations),REAL
,https://www.almasryalyoum.com/news/details/3594180,masrielyoum,"قال الدكتور مصطفى مدبولي رئيس مجلس الوزراء، خلال كلمته عقب توقيع عقد شراكة استثمارية مصرية- قطرية لتنمية منطقة «علم الروم» بمطروح، إنه يتابع كل ما يقال ويكتب حول تلك الصفقة الاستثمارية عبر منصات «السوشيال ميديا» خلال الأيام الماضية فور الإعلان عنها.
أخبار متعلقة
«مدبولي»: انطلاقة كبيرة للاقتصاد المصري.. والتركيز على الزراعة والصناعة والسياحة وتكنولوجيا المعلومات
باستثمارات 29.7 مليار دولار.. شراكة «مصرية - قطرية» لتنمية «علم الروم» بمطروح
اليوم.. توقيع عقد شراكة استثمارية مصرية- قطرية لتنمية منطقة «علم الروم» بمطروح
توقيع عقد الشراكة الاستثمارية المصرية–القطرية لتنمية منطقة «علم الروم» بمطروح بحضور رئيس الوزراء
عبدالله بن حمد: استثمارات مشروع «علم الروم» بمطروح تصل إلى 29.7 مليون دولار
باستثمارات 29.7 مليار دولار توفر 250 ألف فرصة عمل.. مدبولي: مشروع «علم الروم» مجتمع عمراني متكامل
تعرض النزلاء لمخاطر جسيمة.. الصحة تغلق 9 مراكز غير مرخصة لعلاج الإدمان بالعبور (تفاصيل)
وأشار إلى أن البعض على تلك المنصات انتقدوا الحكومة بسبب تلك المشروعات، وتساءلوا: لماذا لا تنفذ الحكومة تلك المشروعات بنفسها دون شراكة مع دول أخرى؟، مشيرًا إلى أنه تعجب وضحك على تلك التعليقات لأن أصحابها سبق لهم أن انتقدوا الحكومة نفسها عندما قررت في فترة من الفترات الإنفاق على مشروعات كبرى لتطوير البنية التحتية وإنفاق مليارات على مشروعات مثل بناء العاصمة الإدارية الجديدة ومدينة العلمين الجديدة.
وأضاف مدبولي أن الدولة عندما تدخلت للبناء وتطوير البنية التحتية كان ذلك في فترة شديدة الاستثنائية في تاريخ مصر، عندما تحركنا للاستثمار في البنية الأساسية والمشروعات الرائدة لجذب القطاع الخاص.
وأكد رئيس الوزراء أنه لولا الإنفاق في تلك المشروعات وتطوير البنية التحتية لم نكن نستطيع جذب استثمارات من القطاع الخاص في مختلف القطاعات المهمة، وأن ما قامت به الدولة في ذلك المسار مهد الطريق للوصول لمثل هذه الاتفاقيات والمشرعات الكبرى التي نعلن عنها الواحد تلو الآخر وهو ما ينعكس على الاقتصاد المصري.
وحرص مدبولي على توجيه الشكر للرئيس السيسي والأمير القطري على نجاحهما في الوصول لهذا الاتفاق وإتمام تلك الصفقة الاستثمارية الكبرى.",Economy,Real,95%,High lexical richness with detailed economic figures,REAL
,https://www.almasryalyoum.com/news/details/3594178,masrielyoum,"وسط ترقب واسع من أسواق المال، يستعد مساهمو شركة تسلا الأمريكية للسيارات الكهربائية للتصويت على مقترح يمنح الرئيس التنفيذي للشركة، إيلون ماسك، حزمة أسهم قد تجعله أول تريليونير في التاريخ، حال الموافقة عليها.
أخبار متعلقة
وسط مخاوف من تُخمة المعروض وتراجع الطلب.. كم سجلت أسعار النفط العالمية اليوم 6-11-2025؟
الصين تعلن رفضها مزاعم ترامب بإجراء بكين تجارب نووية سرية
مايكروسوفت تعلن عن ميزة جديدة في ويندوز 11
ويعد ماسك بالفعل أغنى رجل في العالم بثروة صافية تبلغ 493 مليار دولار، وفقا لمجلة فوربس، ويتقدم كثيرا على بعض أغنى أغنياء العالم في السنوات الماضية.
وحزمة التعويضات التي تصل قيمتها إلى تريليون دولار، كان قد اقترحها إيلون ماسك، وترتكز على نمو قيمة السوق لشركة تسلا (من خلال زيادة أسعار أسهم تسلا) وتحقيق معايير أداء مالية وتشغيلية.
ووفق ما أوردته وكالة أسوشييتدبرس، فإن الاجتماع السنوي للمساهمين، الذي يعقد في مدينة أوستن بولاية تكساس، مساء اليوم الخميس، يحسم ما إذا كان أغنى رجل في العالم سيحصل على مكافأة مالية ضخمة.
في يوم وُصف بأنه يوم «التريليون دولار»، يهدف المقترح المثير للجدل إلى منح ماسك مكافآت بالأسهم تصل قيمتها إلى 50 مليار دولار، في حال تمكن من تحقيق مجموعة من الأهداف التشغيلية والمالية الطموحة، أبرزها رفع القيمة السوقية لتسلا بنسبة 80% وتضاعف المبيعات والأرباح خلال السنوات المقبلة.
وأعلنت صناديق تقاعد كبرى، منها صندوق التقاعد الأمريكي «كالبرز»، رفضها القاطع للخطة، معتبرة أن مجلس إدارة تسلا خاضع أكثر مما يجب لتأثير ماسك وشقيقه كيمبال، وأن الحزمة المقترحة مبالغ فيها وغير مبررة.
ومن بين أبرز المعارضين، صندوق الثروة السيادي النرويجي وهو الأكبر في العالم بقيمة تتجاوز 1.9 تريليون دولار ويملك 1.2% من أسهم تسلا، حيث أعلن في تصريح أوردته صحيفة وول ستريت جورنال عن رفضه الرسمي للمقترح.
وفي المقابل، يرى أنصاره أن ماسك هو العقل المدبر الوحيد القادر على قيادة تسلا نحو مستقبل تكنولوجي ثوري، تتفوق فيه سيارات الشركة ذاتية القيادة والروبوتات البشرية «أوبتيموس» في الأسواق والمنازل.
وإذا وافق المساهمون على حزمة ماسك الجديدة المقترحة، والتي قد تصل قيمتها إلى تريليون دولار، سيحصل ماسك على نسبة تقارب 30% من أسهم تسلا، ما يمنحه سيطرة شبه كاملة على قرارات الشركة.
وقال ماسك إن الأمر ليس دافعا ماليا بحتا، بل وسيلة لتأمين مستقبله الإداري في الشركة وضمان استمرار رؤيته في بناء «جيش روبوتي» يدير المصانع والمنازل دون تدخل بشري.
يأتي هذا التصريح في إشارة واضحة إلى مشروع الروبوتات البشرية «أوبتيموس» الذي تراهن عليه تسلا ليكون مستقبلها الصناعي القادم، ما يجعل مسألة السيطرة والإدارة بالنسبة لماسك قضية وجودية أكثر من كونها مالية.
وعلى الرغم من أن قيمة تسلا السوقية تجاوزت 1.5 تريليون دولار، فإن أداء الشركة مؤخرا يشوبه التراجع، إذ هبطت المبيعات في ألمانيا بنسبة 50% الشهر الماضي.
ورغم امتلاكه نحو 13% من أسهم تسلا بعد سلسلة من عمليات البيع خلال العامين الماضيين، أكد الرئيس التنفيذي إيلون ماسك أنه لم يتقاض أي أجر مباشر منذ سنوات.
وتعود آخر حزمة مكافآت ضخمة حصل عليها إلى عام 2018، لكنها مازالت عالقة في أروقة القضاء الأمريكي، بعد أن رفع عدد من المساهمين دعوى قضائية زعموا فيها أن مجلس الإدارة لم يقدم معلومات كافية لتقييم التعويض الذي حصل عليه ماسك آنذاك.",Economy,Real,95%,Factual reporting with verifiable named entities and logical coherence,REAL
,https://www.almasryalyoum.com/news/details/3594183,masrielyoum,"، كشفت الهيئة العامة لـ
عن حالة الطقس المتوقعة، اليوم الخميس، مشيرة إلى أنه يسود طقس خريفي مائل للبرودة في الصباح الباكر، مائل للحرارة نهارًا على أغلب الأنحاء، حار على جنوب سيناء وجنوب الصعيد، معتدل الحرارة في أول الليل، مائل للبرودة في آخره.
أخبار متعلقة
أمطار تصل القاهرة.. الأرصاد تكشف توقعات حالة الطقس اليوم الخميس 6 نوفمبر 2025
درجة الحرارة اليوم.. الأرصاد تكشف حالة الطقس المتوقعة الخميس 6 نوفمبر 2025 (أجواء خريفية)
أمطار على هذه المناطق.. حالة الطقس اليوم الخميس 6-11-2025 في السعودية
وأشارت هيئة
إلى أن الطقس يشهد شبورة مائية من 9:4 صباحًا، وتكون كثيفة أحيانًا على بعض الطرق المؤدية من وإلى مناطق من شمال البلاد حتى القاهرة الكبرى ومدن القناة وشمال الصعيد ووسط سيناء.
وقالت في بيانها إن هناك فرص أمطار خفيفة، قد تكون متوسطة أحيانًا على مناطق من السواحل الشمالية الغربية وشمال الوجه البحري على فترات متقطعة، كما توجد فرص ضعيفة جدًا لأمطار خفيفة بنسبة حدوث 20% تقريبًا على مناطق من جنوب الوجه البحري والقاهرة الكبرى على فترات متقطعة.
وأوضحت، في منشورها أمس، أن فصل الخريف فصل التغيرات الحادة والسريعة، فهو فصل انتقالى ينقلنا من فصل الصيف الحار الرطب إلى فصل الشتاء البارد الممطر.
وقالت إنه في بعض الأحيان تتخلل فصل الخريف موجات حارة وفى أحيان أخرى تتخلله موجات ممطرة، وهذا ما شهدناه اليوم وأمس حيث كانت الأجواء أمس أجواء ممطرة مصحوبة بغطاء سحابى كثيف وضربات من البرق والرعد على بعض المناطق.
ولفتت إلى أنه سرعان ما تغير الوضع اليوم لأجواء حارة شمالًا، شديدة الحرارة على جنوب الصعيد، مع سماء صافية.
وأشارت هيئة الأرصاد، خلال منشور عبر «فيسبوك»، إلى أن الأجواء مائلة للبرودة في الساعات المتأخرة من الليل وفى الصباح الباكر، لذا تنصح بارتداء ملابس خريفية بكُم وخاصة للأطفال أو اصطحاب جاكيت خفيف خلال هذه الفترات لتجنب الإصابة بنزلات البرد.
ونوهت بأن الطقس يظل مائلًا للحرارة إلى حار خلال فترات النهار على أغلب الأنحاء.
بدأ فصل الخريف في مصر، يوم الاثنين 22 سبتمبر 2025، ويستمر لمدة 3 أشهر تقريبًا، وفقًا لبيان سابق عن الهيئة العامة للأرصاد الجوية.
ويتسم مناخ فصل الخريف دائمًا بالاعتدال في درجات الحرارة، وقد تتخلله بعض الارتفاعات المؤقتة في درجات الحرارة العظمى على بعض المناطق، خاصة في النصف الأول منه.
وتتهيأ الفرصة أحيانًا في فصل الخريف لتكون الشبورة المائية الكثيفة، التي قد تصل لحد الضباب على مناطق من شمال البلاد حتى القاهرة الكبرى وشمال الصعيد.
وتشير توقعات التنبؤات الفصلية التابعة للهيئة إلى أن معدلات سقوط الأمطار خلال خريف هذا العام حول المعدلات المناخية المعتادة، وفي بعض الأحيان عندما يتواجد منخفض جوى شديد البرودة في طبقات الجو العليا تتهيأ الفرصة لعدم الاستقرار في الأحوال الجوية، وتتكون السحب والعواصف الرعدية التي تتسبب أحيانًا في زيادة فرص سقوط الأمطار مع نشاط قوى للرياح الهابطة أسفل السحب الرعدية على مناطق متفرقة.",Weather,Real,95%,Lexical richness: Detailed meteorological descriptions. Sentiment exaggeration: None. Named entities: “الهيئة العامة للأرصاد الجوية” (The Egyptian Meteorological Authority). Clickbait words: None. Logical and factual coherence: High,REAL
,https://www.almasryalyoum.com/news/details/3594199,masrielyoum,"، أكثر ما يبحث عنه عشاق القلعة الحمراء، قبل اللقاء الذي يجمع الفريقين، ضمن نصف نهائي كأس السوبر المصري، على ملعب طحنون بن محمد بمدينة العين الإماراتية، ويدير اللقاء الحكم الدولي محمود البنا، يعاونه أحمد حسام طه وهاني خيري، فيما يتولى محمود عاشور مهمة حكم الفيديو.
أخبار متعلقة
بعد فترة غياب.. أول ظهور لحسام غالي بعد خروجه من مجلس الأهلي
ييس توروب رفض مشاركته.. شوبير يكشف غياب مهاجم الأهلي أمام سيراميكا
شوبير يكشف رد الأهلي بشأن التعاقد مع فؤاد الزهواني
توروب يستقر على مهاجم الأهلي أمام سيراميكا بالسوبر
نفاد تذاكر ديربي جدة بين الأهلي والاتحاد
موعد مباراة الأهلي وسيراميكا والقنوات الناقلة والمعلق في كأس السوبر المصري
بفرمان من توروب.. شوبير يكشف استبعاد نجم الأهلي من مواجهة سيراميكا كليوباترا
تشكيل سيراميكا المتوقع أمام الأهلي في السوبر المصري
ويوفر المصري اليوم
، في المواجهة التي يدخلها المارد الأحمر، وسط ضغوط جماهيرية كبيرة، بعد تراجع النتائج في الدوري المحلي وتعادله مؤخرًا أمام بتروجت والمصري، ما أثار غضب جماهير القلعة الحمراء، خصوصًا في ظل عدم ظهور بصمة واضحة للمدرب الدنماركي ييس توروب منذ توليه المسؤولية رسميًا.
وهنا ينطلق
عند صافرة الحكم.
ويسعى
في مواجهة
لمصالحة جماهيره واستعادة نغمة الانتصارات، وإحراز لقب جديد يمنح الفريق دفعة قوية قبل استئناف مشواره المحلي والإفريقي. وركز الجهاز الفني خلال التحضيرات على تصحيح الأخطاء الدفاعية، إلى جانب جلسات نفسية لرفع معنويات اللاعبين بعد الانتقادات الأخيرة.
كما قام توروب خلال معسكر الفريق في الإمارات بتحليل أداء سيراميكا ودراسة نقاط قوته وضعفه، مؤكدًا للاعبيه ضرورة استعادة شخصية
وتحقيق الفوز من أجل الجماهير الغاضبة.
ومن المنتظر أن يبدأ
بتشكيل يضم: محمد الشناوي، ياسر إبراهيم، ياسين مرعي، محمد هاني، محمد شكري، مروان عطية، محمد على بن رمضان، أحمد سيد زيزو، محمود حسن تريزيجيه، أشرف بن شرقي، وجراديشار.
وعلى الجانب الآخر، يدخل
اللقاء بمعنويات مرتفعة بقيادة مدربه على ماهر، بعدما تصدر جدول ترتيب الدوري برصيد 26 نقطة، ويسعى لتأكيد تفوقه المحلي من خلال التأهل إلى نهائي البطولة.
وشهدت تدريبات سيراميكا الأخيرة منافسة قوية بين اللاعبين لحجز مكان في التشكيل الأساسي، وركز على ماهر على تطبيق الجمل التكتيكية وتأكيد أهمية الالتزام بالتعليمات الفنية لضمان تقديم أداء قوي أمام الأهلي في موقعة نصف النهائي.
من المقرر
، في نصف نهائي
عبر أكثر من قناة فضائية، حيث تنقل شبكة أون تايم سبورتس اللقاء على قناة ON Sports 2 بصوت المعلق أيمن الكاشف، كما تُبث المواجهة أيضًا عبر قناة أبوظبي الرياضية الأولى HD بتعليق فارس عوض، إلى جانب قناة دبي الرياضية التي تقدم تغطية خاصة من قلب الحدث.
أعلنت قناة أبوظبي الرياضية عن ترددها الجديد عبر القمر الصناعي نايل سات، والذي جاء كالتالي:
التردد: 12091- الاستقطاب: أفقي (H)- معدل الترميز: 27500- معامل تصحيح الخطأ: 5/6.
ويُمكن من خلال هذا التردد استقبال القناة بسهولة ومتابعة مختلف البطولات المحلية والإقليمية بجودة عالية ووضوح مميز.",Sport,Real,95%,High lexical richness with detailed descriptions of the match,REAL
,https://www.almasryalyoum.com/news/details/3594051,masrielyoum,"أعلن وزير دفاع الاحتلال الإسرائيلي، يسرائيل كاتس، توجيهه الجيش لتحويل المنطقة المحاذية للحدود مع مصر «منطقة عسكرية مغلقة».
أخبار متعلقة
مصر تطالب بانسحاب إسرائيل من غزة
بينها مصر.. إسرائيل تكشف انسحاب 77 دولة لحظة بدء خطاب نتنياهو في الأمم المتحدة (تعرف عليهم)
سياسي: مصر صاحبة اليد العليا في سيناء وارتباك إسرائيل يؤكد صواب التحرك المصري
وقال كاتس عبر حسابه على منصة «إكس»: «لقد وجهت الجيش الإسرائيلي لتحويل المنطقة المتاخمة للحدود الإسرائيلية- المصرية إلى منطقة عسكرية مغلقة، وتغيير تعليمات إطلاق النار وفقًا لذلك، وذلك لمكافحة تهديد الطائرات المسيّرة الذي يهدد أمن الدولة»، على حد وصفه.
وواصل: «بالتوازي، اتفقت مع رئيس الشاباك، ديفيد زيني، على أن يعمل الشاباك على تعريف تهديد تهريب الأسلحة عبر الطائرات المسيّرة باعتباره تهديدًا إرهابيًا».
وتابع: «عمليات تهريب الأسلحة باستخدام الطائرات المسيّرة هي جزء من الحرب في غزة وتهدف إلى تسليح أعدائنا، ويجب اتخاذ جميع الإجراءات لوقفها».
واختتم قائلا: «اليوم، نعلن الحرب على المتورطين في عمليات التهريب، وكل من يتسلل إلى المنطقة المحظورة سيتعرض للأذى».
הנחיתי את צה«ל להפוך את השטח הצמוד לגבול ישראל-מצרים לשטח צבאי סגור ולשנות בהתאם את הוראות הפתיחה באש כדי להילחם באיום הרחפנים שמסכן את ביטחון המדינה.
במקביל סיכמתי עם ראש השב«כ דוד זיני כי השב»כ יפעל להגדרת איום הברחות האמל«ח עם רחפנים כאיום טרור.
הברחות הנשק באמצעות רחפנים הם…
— ישראל כ”ץ Israel Katz (@Israel_katz)",Politics,Real,95%,High lexical richness,REAL
,https://www.almasryalyoum.com/news/details/3594065,masrielyoum,"وصل منذ قليل عدد من نجوم الفن إلى مسجد السراج في حي الدقي للمشاركة في تشييع جثمان السيناريست الكبير أحمد عبدالله، الذي رحل عن عالمنا أمس، بعد مسيرة فنية حافلة بالأعمال الناجحة.
أخبار متعلقة
وصول جثمان السيناريست أحمد عبدالله استعدادًا لتشييعه (صور)
مجدي الهواري ينعى أحمد عبد الله: مات أخف دم في مصر
محمد هنيدي ناعيًا أحمد عبدالله: «هتوحشني يا صديق عمري»
وشهدت الجنازة حضور كل من المنتج أحمد السبكي ونجله كريم السبكي، والمخرج محمد الشافعي، والفنان سعد الصغير، وصبري فواز، وعمرو عبدالجليل، حيث حرصوا على وداع الراحل وتقديم الدعم والمواساة لأسرته وأصدقائه المقربين.
ومن المقرر أن تُقام صلاة الجنازة عقب صلاة الظهر، فيما يُقام العزاء يوم السبت المقبل بمسجد الشرطة.",Religion and Belief,Real,95%,High lexical richness and formal tone,REAL
,https://www.almasryalyoum.com/news/details/3593729,masrielyoum,"عقب حصول مصر على استقلالها غير المكتمل ١٩٢٢، كتبت دستورا على النمط الأوروبى ١٩٢٣ وجرت أول انتخابات برلمانية فاز بها الوفد برئاسة سعد زغلول الذي شكّل حكومة الشعب أو الوزارة السعدية، وصدر الأمر الملكى رقم ١٤: «عزيزى سعد زغلول باشا، اقتضت إرادتُنا توجيه مُسنَد رياسة مجلس وزرائنا مع رُتبة الرياسة الجليلة لعهدتكم، وأصدرنا أمرنا هذا لدولتكم، للأخذ في تأليف الوزارة، وعرض مشروع هذا التأليف علينا، لصدور مرسومنا العالى به، ونسأل الله جلت قدرتُه أن يجعل التوفيق رائدنا فيما يعود على بلادنا بالخير والسعادة، إنه سميع مُجيب».
مقالات متعلقة
نحن نحسن الظن بأنفسنا
الحرية قبل الديمقراطية
أكسرويةٌ يا معاوية؟!
كان هذا في أواخر يناير ١٩٢٤، ثم في أواخر نوفمبر من العام ذاته لم يكن أمام سعد زغلول- بكل قوته- غير أن يتقدم باستقالة حكومته إذ اصطدم بالحقيقة المرة: الاحتلال. فقد وقعت حادثة اغتيال السير لى ستاك، قائد الجيش المصرى، فطلب المندوب السامى اعتذارات وتعويضات وزاد عليها سحب الجيش المصرى من السودان، وهذا المطلب الأخير كان القشة التي قصمت ظهر البعير. دخلت التجربة الديمقراطية في مسيرة طويلة من التعثر حيث الملك فؤاد يضع العراقيل وعلى نهجه سار نجله الملك فاروق ومعهما كان الاحتلال يرفض نجاح الديمقراطية طالما أنها مقترنة بمطلب الاستقلال وجلاء القوات الإنجليزية عن مصر، كافح المصريون طغيان القصر الملكى ومعه طغيان الاحتلال ثلاثين عاما كاملة حتى سقطت الملكية ١٩٥٣ ووقع الاحتلال على وثيقة الجلاء ١٩٥٤، وفى مارس من العام ذاته انتصر الضباط الأحرار على المطالبين بالديمقراطية، فاستراحت الديمقراطية وأراحت.
السودان كرر المحنة المصرية لكن بشكل أعمق، حصل على الاستقلال مطلع يناير ١٩٦٥، وحصل مع الاستقلال على نظام سياسى برلمانى ديمقراطى على النموذج البريطانى بقيادة إسماعيل الأزهرى، ليبرالية ديمقراطية هشة مستوردة ليس لها عمق اجتماعى أو ثقافى.
في السودان، بدأ الضباط مبكرين جدا، بعد عام واحد من الاستقلال والديمقراطية قام انقلاب فاشل، لكن بعد عامين قام انقلاب ناجح ١٩٥٨ وحكم البلاد ثمانى سنوات حتى ١٩٦٤ ثم قامت ثورة شعبية تستعيد الحكم المدنى، ودخل السودان في ثنائية الانقلاب العسكرية والثورات الشعبية، بين حكم مدنى فاشل يعقبه حكم عسكرى فاشل، وهكذا حتى انقلاب الإسلاميين ١٩٨٩ بقيادة البشير مع الترابى، وقد اختلف الحليفان، فتحول الترابى إلى المعارضة، وظل البشير يحكم السودان ثلاثين عاما، ثلاثة عقود من الحكم العسكرى الإسلامى، رجعت بالسودان إلى ما قبل الدولة الحديثة التي عرفها مع محمد على باشا ١٨٢٠.",Politics,Real,95%,The article details a significant period in Egyptian and Sudanese political history,REAL
,https://www.almasryalyoum.com/news/details/3593752,masrielyoum,"لم تعد هناك فوارق بين كرة القدم والحياة كلها.. ففى ملاعب الكرة ومدرجاتها وأمام شاشاتها ومع نتائجها وأخبارها.. هناك الحب والغضب والفرحة والكراهية والخوف والبهجة والصراخ.. وهناك الموت أيضًا.. ومنذ أمس الأول يتصدر الإعلام الكروى الأوروبى والأمريكى خبر وفاة البوسنى ملادن جيجوفيتش، المدير الفنى للنادى الصربى رادنيتشكى ١٩٢٣.
مقالات متعلقة
ناجحون بالغش يحبهم من يشترون الوهم
مقارنة ظالمة بين صغار القدم واليد
كرة اليد والمركز الثانى لأحفاد تحتمس
ففى الإثنين الماضى وأثناء مباراة فى دورى صربيا الممتاز بين رادنيتشكى ١٩٢٣ وملادوست لوتشانى، وبالتحديد فى منتصف الشوط الأول، فوجئ الجميع بملادن جيجوفيتش يسقط أمام الدكة الخاصة بفريقه مصابا بأزمة قلبية لم تدم طويلًا ليموت المدير الفنى البالغ من العمر ٤٤ عاما الذى تولى مهمته منذ ١٣ يوما فقط.. وفى ٢٠٢٢.. فى الدرجة الثانية للدورى المصرى.
استضاف نادى المجد بالإسكندرية نادى الزرقا وظل التعادل قائمًا ٩٣ دقيقة حتى أحرز محمد عصام هدف الفوز للمجد.. وكان المدير الفنى للمجد هو أدهم السلحدار النجم الكبير ولاعب الإسماعيلى السابق.. وجرى أدهم نحو جمهور ناديه يشاركهم فرحتهم التى لم يتحملها قلبه فمات على الفور.. ونتيجة الفرحة أيضا.. مات فى ٢٠٢٣ حارس المرمى البلجيكى أرنى أسبيل.
ففى مباراة فى الدرجة الثانية للدورى البلجيكى بين فينكل سبورت وفستروتسيبيك.. احتسب الحكم ضربة جزاء لفستروتسيبيك تصدى لها أرنى وأنقذ فريقه من هدف محقق.. ووسط فرحة هائلة للاعبى وجماهير فينكل سبورت بما قام به حارس مرماهم.. فوجئ الجميع بحارس المرمى يسقط على الأرض ميتًا نتيجة أزمة قلبية بسبب الفرحة.. وليس الحزن أو الفرحة هما فقط سبب االموت بقلب مأزوم فى ملاعب الكرة.
فالحب أحيانا سبب للموت.. ونتيجة للحب كان الإنجليزى ديفيد ويلسون أول لاعب كرة يموت فى ملاعبها.. ففى مباراة فى الدرجة الثانية للدورى الإنجليزى فى ١٩٠٦ بين ليدز سيتى وبيرنلى.. غادر ديفيد الملعب شاحب الوجه مصابًا بالإجهاد.. وبعد إصابة لاعبين آخرين اضطر ليدز سيتى لاستكمال المباراة بثمانية لاعبين فقط.. ولأن التغيير وقتها لم يكن مسموحًا به فى ملاعب الكرة.
أصر ديفيد على العودة إلى الملعب حبا لناديه ولمساعدة زملائه.. ورفض طبيب الفريق فى البداية إلا أن ديفيد أصر على العودة.. وقبل ثوان من نهاية المباراة.. سقط ديفيد على الأرض ومات نتيجة أزمة قلبية.. وكانت حكايته أول حكاية حب تنتهى بالموت فى تاريخ كرة القدم.. والصفحة الأولى فى كتاب ضخم عنوانه لاعبون ماتوا فى ملاعب كرة القدم.. فقد توالت بعد ديفيد ويلسون لاعبون كثيرون ومدربون ومشجعون أيضا لم تتحمل قلوبهم جنون كرة القدم وانفعالاتها وفرحتها وأحزانها لتصبح لعبة للحياة والموت.",Sport,Real,95%,The article presents a series of interconnected,REAL
,https://www.almasryalyoum.com/news/details/3593632,masrielyoum,"لا تزال أمريكا قادرة على إدهاشنا وإبهارنا. اختارت عام ٢٠١٦ أكثر رئيس عدوانى وعنصرى ونرجسى في تاريخها الحديث، ثم أعادته للرئاسة العام الماضى، الآن، تقدم نموذجا مختلفا.. شاب اشتراكى مسلم (٣٤ عاما) أصبح عمدة نيويورك، أهم مدينة في العالم.
مقالات متعلقة
المتحف الكبير.. مصر بين لحظتين!
فى الحاجة إلى نجار فرعونى!
إسرائيل وأوهام قيادة المنطقة!
شكل ترامب ومن ورائه المليارديرات والمحافظون والعنصريون واللوبى اليهودى، جيشا لمنع فوز زهران ممدانى، لكن الغالبية من جميع الفئات والمعتقدات انتخبوه لأنهم شعروا بأنه يمثلهم عن حق، كانوا في السابق محاصرين بين مرشحين ديمقراطيين وجمهوريين لا يختلفون في شىء سوى في اللهجة والطريقة. ممدانى اختار التغيير الجذرى، الذي لا يهمه سوى الناس العاديين حتى لو غضب الأثرياء وأصحاب الشركات والمصالح وبارونات الحزب الديمقراطى الذي ينتمى إليه.
في عالم توقفت فيه الحلول الجذرية، وأصبحت سياسات صندوق النقد هي المرشد، جاء ممدانى ببرنامج معاكس تماما. تعهد بتجميد ارتفاع قيمة الإيجارات على ٢ مليون مستأجر، واستخدام كل الموارد المتاحة لبناء مساكن جديدة. تعهد أيضا بتوفير أتوبيسات مجانية سريعة ورعاية دون مقابل للأطفال من سن ٦ أسابيع حتى ٥ سنوات. الأهم من الوعود أنه قدم خطة عملية لكيفية تمويلها، سيفرض ضرائب على الشركات الكبرى، وسيزيد نسبة الضرائب على الأغنياء ٢٪. أرضت هذه الوعود سكان نيويورك، لكنها زرعت الرعب في النخبة السياسية والاقتصادية في عاصمة المال والبيزنس في العالم. تعرض ممدانى لحملة مسعورة قادها ترامب بدأت باتهامه بالشيوعية والتطرف الإسلامى والتحالف مع حماس، ولم تتوقف عند تحذير الرئيس الأمريكى من وقف تمويل الحكومة الفيدرالية لمدينة نيويورك، أو تلميح نواب جمهوريين بسحب الجنسية منه وطرده من أمريكا لأنه في الأصل ابن مهاجر جاء من أوغندا، لكن أصوله تعود إلى شبه القارة الهندية.
لم يتراجع ممدانى، رفض إخفاء هويته الدينية. عقيدته المسلمة كانت جزءا من حملته الانتخابية، التي أعادت للأذهان حملة أوباما للرئاسة قبل ١٨ عاما. واصل انتقاد إسرائيل وتعهد باعتقال نتنياهو إذا زار نيويورك تنفيذا لقرار المحكمة الجنائية الدولية. استخدم وسائل التواصل الاجتماعى بذكاء منقطع النظير. تواجد على الأرض مع الفئات الأشد فقرا.
عشرات الآلاف انضموا لحملته. بعث رسائل على اليوتيوب بلغات عديدة، بينها العربية، للناخبين قائلا: أنا منكم ولكم.
تحدث عن «التضخم الحلال» الذي يجعل منتجات كاللحم الحلال والزبادى والحلويات التي تستهلكها الجالية الإسلامية مرتفعة السعر مرات عديدة بالقياس لمثيلاتها العادية. وجه أصابع الاتهام إلى الشركات الكبرى المحتكرة. كشف الواقع الحقيقى لنيويورك المتلألئة بالأنوار والأموال. هناك نصف مليون طفل ينامون كل ليلة جائعين. ربع سكانها يعانون الفقر. هؤلاء أوصلوه إلى العُمودية رغم الحرب ضده.
فوز ممدانى ليس خط النهاية. أمامه تحديات هائلة. تحويل الوعود إلى واقع. خصومه لن يسمحوا له بالنجاح. تنفيذ الوعود معناه أن تصبح أمريكا الرأسمالية الاستهلاكية التي يقودها تحالف السياسيين ورجال الأعمال مجتمعا آخر. قد يكون من السابق لأوانه الحكم على تجربة لم تبدأ بعد. لكن ممدانى أثبت أنه ليس صحيحا أن هناك طريقا واحدا لمواجهة صعوبات الحياة التي يواجهها الناس، ألا وهو أن يتحملوا ويتحملوا ويتحملوا.",Society,Real,95%,Lexical richness (complex sentence structure),REAL
,https://www.almasryalyoum.com/news/details/3593633,masrielyoum,"انتهى حفل افتتاح المتحف بخير والحمد لله. وبغض النظر عن الخلاف الدائر حول جودته - ولى ملاحظات عليه مثل كل الناس - فإنه جلب مشاهدة عالمية واسعة وحضورا دوليا مشرفا، وهو ما كان مطلوبا.
مقالات متعلقة
لماذا نشكر اليابان على قرض المتحف؟
كيف يتحدد مصير أهل غزة.. ومن يحدده؟
ماذا تغير بعد الاعتراف بفلسطين؟
اقترح إذن أن نكتفى بهذا القدر من الانشغال بالحفل وتفاصيله، ونعود للمتحف ذاته الذى لا شك أنه عمل جبار ورائع، وقيمة حضارية وسياحية هائلة، ولهذا يلزم التفكير جيدا فى طبيعته والغرض منه.
المتاحف ليست ظاهرة جديدة وقد مرت بمراحل تاريخيّة متعددة. الرومان قديمًا اعتادوا على عرض التحف والمجموعات الفنية باعتبارها من غنائم الغزوات ورمزا لقوة الإمبراطورية. وفى أوروبا العصور الوسطى ثم عصر النهضة بدأ عرض مجموعات المقتنيات الخاصة فى القصور تعبيرا عن الثراء والرقى الثقافى. ثم جاءت الطفرة الكبيرة مع الثورة الفرنسية ومع فتح القصور للشعب وإتاحة محتوياتها للمشاهدة العامة، وعلى رأسها متحف «اللوفر» فى ١٧٩٣. بعد ذلك جاء عصر الاستعمار الأوروبى ومعه نهب آثار البلاد المحتلة فصارت المتاحف معرضًا لهذه الثروات المسروقة ومسرحًا للتنافس بين القوى العظمى.
ثم فى أعقاب الحرب العالمية الثانية تطورت المتاحف من معارض للاستعمار إلى مساحات لعرض تراث البلدان المتحررة ولتأكيد استقلالها وهويتها الوطنية. ثم جاء عصر الانتعاش السياحى (وما زلنا فيه) حيث زاد عدد السائحين عالميًا من ٢٥ مليون سنة ١٩٥٠ إلى مليار ونصف سنة ٢٠١٩ (قبل الكورونا)، أى ستين ضعفا فى سبعين عامًا، وبالتالى أصبحت المتاحف من أهم ركائز الجذب السياحى لبلدان كثيرة وعاملا فى زيادة الدخل القومى. أما المرحلة الأخيرة التى لا نزال فيها أيضا فهى النظر للمتاحف باعتبارها مراكز بحث وعلم وتوعية وتدريب وتواصل مع ثقافات أخرى.
فأين موقع متحفنا الجديد من هذا؟
السياحة طبعا مهمة لنا ويلزم زيادتها وتحسينها والارتفاع بمستواها. والمتحف الجديد يمكن أن يحقق طفرة فى ذلك، خاصة لو نجحنا فى ضبط العوامل العديدة الأخرى التى تؤثر فى السياحة.
ولكن للمتحف أيضا دور ثقافى وتعليمى وبحثى كان جزءًا من التفكير فيه من البداية. وقد اهتمت به دولة اليابان عبر تضمين التمويل الذى قدمته بنود خاصة بالبحث وبحفظ الآثار، كما أن مدير المتحف الدكتور أحمد غنيم عنده وعى كبير بالموضوع، وكذلك من تحدثت معهم من مجلس الأمناء والمسؤولين. الفكرة إذن حاضرة، ولكن المهم ألا تتوارى تدريجيًا وراء الاهتمام بالعائد السياحى والتجارى.
ويرتيط بما سبق موضوع تمويل المتحف، وبالتالى أسعار التذاكر. وفى تقديرى أن إدراك أهميته الثقافية والحضارية يؤدى إلى اعتباره مرفقًا ثقافيًا عامًا يعمل على زيادة وعى الشعب بتاريخه وحضارته وفتح أبواب البحث والتدريب والدراسة للراغبين فى ذلك. ومعنى هذا أن المتحف لا ينبغى أن يستهدف تحقيق الربح ولا حتى تغطية نفقاته وصيانته وتطويره. بل يجب أن تظل الدولة راعية له ومسؤولة عن استمراره ونجاحه وارتفاع مستوى الخدمات المقدمة فيه.
ما سبق لا يتعارض مع وجود شركة خاصة تدير المكان، وأماكن عرض منتجات ومشروبات بأسعار سياحية، وتحديد أسعار تذاكر الأجانب بشكل يتناسب وقيمة المتحف وخصوصيته. ولكن من جهة أخرى يجب أن يظل المواطنون المصريون، وبالذات الشباب والطلاب، قادرين على زيارة متحفهم الوطنى الأكبر والأهم بأقل تكلفة ممكنة.
القضية ليست مجرد أسعار تذاكر، بل رؤية اشمل عن الغرض من المتحف الجديد والإضافة التى نأمل أن يحققها لنا، سياحيًا وأيضًا حضاريًا وثقافيًا.
ومرة أخرى.. مبروك علينا.",Arts,Real,95%,Factual reporting with detailed explanation of museum history and purpose,REAL
,https://www.almasryalyoum.com/news/details/3593728,masrielyoum,"الشعوب تقول كلمتها فى مواجهة السلطة.. الأًصل فى الحكاية هو الحرية.. أنت أمام نكسة قوية ضربت الحزب الجمهورى والرئيس ترامب شخصياً.. هذه خسارة أهم ثلاث ولايات أمريكية لصالح الحزب الديمقراطى.. لم يهتم الشعب بكلام ترامب وتهديداته، وأعطى صوته لمرشحى الحزب الديمقراطى، وهى صدمة كبرى للرئيس ترامب.. وفى تقديرى أن عمدة نيويورك زهران ممدانى لم يفز على منافسه فى الانتخابات، وإنما فاز على ترامب نفسه!.
مقالات متعلقة
فضيحة في تل أبيب!
من القصر إلى الشارع!
استراحة فاروق جويدة!
فالكارثة أن ترامب هدد الولاية بقطع المساعدات الفيدرالية عنها، وتحدى زهران المرشح الشاب وكتب على منصته كلامًا يهدد الديمقراطية ومبدأ الانتخابات، فكان هذا الكلام حافزًا للناخبين لينتخبوا زهران عندًا فى الرئيس ترامب، وخدم المرشح زهران على حساب المرشح الجمهورى وفاز بمنصب عمدة نيويورك!.
كما فازت المرشحة الديمقراطية ميكى شيريل بانتخابات حاكم ولاية نيوجيرسى، وتغلبت على المرشح الجمهورى، وتُعد شيريل، وهى طيّار مروحيات سابق فى البحرية، ومدعية عامة فيدرالية سابقة، أول امرأة تفوز بمنصب حاكم نيوجيرسى منذ أكثر من عقدين.. وهو ما يعكس أهمية اختيار المرشحين، لتحقيق الفوز فى الانتخابات بغض النظر عن دعم البيت الأبيض من عدمه!.
الانتخابات كانت كاشفة لمقياس شعبية ترامب بعد قرابة عام على ولايته الثانية، واختبار للديمقراطيين قبل الانتخابات النصفية المقبلة.. المثير أن ترامب ونتنياهو كانا يدعمان مرشح نيويورك المنافس لممدانى كما أن الجالية اليهودية لها وجود كبير فى المدينة، ولكنهم فضلوا المرشح الذى ينتقد نتنياهو ويهاجم إسرائيل، وبالتالى فإن الانتخابات لها دلالات عديدة، فهى كاشفة لشعبية ترامب وإشارة مبكرة لنهاية نتنياهو قريبًا!.
وبرر ترامب أسباب الفشل فقال إنها بسبب الإغلاق الحكومى، وقدم سببًا غريبًا أنه لم يكن على ورقة الاقتراع.. وهاجم مؤيدى ممدانى قائلاً إن كل يهودى يصوت للمرشح لرئاسة بلدية مدينة نيويورك زهران ممدانى «غبى» ويوحى بأن اليهود الأمريكيين يصوتون ضد مصالحهم!.
السؤال: أليس هذا فى العرف الانتخابى يعد تدخلًا فى الانتخابات، ويمس نزاهة العملية الانتخابية؟.. ماذا جرى فى أمريكا؟.. هل ينهار النظام الانتخابى والديمقراطى فى أمريكا؟!",Politics,Fake,88%,Sentiment exaggeration (strong emotional language and accusations),REAL
,https://www.almasryalyoum.com/news/details/3593806,masrielyoum,"لا معنى لما جرى قبل ساعات فى ثلاثة سباقات انتخابية أمريكية، إلا أن ما قيل عن أن الديمقراطية قادرة على علاج نفسها بنفسها كلام فى محله تمامًا.
مقالات متعلقة
بند أول فى الشارقة
شخص غير مرغوب فيه
على باب المتحف
فالقضية فى نيويورك مثلًا ليست أن المرشح زهران ممدانى فاز برئاسة بلدية المدينة بأغلبية كبيرة، ولا القضية أنه أول مسلم يتولى هذا المنصب فى نيويورك، ولا حتى إنه شاب فى الرابعة والثلاثين، ولكن القضية أنه ديمقراطى ينتمى إلى الحزب المنافس لحزب ترامب الجمهورى.
والذين تابعوا التفاصيل المثيرة فيما جرى يعرفون أن الرئيس الأمريكى استبق النتيجة وقال إنه سيقطع التمويل عن نيويورك إذا فاز ممدانى، ويعرف المتابعون أيضًا أنه هاجم المرشح الفائز أشد الهجوم، وقال عنه إنه شيوعى. ولكن هذا كله لم يفلح فى وقف التأييد الواسع الذى رافق ممدانى منذ البداية.
ولم يتوقف الأمر عند نيويورك ولا عند مرشحها الفائز، ولكن المسألة امتدت إلى ولاية ڤيرجينيا الملاصقة للعاصمة واشنطن، ففازت المرشحة الديمقراطية أبيجيل سبانبيرجر بمنصب حاكم الولاية. ولا بد أن ترامب قد راح يتطلع إلى فوزها فى قلق بالغ، ولا بد أن فوزها قد بدا له وكأنه نار تقترب من ثيابه!.
وما كاد ترامب يفيق من نبأ فوز ممدانى ومعه سبانبيرجر، حتى جاءه نبأ جديد بفوز المرشحة الديمقراطية ميكى شيريل بمنصب حاكم الولاية فى نيوجيرسى. وهكذا يتلقى الرئيس الأمريكى ثلاث خبطات فى الرأس مرة واحدة!.
كان الظن لديه منذ دخل مكتبه البيضاوى فى العشرين من يناير أن الدنيا قد دانت له، وأنه لا شىء قادر على الوقوف فى طريقه، ولا تعكير فوزه الكبير على المرشحة الديمقراطية كامالا هاريس، وأن الديمقراطيين لن تقوم لهم قائمة قبل وقت طويل، فإذا به يفيق على ما لم يكن فى البال عنده ولا فى الخاطر!.
يبقى أمران أحدهما طريف من جانب ترامب والآخر مخيف له، أو للجمهوريين الذين يحكم هو تحت مظلتهم. أما الطريف فهو حديثه عن أن فوز ممدانى راجع إلى أن اسمه - أى اسم ترامب - لم يكن على بطاقات الاقتراع. وأما المخيف فهو أن ما شهدته السباقات الثلاثة يأتى وكأنه تمهيد لسباق آخر أهم وأخطر هو التجديد النصفى للكونجرس نوفمبر المقبل. فما حدث فى السباقات الثلاثة يقول إن صندوق الاقتراع فى معركة التجديد النصفى محجوز تقريبًا للديمقراطيين، وعندها سيفقد الجمهوريون أغلبيتهم الحالية، وسيصبح ترامب «بطة عرجاء» بالمعنى السياسى لهذه العبارة، وسيتنفس العالم الصعداء بعد أن أرهقه هذا الرجل كما لم يرهقه أحد.",Politics,Real,95%,High lexical richness,REAL
,https://www.almasryalyoum.com/news/details/3593716,masrielyoum,"مقالات متعلقة
تفشي المجاعة.. هل يعجل من رحيل حماس في غزة؟!
21 عامًا على «المصري اليوم» وهدايا صلاح دياب!
هل يصبح الثالث من يوليو احتفالًا بصمود الدولة المصرية؟!
تابعت بفخر شديد حفل افتتاح المتحف المصرى الكبير، وكيف جمع الرئيس عبدالفتاح السيسى رؤساء وملوك دول فى حضرة الملك توت عنخ آمون وتمثال رمسيس المهيب، ليقدم لهم بلد الحضارة والتاريخ، كما سبق أن قدم لهم، منذ أسابيع، بلد السلام، خلال توقيع اتفاقية وقف إطلاق النار فى غزة بشرم الشيخ.
استحوذت مصر فى أسابيع قليلة على اهتمام العالم، سياسيا وثقافيا، وهو ما يمنحنا الأمل فى مستقبل أفضل لبلادنا وأحفادنا، فمن ينظر للوراء قليلا يدرك حجم التحديات والصعاب التى مرت بها البلاد، خاصة بعد ثورتى ٢٥ يناير ٢٠١١، و٣٠ يونيو ٢٠١٣، ومن العزلة إلى الحرية، من الحديث عن عقوبات وتهديدات، إلى مد يد المساعدة والشراكة الاستراتيجية، وبدأ ذلك بوضوح فى قمة مصر والاتحاد الأوروبى.
ما يهمنى هو الخطوة القادمة، فنحن قدمنا حضارة المصريين القدماء لمختلف الجنسيات، وأظهرنا لهم أن الاهتمام بالفن والثقافة، بل والجيوش الوطنية، كان يحتل مكانة مهمة لدى الفراعنة، وكان يشغلهم الخلود والبعث، أى المستقبل، هذه هى الرسالة التى كنت أود التركيز عليها فى هذا الحدث الكبير، وكما علّمنا أجدادنا الاهتمام بالمستقبل، لابد من التفكير فيما بعد افتتاح المتحف الكبير.
أتمنى أن تكون هناك متاحف جديدة فى الإسكندرية، وشرم الشيخ أو الغردقة، لا أن يتم التركيز على العاصمة القاهرة فى كل شىء، وكما تعد الأقصر متحفا مفتوحا لما تقدمه من تماثيل ومعابد رائعة، يمكننا أن نقدم نماذج مختلفة لتصبح بلدنا كلها متحفا مفتوحا يقدم حضارة المصريين القدماء للعالم، فمن يأتى للسباحة فى البحر صيفا يمكنه رؤية الآثار المصرية، وليس بحاجة لكى يسافر إلى القاهرة أو الأقصر.
أيضا علينا الاهتمام بزيادة جرعة الحقبة الفرعونية فى المناهج التعليمية، واستغلال حالة البهجة والشغف التى سببها افتتاح المتحف الكبير فى مختلف المدارس والجامعات، وعلى الأطفال معرفة تاريخ بلادهم وحضارتهم، هذا ثراء فكرى ومعلوماتى وحضارى، ويقدم نماذج إيجابية فيها قبول الآخر واحترام القانون والتعرف على نماذج مختلفة، تسمح بتنشئة الطفل على حب القراءة والتذوق الفنى والتنوع الثقافى، فهى أمور تنمو فى الوجدان من الصغر، وليست جرعات يتلقاها الشخص كالدواء فى الكبر.
وخلال رئاستى لجمعية النهضة بالتعليم، كنت أركز على الاهتمام بالتربية المدنية والجمعيات الأهلية، فى ظل عدم وجود اهتمام كافٍ من الدولة فى هذا المجال خلال هذه الفترة، ولاحظت فيما بعد ظهور شباب ناجح تخرج فيها، فخورة بهم وبنجاحهم، وتأثير ذلك على شخصياتهم، فالثقافة والفن يؤثران فى الإنسان، ويجعلانه أكثر احتراما للآخرين وأقل عنفا، هناك أمور تنمو بداخلنا من خلال ما نتعايش معه يوميا وليس مجرد تلقينا أفكارا نمطية لابد من قبولها.
أيضا حان الوقت لاستعادة القطع الأثرية من مختلف متاحف العالم، خاصة رأس نفرتيتى من برلين، لدينا متحف كبير يضم ١٠٠ ألف قطعة أثرية، وآن الأوان أن تعود كل القطع لبيتها، وأرجو من أمين عام اليونسكو، خالد العنانى، أن يساعدنا فى ذلك، فهو شخص محترف ورائع على المستوى الإنسانى، وكنت فخورة بعمله فى قطاع السياحة والآثار، وفخورة بوصوله لهذا المنصب بالإجماع الدولى، فى الوقت الذى فشل فيه بعض المرشحين المصريين من قبل، رغم ما قدموه من أعمال تنويرية وإبداعية فى حياتهم العملية.
كما تابعت حالة الجدل على مواقع التواصل الاجتماعى التى قارنت حفل الافتتاح بما سبق تقديمه فى حفل نقل المومياوات، وهو ما يشير إلى تغير كبير فى النظرة ورفع سقف التوقعات للأعمال الفنية، وأن شبابنا بخير، ولديهم أفكار وعقول تنويرية، ينقصهم منحهم الفرصة من أجل المشاركة فى بناء بلادهم، بدون الأمل لا يمكن الرهان على المستقبل، وهؤلاء تفاعلوا إيجابيا مع افتتاح المتحف، وتغيرت صور الملفات الشخصية إلى صورهم بالزى الفرعونى، وتجاهل دعوات بعض المتطرفين الذين كانوا يدعون فى الثمانينيات والسبعينيات إلى أن الفن حرام والتماثيل لابد من تحطيمها، والانتصار للتاريخ والثقافة والفن، ويمنحوننا رسالة طمأنة أن مصر بخير وشعبها بخير، ومستقبل أولادها بخير، وأن الآثار المصرية فى يد أمينة، ولن يسمح لأحد بالمساس بها.
فى النهاية، لدى ملاحظات نقدية على عرض القطع وكثرتها، مقارنة بقسم المصريات فى المتحف البريطانى أو متحف اللوفر فى باريس، وحده تمثال رمسيس المهيب فى المدخل يخطف الأنظار، ولا داعى لتكرار خطأ المتحف المصرى بالتحرير فى عرض الكثير من القطع فى مكان واحد، حتى لا يتحول من متحف إلى مخزن للآثار، لكن هذا وقت الفرح، والفخر، ونؤجل أى ملاحظات لاحقا.",Society,Real,95%,Factual reporting with strong emphasis on cultural and historical significance,REAL
,https://www.almasryalyoum.com/news/details/3593630,masrielyoum,"نادرا ما يدلى الفنان برأيه على الملأ فى الزملاء، خاصة لو كان سلبيا، إلا أن عبدالحليم حافظ كان يجيد اللعب فى تلك المساحة الشائكة.
مقالات متعلقة
هدية «أم الدنيا» لكل الدنيا!
الأصوات بين الحضور والانصراف
«هرتلة» تهتف بحب مصر!
فى أحد البرامج منحته المطربة الشعبية شريفة فاضل فقط ٧ من عشرة كمطرب، وعندما سألوه عنها منحها عشرة من عشرة، وكسب هو الجولة.
على الجانب الآخر، وجه (العندليب) ضربتين مباغتتين، لكل من وردة ونجاة، فى حوار أجراه معه سمير صبرى عام ١٩٧٦ قبل رحيله بعام، وصف الأولى بأنها تزيد من انفعالها أمام الميكروفون مما يفقدها صدق الإحساس، بينما الثانية تخطئ فى الأداء اللغوى، ونصحها بأن تعيد تعلم النطق الصحيح على يد أحد شيوخ القرآن الكريم، مثلما فعل هو فى بدايته، كما أنه وصف هانى شاكر قائلا: (صوت بلا طموح).
إلا أننى أتوقف هذه المرة بشىء من التفصيل أمام رأيه فى صوتين من أكثر الحناجر البشرية اكتمالًا؛ محمد قنديل وسعاد محمد، أشاد بقدراتهما الاستثنائية، ولكنه أضاف ينقصهما شىء.. ملحوظة أم كلثوم فى كل أحاديثها تعتبر قنديل هو الصوت الرجالى الأول، وتضع دومًا سعاد محمد على القمة.
ما الذى قصده عبد الحليم بتوصيف ينقصهما شىء، يقصد النجاح الجماهيرى الذى يتناسب مع الإمكانيات التى يتمتع بها الصوتان، من الممكن أن تقرأ ذلك من خلال ظلال تعبير (حتة ناقصة).
ينطبق هذا التوصيف أيضا على أقرب الأصوات إلى عبدالحليم، والذى علمه فى البداية أصول الغناء، واصطحبه فى مرحلة الشباب المبكر من الملجأ إلى القاهرة، ثم ألحقه بمعهد الموسيقى.
أتحدث عن إسماعيل شبانة، الشقيق الكبير لعبدالحليم الذى سبقه للدنيا بنحو ١٠ سنوات وعاش أيضا بعده ١٠ سنوات، إلا أن الناس لا تتذكره، إلا فقط بأنه الشقيق الكبير لعبدالحليم شبانة، قبل أن يحمل اسم الشهرة (حافظ)!!
لكل من محمد قنديل وسعاد محمد رصيد من الأغانى اخترقت حاجز الزمن، إلا أن كلًا منهما لم ينل ما يستحقه من حفاوة وتقدير جماهيرى .
بسبب (الحتة الناقصة)، إنها ما نطلق عليه (الكاريزما)، منحة إلهية لا يمكن أن تحددها داخل إطار صارم، هناك فنان له حضور طاغ، بمجرد أن تلمحه يستحوذ على الاهتمام ويسرق الكاميرا، بينما يفتقد الآخر هذا الوهج الداخلى، وكأن فى حضوره انصرافًا!!.
فى بدايات عبدالحليم، غنى محمد قنديل من ألحان كمال الطويل توأم عبدالحليم الفنى: (يا رايحين الغورية.. هاتوا لحبيبى هدية)، شعر عبدالحليم بأن تلك الأغنية من حقه، كانت لديه وقتها قناعة بأن كل ما يقدمه كمال الطويل من ألحان ملك له.
وبدون علم الطويل- كما قال لى- فوجئ بأن الأغنية طرحت على أسطوانة، بينما الناس أحبتها بصوت قنديل، وكان حليم فى حياته يمنع تداولها، حتى لا تحدث مقارنة ليست فى صالحه.
عبدالوهاب لم يحن أبدًا لقنديل قائلًا إنه يحب دائمًا استعراض صوته، حتى لو خرج عن ملامح اللحن، وعندما سأله الشاعر الغنائى الكبير مأمون الشناوى، لماذا لم يلحن لسعاد محمد؟ أجابه ساخرًا أنجبت ٩ مرات، فكيف ألحن لها؟.
إلا أنه صرح بعد أن غنت من تلحين سيد درويش بصوتها (أنا هويت وانتهيت)، لم يعد من الممكن أن يستمع إليها أحد بصوت آخر، بمن فيهم عبدالوهاب الذى رددها فى تسجيل إذاعى على العود!!.
ما الذى حال إذن دون أن يحقق محمد قنديل وسعاد محمد النجاح الجماهيرى الذى يعادل الموهبة؟ صدقونى إنها (الكاريزما)!!.",Arts,Real,95%,Factual reporting with detailed descriptions of musical figures and their opinions,REAL
,https://www.almasryalyoum.com/news/details/3593709,masrielyoum,"هدأت السياسة في بلادنا، لأسباب موضوعية وغير موضوعية. وتراجع العمل السياسى، حزبى وبرلمانى وطلابى، واقتصر الكلام في الشأن العام على إطلالات متباعدة لشخصيات عامة عبر وسائط الإعلام التقليدى من بودكاست، وصحف، وفضائيات أو من خلال السوشيال ميديا.
مقالات متعلقة
هل تحتمل مصر جمال حمدان آخر؟
ما يعنيه فوز مصر برئاسة اليونيسكو
صناعة الأسطورة.. سيد قطب مثلًا
ولاشك أننا خسرنا إبداعا عظيما، عايشنا شذرات أخيرة منه في مجال البلاغة السياسية، إذ كان فيها للكلام سحر، وللفصاحة حضور، حتى ترسخت في الأذهان مصطلحات وعبارات جميلة وجذابة ورصينة.
واللافت أن البلاغة السياسية لم تكن حكرا على رجال المعارضة في مصر كما يتصور البعض، وإنما كان هناك أساطين من البلغاء في عالم السياسة يُمثلون السلطة، يُتقنون نطق اللغة العربية، ويجيدون الارتجال والاستشهاد بحكم لافتة، ويستدعون أبيات شعر ساحرة، ومؤثرة، فضلًا عن صك مصطلحات راسخة في الذاكرة الجمعية للناس.
فبرحيل الدكتور فؤاد محيى الدين رئيس الوزراء في يونيو ١٩٨٤ فقدت مصر نموذجا ساحرا لمسؤول حكومى بليغ في خطابه، قادر على التأثير في مستمعيه، فمن مأثوراته مثلا قوله «لن أقطع على الناس وعدا لن أستطيع تنفيذه». وفى يوم ما كان يخطب أمام الناخبين في دائرته، فقال «كان بنو العباس يخطبون جلوسًا، لكننى لست عباسيًا، وإنما مصرى، لذا أخاطبكم واقفا».
وباغتيال الدكتور رفعت المحجوب رئيس البرلمان في أكتوبر سنة ١٩٩٠ انفض زمن بلغاء الوطن الراسخين، الذين يرغمون الجميع ببلاغتهم على تذكر مقولاتهم الفذة الراسخة. وحسبنا أن نُذكر أن عبارة «المجلس سيد قراره» ومصطلح «القطط السمان» الذي أطلق على رجال الأعمال الجدد في الثمانينات كانا من صناعته.
ولاشك أن بلاغة السياسة المصرية لها إمام أكبر، اغترف الجميع من جمال بيانه وروعة صياغاته هو السياسى العظيم مكرم عبيد (١٨٨٩-١٩٦١). لقد أهدتنى مؤخرًا البرلمانية الكبيرة الدكتورة منى مكرم عبيد، كتابها الرائع عنه الذي صدر عام ٢٠١٥ وتضمن معظم خطبه ومحاضراته ومرافعاته، التي تخطف الآذان وتُنعش العقول. فمنها مثلا قوله البليغ وهو سياسى قبطى «نحن مسلمون وطنًا ونصارى دينًا». ومن عباراته الأثيرة التي لا تُنسى قوله «من لم يستمع صوت الضمير مناجيًا، فإن للحق صوتا سيسمعه الغافلون زئيرًا». ومن جميل دعائه قوله «اللهم لا ميلا مع الهوى، بل ميلا عن الهوى»، وقوله «اللهم لا تنصفنا على حساب مواطنينا، بل انصف مواطنينا على حسابنا».
ويقف المرء مبهورًا أمام عباراته وهو يشكو حال الفلاح البسيط إذ يقول «الحق أنى مررت بقرية من قرانا ورأيت الفلاح يكاد يأكله العمل ولا يأكل، ويلبسه العرى وغيره يرفل، ويضنيه العيش القذر والمأوى الفقير وغيره يتجمل».
وأستعيد كثيرا مقولته الخالدة «الحكم فن جميل ولعله أحوج الفنون الجميلة إلى فتنة الجمال حتى يبدو للمحكومين جميلًا حين يحنو ومقبولًا أو في القليل محتملًا حين يقسو».
وحتى عندما يصف زعيمًا مثل مصطفى النحاس، فإنه يثرى مسامع الناس سحرا وبلاغة إذ يقول عنه «هو سيف حاد قاطع، لكنه أبيض لامع، هو كالنار قد تحرق أو تنير، لكنها لا تحمل ظلامًا. هو عدو يقاتل ولا يخاتل. هو صديق يحب ولا يجامل».
ومثل هذا الجمال البلاغى يُحزننا غيابه كأدب شعبى مُعلم وموجه للناس في كل الأزمنة. والله أعلم.",Politics,Real,95%,Factual reporting with verifiable named entities and consistent tone,REAL
,https://www.almasryalyoum.com/news/details/3593712,masrielyoum,"هل استفاد أحدٌ مِن أجدادنا العظماء قدماء المصريين في كيفية الحفاظ على بقاء اسمهم حيًّا أبد الدهر لا يفنى بفناء جسدهم؟
مقالات متعلقة
سهير السكرى تكتب: نزع السلاح = الدمار الشامل بلا مقابل!
سهير السكرى تكتب: تساؤل الساعة: التهجير أم البديل؟
سهير السكرى تكتب: عظمة قرارات محكمة العدل الدولية لصالح غزة
كيف يخلد الإنسان اسمه حسب تعريف قدماء المصريين؟
هو كل مَن يعمل عملًا يخدم البشرية..
هو كل مَن يكتب كتابًا أو بحثًا أو قولًا يفيد الناس جميعًا..
هو كل مَن ترك صرحًا لخدمة المجتمع.
لقد قرأت كتابًا صدر حديثًا بعنوان «سنوات مع صلاح منتصر» من تأليف زوجته الدكتورة منى سعيد الطويل، جاء فيه شرح أبهرنى وأحزننى في آنٍ واحدٍ، خاص بالتعليم في الماضى القريب، وعن وعى الشعب بفكرة الخلود والعطاء وعدم التواكل التام على الحكومة والدليل المادى على ذلك:
مدرسة دمياط الابتدائية
كما صورها صلاح منتصر
«لم تكن في الواقع مدرسة، وإنما كانت بمقاييس هذه الأيام الحالية قصرًا كبيرًا.. قصرًا بالغ الأُبهة والنظافة والاتساع والتنوع.. كان عدَدُنا في الفصل محددًا.. وكان الأستاذ يعرفُنا بالاسم.. وكنا نعرف بعضنا واحدًا واحدًا.. وكان أهم ما في المدرسة مَرافقها: الحوش الواسع الذي كنا نتجمَّع فيه كل صباح في طوابير منتظمة.. وكان هناك ضابط المدرسة الذي يشرف على تنظيم هذه الطوابير.. وهناك حملات تفتيش مفاجئة يقوم بها أحد المسؤولين عن الطوابير بالمرور علينا والتأكد من نظافة الحذاء وأستك الشراب ونظافة المظهر وعدم طول الأظافر والشعر. وكان يكفى لطالب مخالف أن يأمره المسؤول بالخروج من الصف والوقوف أمامه كى يشهد زملاؤه كيف أنه يسىء إليهم بعدم النظافة أو العناية بملبسه وحذائه!
كنا في ذلك الوقت في سنوات الحرب وكان للإنجليز، الذين يحتلون مصر، معسكرات في عدد كبير من المدن، ومنها معسكر قرب دمياط في بلدة صغيرة اسمها (عزبة اللحم)، وفى هذا المعسكر كان الإنجليز يتدربون عسكريًا ورياضيًا. وكان من ضمن برامجهم الرياضية تكوينُ فريقٍ لكرة القدم يأتى إلى مدرستنا يوم الإثنين أو الخميس ليلعب مع فريق المدرسة. ولم يحدث أبدًا أن ذهب فريقنا إلى معسكرهم، وإنما كانوا هم الذين يحضرون إلى مدرستنا... وكنا نجتمع يوم المباراة لتشجيع فريقنا المدرسى الذي يضم الطلبة الكبار الذين في المدرسة الثانوية بعد أن كان المبنى يضم فصول المدرستين معًا، الابتدائية والثانوية. وفى حوش المدرسة تعلمنا حب مصر، فقد كان فريق المدرسة الذي يلعب أمام الإنجليز يمثل بالنسبة لنا كُلّ مصر.
ومن حوش المدرسة إلى صالة الألعاب والقسم المخصص الذي كنا جميعًا أعضاء فيه، ونمارس من خلاله ألعاب القوى؛ من جرى وعقلة وقفز على الحصان وإقامة عدد من المهرجانات.
كان يتعين علينا جميعًا أن نحضر بملابس بيضاء بسيطة ولكن نظيفة: الفانلة والشورت والشراب والحذاء (الكاوتشوك) كلها بيضاء.
ومن صالة الألعاب إلى الحديقة التي تعلمنا فيها دروس الفلاحة والتأمل في جمال الزهور العديدة التي كانت تغطى المساحة الواسعة لهذه الحديقة.
ومن الحديقة إلى قاعة الندوات وقاعة الفنون والمسرح والخطابة... والمطعم الذي كنا نأكل فيه يوميًا. وكانت فترة الطعام فترة للتعلم أيضًا. فقد كنا ندخل المطعم في طوابير، وكل ستة منا يجلسون معًا.. وفى كل يوم يقوم أحدنا بدور (الأَلفَا) وتوزيع الطعام على باقى الزملاء، وكان طبيعيًا أن تكون هناك قطعة لحم أصغر من زملائه، فكان ضروريًا أن يختص (الأَلفَا) زملاءه بالقطع الأكبر، ويحتفظ لنفسه بالقطعة الصغيرة. وهكذا تعلمنا إيثار الآخرين وعدم الأنانية.
مدرسة التوفيقية
أشهر خريجى التوفيقية
عبدالخالق ثروت باشا، وعبدالفتاح يحيى باشا، ومحمد محمود باشا. والثلاثة شغلوا منصب رؤساء وزراء في العهد الملكى، والفريق أول يوسف صبرى أبوطالب، وزير الدفاع الأسبق، والدكتور رفعت المحجوب، رئيس مجلس الشعب الأسبق، والدكتور صبحى عبدالحكيم، رئيس مجلس الشورى الأسبق.
أما من رموز العلم والاقتصاد، فجاء من أشهر خريجى التوفيقية: طلعت حرب باشا أبوالاقتصاد، والمؤرخ جمال حمدان، والشاعر أحمد زكى أبوشادى، والشاعر إبراهيم ناجى.. وقائمة رموز ومشاهير التوفيقية تطول.. وتطول».
انبهرتُ من هذا الوصف الذي يطابق ما تعودتُ عليه في المدرستين الأمريكية والإنجليزية حين كنت طالبة فيهما!
المدرستان وهبهما شخصان من أثرياء مصر لدائرة المعارف التي تسمى الآن وزارة التربية والتعليم. تخرَّج فيهما عظماء بكل معنى الكلمة. تمتعوا بالتعليم الجيد الجاد وبالانضباط وبالجو المحاط بالجمال، سواء من حيث المبنى الفخم أو الحدائق الشاسعة بورودها وأشجارها ومسرحها ونظافتها. هل شاهد أحدكم المدارس الحكومية في مصرنا الحبيبة مؤخرًا؟ وا أسفاه!
أين أغنياء مصر؟ ماذا حدث لهم؟ لماذ لا يخلدون أسماءهم على قصورهم المغلقة والمتعددة عند البعض عندما يهبونها لتُفتح فيها مدارس في مصر للأطفال المكدسين في الفصول في جوٍ ليس فيه شجر ولا سلال قمامة ولا ورود ولا فناء ولا ملاعب ولا معامل ولا مسارح ولا أي مسحة من الجمال!
وكل ما نسمع هو «ضياع هذا الجيل البائس التافه المتسكع على الأرصفة التي أصبحت تسمى مقاهى»!.
بينما نرى المدارس الأجنبية فارهة المبانى فارغة التعليم لا لغة أجنبية سليمة يكتشفها فقط من يتقنها ويُصدم من ركاكة لغة التلاميذ فيها! وليس بها لغة عربية ليشعر الطفل بالانتماء لوطنه ويفتخر بتراثه وهويته لا يفهم الطالب ما يقرأ ولا يتقن غير اللغة العامية التي أصبحت مخلوطة باللغة الإنجليزية، وفى كثير من الأحيان بنطق غير سليم مقزز يحير من يسمعه مهما حاول.
أدعو كل مقتدرٍ للتبرع بمبنى لوزارة التربية والتعليم باسمه ليخلد إلى الأبد.
كما أدعو الحكومة لتخصيص بعض المبانى الحكومية الشاغرة بعد انتقال الموظفين إلى العاصمة الإدارية لتتحول إلى مدارس.
الخلود سمة مصرية قديمة، استفاد منها الغرب وأنشأ مؤسسات من أمثال «فولبرايت وكارنيجى مالون»!.
وأين نحن الآن؟",Society,Reality,95%,Factual reporting with strong sentiment exaggeration and logical coherence. The article presents a nostalgic and critical view of a specific educational institution,REAL
,https://www.almasryalyoum.com/news/details/3593713,masrielyoum,"خرق الدكتور «بدر عبدالعاطى»، وزير الخارجية، قاعدة الصمت البليغ، ومؤداها «أبلغ رد، عدم الرد على الحمقى والمستفزين».
مقالات متعلقة
تصنيع الفرح فى مصانع الأمل
مِصْرُ عادَتْ شمسكِ الذّهبُ
رسالة المتحف الكبير
وليس هناك أحمق وأكثر استفزازًا من جماعة الدعم السريع (جماعة حميدتى) المتفلتة على السلطة الشرعية في السودان.
الرد المصرى كان مستوجبًا، والرد المفحم على مزاعمهم بدور مصرى فيما هو حادث في غرب السودان ويدمى القلوب.
عادة الردود المفحمة تعتمد على الذكاء وسرعة البديهة لإسكات المتجاوز بكلمات حاسمة وموجزة.
الردود المفحمة غالبا ما تكون كرد على موقف استفزازى، ومن قبيل الاستفزاز أن تقتل وتسفك الدماء وتمارس تطهيرًا عرقيا ما يشبه الإبادة الجماعية على الطريقة الإسرائيلية في دارفور وحواضرها، ثم تخاتل مشغليك ومموليك ومسلحيك، وتزعم بالباطل دورا مصريًا وهميًا فيما هو جار من مذابح في غرب السودان.
لقد طفح الكيل، جماعة السفاح المسلح حميدتى وصبيه (أبولولو) في التحليل الأخير «بنادق للإيجار»، مستخدمون لتقسيم السودان، وفصل دارفور عن الجسد السودانى الممدد طريحًا في عرض الطريق الدولى.
جماعة مارقة، لا تتخفى من أهدافها الخبيثة، تنفذ أجندة خارجية لا تخطئها عين مراقب، وباتهامهم مصر يذرون الرماد في العيون التي تبصر مخازيهم في حق الأبرياء في دارفور، جماعة حميدتى كلما دخلوا محلية في السودان أفسدوها وجعلوا أعزة أهلها أذلة.
رسالة القاهرة برزت في حوار الوزير عبدالعاطى مع الصديق «شريف عامر» على (إم بى سى مصر)، رسالة يعلم الوصول «أيادينا بيضاء في كل دول الجوار، سواء في السودان أو ليبيا».
رسالة الوزير بلغت الخرطوم وعواصم أخرى، بلغت الفاشر (عاصمة ولاية شمال دارفور) ونيالا (عاصمة ولاية جنوب دارفور) والجنينة (عاصمة ولاية غرب دارفور) وزالنجى (عاصمة ولاية وسط دارفور) والضعين (عاصمة ولاية شرق دارفور).. وشمال كردفان، وجنوبها وغربها.. مصر تتعامل بشرف في زمن عز فيه الشرف، مصر تعمل وتتحرك لحل الأزمة سياسيًا، معلوم الحل العسكرى لم ينه الحرب على مدار الثلاث سنوات الماضية، لكنه أدى لقتل آلاف المدنيين بالسودان، ونزوح مئات الآلاف عراة حافيين.
الوزير الحاذق قالها هكذا «أيادينا بيضاء في السودان» ولسان حاله، «الحكى الك يا كنة.. اسمعى يا جارة» أو «الحكى الك يا جارة اسمعى يا كنة»، ويقال هذا المثل السودانى عندما يوجّه زول كلامًا إلى زول ولكن المقصود زول آخر..
الدكتور عبدالعاطى، وزير الخارجية، يلمح لأياد قذرة في الإناء السودانى، في الإناء أياد كثيرة، وما صبر مصر إلا من قبيل الصبر الاستراتيجى، وترجمته شعبيا، «اصبر على جماعة حميدتى يا ترحل، يا تجيه مصيبة تاخده في رحاها».
ما لم يفهمه حميدتى لسبب الأمية السياسية التي هو عليها، مجرد قاطع طريق مستخدم لأغراض خفية، وعادة ما يستخدم في الإغارات على حظائر الماشية ترعى في الغرب، ما لم يفهمه ولن يفهمه، مصر دولة كبرى وكبيرة على الصغائر السياسية، وتحترم نفسها وتحترم التزاماتها الدولية، وهى دولة متحضرة.. وعادة تنظر إلى الأمام، لا تنظر خلفها إلى غرب السودان!!.",Politics,Real,95%,Factual reporting with named entities ( عبدالعata,REAL
,https://www.almasryalyoum.com/news/details/3593725,masrielyoum,"«الإنسانُ هو الثروة الحقيقية للوطن، وهو أساسُ أى نهضة أو تنمية».. هكذا قال الرئيس المثقف «عبدالفتاح السيسى»، وهو يؤسس المبدأ الذى انطلقت منه «الجمهورية الجديدة»، واضعًا الإنسانَ فى صدارة مشروعها الوطنى. فلا نهضةً تُبنى بالخراسانات والحديد والحجارة، بل بالعقول التى ترسم الرؤية، والقلوب التى تخلص للوطن، والأيادى التى تؤمن بأن العمل شرفٌ ومسؤولية.
مقالات متعلقة
مصرُ... التى من أجلها تُشرقُ الشمسُ
توقيع «فاروق حسني».. على جدارية التاريخ
«ولنا في الخيال حبٌّ».. السينما في أَوْجِها
ومن أكثر من جسّد هذا الفكر على أرض الواقع، الفريق «كامل الوزير»، وزير الصناعة والنقل ونائب رئيس الوزراء، الذى حوّل وزارة النقل من مرفقٍ مُتعَب إلى مؤسسة نابضة بالكفاءة والانضباط والحداثة المشهودة. الوزيرُ الذى لم يُدِر المنظومة من مقعدٍ وثير، بل من عُسر الميدان، فغدت منظومةُ النقل فى عهده معجزةً عمرانية تكنولوجية بشرية فى آن. لهذا أجمع الناسُ على حبّه واحترامه؛ لأنه جمع بين حزم القائد، وحكمة المسؤول، وإنسانية الأب، فصار نموذجًا للإدارة يعلّمنا أن الانضباط لا يعنى القسوة، والإنسانية لا تعنى التراخى. هو للحق من الرموز التى لا تمرّ فى تاريخ الأوطان مرور العابرين، بل تترك فى صخورها نقشًا خالدًا لا ينمحى أثرُه.
تحت راية هذا الفكر، وفى كنف هذه المدرسة، نشأت وتألقت واحدة من بنات الوزارة: الإعلامية «مريم عوض ميخائيل». لم تكن موظفة، بل وجهًا مشرقًا لوزارة النقل فى المحافل الرسمية، وصوتًا يشرح للعالم كيف استطاعت مصر، فى ظل قيادة الرئيس «السيسى»، أن تبنى نهضتها على أسسٍ من التخطيط والوعى والصدق. بدأت عملها فى «المتحف القومى للسكة الحديد»، وسرعان ما تميّزت فى المجال الإعلامى، فكانت من أبرز أصوات المتحف التى تنقل رسالتَه للعالم. استقبلت الوفود الرسمية من مصر وخارجها، وقدّمت عروضًا ثقافيةً راقية تُعرّف بتاريخ النقل المصرى، وساهمت فى تسجيل أفلامٍ وثائقية تُبرز إنجازات الدولة فى هذا القطاع الحيوى. لم تبحث عن الضوء، بل ساهمت فى صناعته. ولهذا حصدت تكريماتٍ وشهادات تقدير من جهات متعددة: أكاديمية ناصر العسكرية العليا، جامعة القاهرة، ووزارة النقل، البنك الأوروبى للتنمية، وزارة الشباب والرياضة، حزب حماة الوطن، منظمات تحت مظلة الأمم المتحدة واليونسكو، وغيرها، اعترافًا بدورها التنويرى داخل منظومة النقل.
ودون مقدمات، فوجئت بقرار نقلها إلى وظيفةٍ إدارية: «مسؤولة تذاكر»، لا تتسق مع موهبتها الإعلامية ولا مع خبراتها التثقيفية التى طوّرتها على مدار عقدٍ من الجهد والتعليم. ولهذا نرفع إلى معاليكم هذه المناشدة من ابنة للأب القائد الذى علّمها، نلتمس أن تعود إلى موقعها الإعلامى الذى خدمَت من خلالها وطنها لأكثر من عشر سنوات.
هذه الرسالة ليست شكوى، بل رجاءَ شابّةٍ طموح، تغار على سنوات من التدريب والاشتغال على النفس فى المجال الإعلامى، أن تُهدر ثمارُها فى موقع يمكن لأى خريج جديد أن يشغله. هو التماسٌ يصبُّ فى جوهر سياسة الدولة فى استثمار طاقاتها البشرية، وتأكيدٌ لمقولة الفريق «كامل الوزير»: كل من يعمل بإخلاص فى منظومة النقل جندىّ فى معركة البناء والتطوير.
فحين نُبعد الكفاءات عن مواقعها، نخسر خبرةً تراكمية وسنوات من التدريب، فى لحظة تستثمر فيها مصرُ فى المواهب والخبرات، وتعيد بناء مؤسساتها على أسس الجدارة والتميّز، حتى نستكمل مشوار «الجمهورية الجديدة» الذى بدأناه منذ عشر سنوات.
سيادة الفريق العظيم، لقد علّمتنا أن النجاح لا يقاس بعدد المشروعات فقط، بل بعدد القلوب التى تعشق الوطن وتعمل على النهوض به. و«مريم» واحدة من تلك القلوب التى آمنت برسالتكم، فعملت بصمتٍ واحترامٍ وحبّ. عودُتها إلى موقعها الإعلامى الذى تتقنه، ليست منحة أو مكافأة، بقدر ما هو إنصاف لمسيرةٍ طويلة من العطاء.
إن الدولة التى تراهن على الإنسان لا تُقصى من أحبّها. ومصر التى تبنى حاضرَها ومستقبلها بأيدى أبنائها، تعرف جيدًا كيف تحتضن من ساهموا فى إنارة طريقها. لهذا، تُرفع هذى الرسالةُ إلى معاليكم لا بصوت الشكوى، بل بصوت الثقة فى عدل القائد والأب، الذى علّم أبناءه أن الانضباط لا ينفصل عن الرحمة، وأن القيادة الحقيقية تبدأ من القلب قبل المكتب.
العدالة، فى جوهرها، ليست قرارًا إداريًا، بل إيقاعٌ منضبط تدوزن به الدولة تناغمها وموسيقاها على إيقاع الحق والخير والجمال. وحين تُنصف القيادة أبناءها، فإنها تُعيد الانسجام إلى الجسد كله. إن مناشدة «مريم» ليست مطلبًا فرديًا، بل مرآة تعكسُ أن «الإنسان» ما زال فى قلب معادلة التطوير، وأن «الجمهورية الجديدة» التى أرساها الرئيسُ «السيسي» تُبنى على هذا المبدأ: أن الضوءَ لا يُطفأ، والكفاءاتِ لا تُنسى، ما دام هناك قادةٌ حكماء يعرفون قيمتها. أكتبُ لكم هذه المناشدة، لا كصديقة لمريم، بل بقلبِ كاتبة تعرف أن الإنصافَ أحد وجوه القيادة المشرقة.",Society,Real,95%,Factual reporting with strong sentiment and named entities,REAL
,https://www.almasryalyoum.com/news/details/3593730,masrielyoum,"زيارة الرئيس الإريترى أسياس أفورقى لمصر في ٣٠ أكتوبر ٢٠٢٥، تمت في أعقاب تهديد آبى أحمد رئيس وزراء إثيوبيا في ٢٨ أكتوبر بأن «إثيوبيا فقدت منفذها البحرى قاصدًا ميناء عصب الإريترى- بقرار لم يصدر بموافقة الشعب ولا عُرض على ممثليه، كما لا توجد وثائق رسمية تُثبت هوية الجهة التي اتخذته، ما يجعل القرار غير قانونى»، وشدد على أن وصول إثيوبيا إلى البحر «حتمية وجودية لن تستغرق سنوات.. إثيوبيا لن تبقى دولة حبيسة بعد الآن».. إريتريا اعتبرت ذلك «مؤامرة خارجية» واعتداءً صارخًا على سيادتها، وأكدت تصميمها على حماية وحدتها والدفاع عن مصالح شعبها.
مقالات متعلقة
من يسعى لاستمرار حرائق الإقليم؟!
مصر والسعودية.. وإعادة ترتيب توازنات الإقليم
تنفيذ صفقة الغاز الكبرى رغمًا عن «نتنياهو»
الجيش الإثيوبى نشر بوست على موقعه الرسمى في «فيسبوك» أكد استعداده «لدفع أي ثمن لاستعادة الميناء»، والخارجية الإثيوبية أبلغت الأمين العام للأمم المتحدة بأن إريتريا تمول وتحشد وتوجه ميليشيا «فانو» المتمردة التابعة لقومية الأمهرة والجبهة الشعبية لتحرير تيجراى لتأجيج العنف شمال البلاد، وحذرت من أنها ستضطر للرد إذا استمر هذا الوضع.. إريتريا وصفت الادعاء الإثيوبى بأنه «تدليس في أبشع صوره»، واتهمت إثيوبيا بأنها لا تكف عن «التهديد بالحرب بتهور واستفزازية».
السياسى الأورومى المعارض «جوهر محمد» وصف أسلوب آبى أحمد لتأمين منفذ بحرى، بالعشوائية وافتقار الرؤية الاستراتيجية، وسوء تقدير التوقيت والإمكانات؛ فدعمه للميليشيات السودانية فتح أبواب التدخل الإقليمى على مصراعيه وأخل بأمن المنطقة، وتوقيع اتفاق المنفذ مع صوماليلاند استنفر الوجود العسكرى التركى في الصومال، وجلب إليه زخم القوة العسكرية المصرية، آبى أحمد أضاع العرض الجيبوتى باستخدام طويل لميناء «تاجورا»، فاستأجرته السعودية، وتهديده بحرب ضد إريتريا يعتبر أداة سياسية لصرف الأنظار عن الأزمات الاقتصادية والأمنية الداخلية، ودعم شرعيته المتآكلة.
  
الأزمة ليست وليدة الساعة، ولا تتعلق بعلاقات الدولتين بقدر ما تخص القرن الإفريقى ككل، فالولايات المتحدة خلال العقد الماضى كانت تسعى لإعادة هندسة توازنات القوى بالإقليم، بحيث تعتمد على إثيوبيا كقوة رئيسية، لكن نشوب حرب تيجراى «٢٠٢٠/٢٠٢٢» استنزف قدراتها، فاستعانت بإريتريا التي سيطرت على الموقف ما أجبر الجبهة على بدء مباحثات وقف الحرب، لكن أديس أبابا استبعدت أسمرة كشريك مفاوض، وهو ما اعتبرته إريتريا نكسة استراتيجية حرمتها من أي مكاسب مقابل مشاركتها.
التوتر بين البلدين تصاعد تدريجيًا، والجناح الأقوى من جبهة تحرير تيجراى استمر في خصومته مع آبى أحمد وتقارب مع أسمرة، كما تمردت عرقيتا الأمهرة والأورومو، ما كشف عن هشاشة النظام الفيدرالى واستحالة الاعتماد على إثيوبيا كمرتكز للسياسة الأمريكية في المنطقة، لذلك بعدما كانت قيادة قوات «أفريكوم» تعتمدها كمركز لأنشطتها قامت باستبعادها، خاصة بعد تحريضها لميليشيات الدعم السريع على التمرد في السودان، وأصبحت مهددة بالانزلاق إلى حرب مع إريتريا في الشرق وتجراى في الشمال، والصدام مع متمردى فانو والأورومو الذين يزحفون نحو أديس أبابا.
  
توقيع مصر اتفاقات دفاع مشترك مع إريتريا في سبتمبر ٢٠٢٣، ومع الصومال في يناير ٢٠٢٤، واتفاق تعاون استراتيجى مع الصومال وإريتريا في أكتوبر ٢٠٢٤، وزخم تواجدها العسكرى في القرن الإفريقى، أربك الحسابات الإثيوبية، خاصة بعد أن تصورت نجاح تمرد الميليشيات بالسودان، وأن تمكنها من فرض رؤيتها في قضية سد النهضة قد حسم التنافس على قيادة الإقليم لصالحها، لكنها فوجئت بنجاح مصر في تطويقها، وأنها أصبحت ضامنا لأمن ووحدة أراضى الصومال، وضد محاولات إنشاء كيانات موازية بالسودان، وداعمة لسيادة إريتريا وسلامة أراضيها، وتتصدى لمحاولات تواجد أي دولة غير مشاطئة على سواحل البحر الأحمر، وتتعامل مع ذلك باعتباره تهديدا أمنيا.
والحقيقة أنه لا يمكن قراءة الأزمة بين إثيوبيا وإريتريا بشأن ميناء «عصب» بمعزل عن البحر الأحمر، الذي أصبح أكثر الممرات البحرية تنافسًا بين القوى الإقليمية، باعتباره امتدادًا لأمنها القومى.. متابعتنا الجيدة تضمن مساندة إريتريا، وتحول دون استجابتها للضغوط الإثيوبية للحصول على منفذ بحرى، بما يتعارض ورؤية مصر لأمن البحر الأحمر.
  
رغم مظاهر التصعيد، وبعض الملاسنات والاحتكاكات، إلا أن إعلان الحرب أمر مستبعد، فالقرن الإفريقى يعانى أزمات أمنية عميقة في الصومال وفى السودان وداخل إثيوبيا ولا يحتمل بؤرة صدام جديدة بهذا الحجم، قد تؤدى إلى انهيار منظومة الأمن الإقليمى، وتحويل المنطقة إلى بؤرة للجريمة المنظمة وعدم الاستقرار تمتد آثارها إلى البحر الأحمر والمحيط الهندى، ويرجح ذلك اقتران رسائل التهديد والردع التي يوجهها آبى أحمد للخارج بخصوص «عصب» دائما بالتهدئة، ونفى أي نية لخوض حرب مباشرة مع إريتريا، وذلك لطمأنة الداخل القَلِق من نشوب حرب بتداعياتها على الاقتصاد المنهار، الذي لا يحتمل تبعات الحرب، إضافة إلى تمرد الأقليات وموقف قومية العفر التي تتوزع بين إثيوبيا وإريتريا وجيبوتى ويقع «عصب» داخل إقليمها، وأغلبيتها تخشى من أن الانزلاق نحو حلم التوحيد قد ينتهى بحرب تتخذ من أراضيهم ساحة للمعارك ومن أبنائهم وقودا لها.",Politics,Real,95%,Factual reporting with strong named entities and logical coherence,REAL
,https://www.almasryalyoum.com/news/details/3593710,masrielyoum,"تزايدت الشكاوى فى مصر مؤخرا من التغيرات المفاجئة فى بعض السياسات الاقتصادية، مثل الزيادة الأخيرة فى أسعار الوقود، والنكوص عن بعض التعهدات، مثل استرجاع بعض الأصول المملوكة للأفراد رغم حوزتهم صكوك ملكية رسمية، وتطبيق بعض القواعد المستحدثة بأثر رجعى، مثل إعادة تثمين الأراضى، ومطالبة الملاك الجدد بفروق الأسعار. الفصل فى هذه الشكاوى ليس أمرا هينا، حيث إن الدولة لديها من المعلومات ما ليس لدى الأفراد، وأن الصالح العام يتطلب أحيانا مراجعة بعض القرارات القديمة، وهذا ليس بيت القصيد فى هذا المقال. المقال معنى بمدلول هذه القرارات مجتمعة من زاوية تأثيرها على مصداقية وعود الحكومة، وبالتالى مسار التنمية الاقتصادية.
مقالات متعلقة
ترشيد غير رشيد للأسعار
ثلاثة كتب جديرة بالقراءة
هل تصندقت مصر حقا؟
وبشكل أكثر تحديدا، سوف أحاول الإجابة عن ثلاثة أسئلة: أولها، هل تلعب مصداقية الحكومات حقا دورا كبيرا فى مسارات التنمية الاقتصادية؟ ثانيها، كيف للدول أن تكتسب هذه المصداقية؟ وأخيرا، ما الذى يمكن قوله فى هذا الشأن بالنسبة للحالة المصرية؟
بالنسبة للسؤال الأول: لا شك أن مصداقية الدول، بمعنى سمعتها فى الوفاء بالوعود التى تقطعها على نفسها، مسألة فى غاية الأهمية لكل المشاركين فى النشاط الاقتصادى، سواء كانوا مستثمرين، أو مصدرين، أو مستوردين، أو عمالا، أو مستهلكين. بالنسبة للمستثمرين، من المعروف أن قرار الاستثمار يؤخذ اليوم، لكن ثماره لا تتحقق إلا بعد سنوات طويلة. أما قرار التصدير أو البيع فى السوق المحلية، فأساسه توقعات العاملين فى هذين المجالين لما يمكن أن يحدث فى الأسواق المحلية والعالمية، وبدرجة أكثر أهمية سعر صرف العملة المحلية. ولا يختلف الأمر بالنسبة للعامل، فموافقته على توقيع عقد عمل اليوم بقيمة إسمية معقولة قد لا يكون مقبولا إذا كان من المتوقع أن تتفوق معدلات التضخم المستقبلية عن معدلات الزيادة فى الدخل. وأخيرا، بالنسبة للمستهلك، من منا من قرر تأجيل شراء سلع معمرة، أو أصل عقارى، بناء على ما توقعناه من خطط حكومية فى مجالات التعمير والبنية الأساسية؟ التوقعات تلعب دورا حاكما فى كل القرارات الاقتصادية، ومن هنا تبرز أهمية احترام الحكومات للوعود التى تقطعها على نفسها.
ما الذى يكسب الدول مصداقية فى وعودها؟ الإجابة ببساطة شديدة مرتبطة بمدى التزام الحكومات بوعودها على مدى زمنى طويل نسبيا، ومرتبطة أيضا بمدى شفافية أسلوب اتخاذ أى قرارات مخالفة لما وعدت به مسبقا، ومرتبطة أخيرا بنجاحها فى إقناع الأغلبية بأن التغيير المستحدث يحقق الصالح العام، دون استثناءات تزعزع الثقة. استيفاء هذه الشروط ليس أمرا سهلا، ومحور ارتكازه أن يكون النظام السياسى منفتحا بشكل يسمح بمشاركة كل الأطراف الفاعلة فيما يتخذ من قرارات، ومساءلة القائمين على تطبيقها. وإذا كان ذلك غير ممكن فى مرحلة معينة، فليس أمام الحكومات إلا أن تلجأ لضمانات من الخارج، ومنها إبرام اتفاقات مع مؤسسات دولية، مثل صندوق النقد الدولى، أو الموافقة على بند فض المنازعات عن طريق لجان تحكيم دولية، كما يحدث فى مشروعات الشراكة مع القطاع الخاص أحيانا، أو إبرام اتفاقات مع دول أخرى، مثل الاتفاقات الإقليمية للتجارة الحرة. هناك توافق بين الكثير من الاقتصاديين على أن الحل الأول هو الأكثر فاعلية فى بناء جسور الثقة، وقد اتجهت نحوه الكثير من دول أمريكا اللاتينية فى العقدين الأخيرين. فى الحالات التى لم يتم فيها هذا التحول، من الممكن أن تعتمد الدول مرحليا على البديل الثانى، أى بديل الالتزامات الدولية، بشرط التأكد من أن أى التزامات تقطعها الدولة على نفسها لن تسبب إضرارا بمصالحها فى المستقبل.
وأخيرا، ماذا عن الحالة المصرية؟ لا شك أننا مازلنا فى مرحلة لا تسمح بدرجة كافية من المساءلة عما يتم اتخاذه من قرارات، ومازال الاعتماد على اكتساب المصداقية مرهون بالاتفاق مع بعض المؤسسات الدولية، مثل صندوق النقد الدولى، وهذا ما يسمى شهادة جدارة، ومازال الاعتماد على إدراج بند اللجوء للمحاكم الدولية لفض النزاعات معمول به فى بعض العقود، خاصة مع الشركاء الأجانب، رغم أن التجربة أثبتت أن ذلك مكلف للغاية. ما يبعث على القلق أن بعض القرارات الحكومية فى الآونة الأخيرة، مثل تلك التى تم ذكرها فى المقدمة، من الممكن اعتبارها مناوئة لفكرة تعزيز المصداقية. البديل الأكثر فائدة أن تلتزم الحكومة بشكل دائم بالوعود التى تقطعها على نفسها، وأن تحترم الوعود التى تعهدت بها الحكومات السابقة، وألا تتخذ أى قرارات بأثر رجعى، وفى كل الأحوال، التأكد من مناقشة أى قرارات مستجدة مع من يهمهم الأمر قبل اتخاذها.
تلخيصا لما سبق، ليس هناك شك فى أهمية مناقشة ما تتخذه الحكومة من قرارات، مثل زيادة أسعار المحروقات، أو انتزاع الملكية لتحقيق الصالح العام، أو إعادة تسعير الأراضى بأثر رجعى. لكن القضية التى يجب أن تحظى بقدر أكبر من الاهتمام هى تلك المتعلقة بمصداقية الوعود المستقبلية. المستقبل يتم تشكيله الآن، وعدم اليقين قد يعنى التضحية بهذا المستقبل.",Economy,Real,95%,Factual reporting with strong logical coherence and consistent tone,REAL
,https://www.almasryalyoum.com/news/details/3593727,masrielyoum,"كان من المتوقع أن يثير افتتاح المتحف الكبير بطابعه الرمزى كثيرًا من المناقشات والتجاذب بين، ما لا يمكن توصيفه كتيارات، لكن كمؤثرين لهم آراء، حول قضايا الهوية والوطنية والانتماء الثقافى. وبأهمية الحدث ومستوى تأثيره كانت تحتدم المواقف وتزيد حديتها. مثله مثل قضايا سابقة، يكشف الحدث المشكلة المفصلية المتعلقة بالهوية الوطنية فى مصر بين المدارس الأيديولوجية المتعارف عليها فى مصر.
مقالات متعلقة
الإسلام السياسي ولاهوت التحرير
الصراع الأصولي مع الموالد
حول «سذاجة» جمال عبدالناصر!
التيار الإسلامى يطرح الهوية فى صيغة تناحرية واضحة، حيث الهوية الدينية تطغى على أى شىء آخر. وبين أنصار المدنية هناك انقسام حول مدى تقديرهم لقضية الهوية والتناقض بين الانحياز التاريخى على أسس دينية أو على أسس وطنية. وبالتأكيد هناك التيار النشط على وسائل التواصل وهو «الكيميتية» بالتسمية الدارجة، وهو تعبير راهن عن تيار مصرية «مصر» التاريخى لكن فى صورة رقمية فقط حتى الآن. وهذه الكيميتية يطالها بعض النقد أنها مجرد تيار ماضوى، مثلها مثل كل تيار يستند إلى الهوية.
هناك بُعد مهم لهذا النقاش يجب إضافته من وجهة نظرى، وهو البُعد الخاص باستدعاء الماضى. فنحن أمام موقفين لاستدعاء الماضى، موقف يستدعى العصر الوسيط الإسلامى، وموقف آخر يستدعى العصر القديم السابق عليه. وبين هؤلاء يتأرجح الجميع، حتى من يدعون رفضهم لأى استدعاء، والتركيز على الراهن حصرًا، وهو موقف منتقص لأن استدعاء الماضى هو تركيب مهم فى صياغة الخطاب والبنية الأيديولوجية لأى مشروع وطنى، بالأخص فى حالة مصر التى لم تلتحق بعد بالمجتمعات المتقدمة. الماضى له دور مركزى لإضفاء الشرعية التاريخية وبناء الهوية الجمعية الوطنية. من خلال انتقاء وإعادة تفسير الأحداث التاريخية والرموز الثقافية، يوفر الخطاب إطارًا لفهم حاضر أى جماعة عبر سرديتها عن تاريخها الذاتى.
فى مسيرة تشكل الدول الحديثة، على نمط الدولة/الأمة، كان استدعاء حقبة تاريخية على حساب أخرى قاسمًا مشتركًا فى كل التجارب. خلال المرحلة النهضوية فى أوروبا، شكل استدعاء النماذج التاريخية مكونًا جوهريًا فى إعادة بناء الفكر والثقافة والسياسة. لم تتجه النهضة إلى الماضى المسيحى الذى ارتبط بالجمود الدينى، لكنها بالعكس استدعت التراث الإغريقى والرومانى فى مواجهة الماضى المسيحى اللاحق، مستحضرة الفلاسفة، والمفكرين والسياسيين القدامى. كان الاستدعاء تأصيلًا لأطر معرفية ومعيارية تساعد على إعادة تنظيم المجتمع وفق قيم الحداثة والتحديث.
الاستدعاء النهضوى للنماذج التاريخية اتسم أيضًا بكونه انتقائيًا وتفسيريًا، حيث تم اختيار الشخصيات والأحداث والأفكار التى تتوافق مع أهداف التغيير السياسى والثقافى، بينما قيدت أو تجاهلت ما يخالف هذه الأهداف. بهذا الشكل أصبح الماضى أداة وظيفية لبناء الحداثة. فى تجربة تركيا الحديثة، وهى مثال من أمثلة كثيرة، شكل استدعاء الماضى أداة مركزية فى مشروع بناء الدولة القومية الحديثة. ركز خطاب كمال أتاتورك وحزبه على التراث التركى قبل العثمانى، مع استبعاد الرموز الدينية والسياسية العثمانية التى كانت قد تحد من مسار التحديث العلمانى لتقديم نموذج تاريخى يربط بين الأمة التركية والحضارة الحديثة.
الفرق جوهرى بين الاستدعاء النهضوى والاستدعاء الرجعى. فالأول لا يسعى إلى إعادة إنتاج الماضى كما هو، إنما يهدف إلى استلهام الجوانب الحية والديناميكية فيه فى مواجهة التقديس الماضوى. أما الاستدعاء الرجعى فيقوم على التمسك بالماضى نفسه، مع محاولة إحيائه دون التفاعل مع متغيرات الحاضر أو استثمار العناصر الحية فيه.
على هذه الأرضية نفكر فى الظاهرة المسماة «الكيميتية»، هل يريد مروجوها مجرد الاستدعاء الماضوى لماض متخيل تخيلًا كاملًا، أم تساهم فى تشكيل الهوية على أسس وطنية جامعة؟ الفكرة الوطنية المستندة إلى الحضارة المصرية القديمة تصبح مفيدة فى حال وُجهت لبناء دولة مدنية ديمقراطية حديثة، تقوم على المواطنة والحرية والمساواة، وتأتى لتجاوز الانتماءات المذهبية والطائفية والقبلية، أما إذا أتت لتبرير نزوع طبقى أو استبدادى أو انعزالى، أى أن تسعى لاستحضار جوانب ميتة من العصر المصرى القديم، حينها يكون قد أضيف تيار رجعى محافظ جديد فى ساحة سياسية تهيمن عليها الأصولية بأنواعها. هذا النقاش كله يُبطل، أو يُهمش، حين يطل علينا البعض، بالأخص اليساريين، الذين يريدون تجاهل قضية الهوية تجاهلًا تامًا، وهذا النهج فى حقيقته هو الاستنتاج المكثف لفشل تيار اليسار أمام التيارات الأيديولوجية الأخرى، حين يتم التركيز على قضايا المعيشة مع تجاهل لما يدور فى أدمغة الناس، فتهزم الثقافة القضايا المعيشية، ونجد الشغيلة والمهمشين مشغولين بالرموز والهويات والتناحر الثقافى، لتُحسم المعركة الاجتماعية من خارجها مثلما حدث فى السبعينيات.",Religion and Belief,Real,88%,Named entities (Islamic political figures,REAL
,https://www.almasryalyoum.com/news/details/3593829,masrielyoum,"لا أعرف إن كان عنوان المقال دقيقًا فعلًا بأن اليمين- وأقصد اليمين الأمريكى هنا- فى ورطة بعد انتخاب زهران ممدانى الاشتراكى الديمقراطى المسلم عمدة لنيويورك، أم أن ترامب هو القابع فى هذه الورطة!، لأن فوز ممدانى بالمنصب لم يكن مجرد تحول إدارى فى أكبر مدن أمريكا، بل هى لحظة سياسية، أظهرت حدود قدرات اليمين الأمريكى فى خطاب التخويف والهوية، وهو أمر يمارسه ترامب بشكل كبير.
مقالات متعلقة
الجامعة الأمريكية بين حرية الحوار والاتهام بالتطبيع (٢)
المتحف الكبير.. حدث يتجاوز الافتتاح (٢-٢)
عن أي شرق أوسط جديد يتحدثون؟ (2-2)
لمن لا يعرف، فإن الحزب الجمهورى بقيادة ترامب وحركة (إعادة أمريكا عظيمة مرة أخرى) قادوا حملة طويلة عريضة ضد ممدانى فى الانتخابات، هذه الحملة شملت اتهامات تراوحت بين وصفه بـ«الشيوعى» مرة و«الجهادى الإسلامى» مرة أخرى، التقارير أشارت بوضوح إلى أن الهجمات التى قادتها شبكات يمينية ووجوه بارزة فى الحزب الجمهورى، جاءت بنتائج عكسية، إذ رسخت صورة ممدانى كضحية استهداف أيديولوجى، لا كتحدٍّ للنظام العام.
الحقيقة المرة التى استيقظوا جميعاً عليها أن (الترامبيين) خسروا فعاليتهم فى المدن الكبرى ذات الوعى السياسى المتقدم والتركيب الاجتماعى المتنوع. لقد بنى ممدانى حملته على خطاب واضح ومباشر يتعلق بتكلفة المعيشة، الإسكان، النقل العام، والمساواة الاقتصادية، وهى قضايا تشغل سكان نيويورك يوميًا. الناخبون لم يروا فى الرجل تهديدًا كما أراد اليمين تصويره، بل سياسيًا تقدميًا يتحدث عن مشاكلهم الواقعية. الأمر الأهم أن هذه الانتخابات جاءت بعد تغير ملحوظ فى المزاج الشعبى تجاه السياسة الخارجية، خصوصًا الحرب على غزة. بعض استطلاعات الرأى الصادرة عن مراكز بحثية أمريكية أشارت إلى انتقال ملحوظ فى مواقف الأمريكيين الشباب والمتعلمين الحضريين نحو تعاطف أكبر مع الفلسطينيين ورفض سياسات العقاب الجماعى التى تمارسها إسرائيل، وتدعمها بلادهم.
هذا السياق لعب دورًا غير مباشر فى إضعاف الخطاب اليمينى الذى حاول شيطنة ممدانى من مدخل الهوية والدين. فعندما يطالب نواب جمهوريون بطرده من الولايات المتحدة أو سحب جنسيته بناءً على مواقفه السياسية فقط، كما حدث فعلاً، فإنهم يقدمون أنفسهم للرأى العام بوصفهم خصومًا للحرية. وهذا خطاب لا ينسجم مع مدينة مثل نيويورك، التى ترى نفسها عاصمة التنوع والتعددية.
من هنا، تبدو أزمة اليمين أعمق من مجرد خسارة منصب. كما يبدو أن الخطاب الترامبى لم يعد قادرًا على تقديم رؤية مقنعة. هذه الكتلة - كما نعهد اليمين عموما- تعتمد على إثارة الخوف من الآخر، لا على معالجة جذور الأزمة، وفى مدينة مثل نيويورك، حيث يعيش ملايين الشباب المتعلمين المثقلين بالمشكلات، هذا الخطاب أصبح بلا أثر.
أرى أن اليمين فعلاً هو الذى فى ورطة، لأنه لو أدار الأزمات بنفس الطريقة، فإنه سوف يتجه إلى عزلة سياسية، ليس فى أمريكا فقط، بل فى العالم. وشيئًا فشيئًا، تتحول الخريطة الانتخابية (العالمية) نحو صراع بين كتلتين: كتلة حضرية متقدمة وكتلة محافظة توجه خطابها نحو التخويف والكراهية. فوز ممدانى بمنصب عمدة نيويورك، يجعل هذا الحدث أقرب مما نتخيل.",Politics,Real,95%,Lexical richness: The article employs sophisticated political terminology and nuanced arguments. Sentiment exaggeration: While critical of the right,REAL
,https://www.almasryalyoum.com/news/details/3593421,masrielyoum,"يقول العالم الشهير المُتخصص في تاريخ الأديان مرسيا إلياد: «إن لكل ديانة مركزًا وتصورًا مركزيًا يُلهم ويُحرك مجموع متن أساطيرها وطقوسها وعقائدها. وأن هذا واقع بديهي في ديانات كاليهودية والمسيحية والإسلام، رغم ما أحدثته التعديلات المُدخلة عليها عبر الزمن من تشويش في شكلها الأصلي».
مقالات متعلقة
العنف في المجتمع المصري
كتاب حياة أبي وأبناء جيله
أبٌ مؤسّس أم زعيم مُخلص؟
وانطلاقًا من رأي مرسيا إلياد يُمكن القول إن التصور المركزي في الديانة المصرية القديمة، الذي ظل ثابتًا في متن أساطيرها وعقائدها على اختلاف مدارسها اللاهوتية ومراحل تطورها، هو تصور لإله واحد خالق للعالم والإنسان، يتسم بالقدم والأزلية والأبدية. ولا يخضع لمقولات الزمان والمكان، لأنه قوة خارج الزمان والمكان مع فاعليته التامة فيهما. كما لا يمكن إضفاء صفات وسلوكيات إنسانية عليه، لأنه أسمى من العالم والبشر.
وقد عكس هذا التصور المركزي للإله في الديانة المصرية القديمة صورة لرب متسام ذى وجود مستقل، وهو في ذاته الحقيقة المطلقة القديمة غير الحادثة عن غيرها. وتلك الحقيقة المطلقة، هي التي خلقت ونظمت الوجود الحادث، الذي نسميه العالم الواقعي.
مع ضرورة أن نضع في اعتبارنا أن إيمان المصريين القدماء بفكرة الإله الواحد الذي هو مصدر الخلق والحياة، لم يمنعهم من الإيمان بوجود آلهة أخرى ثانوية تتساوى مع البشر في أنها من خلق الإله الواحد المركزي، وهي- في ظني- آلهة وظيفية، ورموز تتجلى فيها صفات وفاعلية الإله الواحد، لتقريب حضوره ودوره وفاعليته للأذهان.
وهذا يعني أن تعدد الآلهة الذي لا يمكن إنكاره في الديانة المصرية القديمة كان تعددًا ظاهريًا، يُخفي في باطنه جوهًرا توحيديًا راسخًا، وفكرة عن ألوهية خفية متفردة بالسمو والقدرة والفاعلية. وهذا هو الرأي الذي انتهى إليه عالم المصريات الفرنسي (عمانويل دي روجيه) الذي روج للفكرة القائلة إن الديانة المصرية كانت ديانة توحيدية، وقال: «إن أساسها الثابت المتسامي كان في وحدة الكائن الأسمى، وأبديته، وقدرته الكلية التي لم تنهزم أبدًا أمام الإيمان بآلهة متعددة وعبادتها».
وقد أخذ هذا الإله المركزي الواحد الخالق في مصر القديمة أسماء متعددة تبعًا لمدارس اللاهوت المصرية القديمة المختلفة؛ فهو «آتوم» في لاهوت مدينة «أون» أو مدينة الشمس هليوبوليس. وهو الإله «بتاح» في اللاهوت المنفي، نسبة إلى منف (ممفيس) عاصمة مصر الموحدة. وهو في النهاية الإله «آمون» في اللاهوت الوستي، نسبة إلى مدينة «واست» القديمة، الأقصر حاليًا.
ويؤكد هذا الرأي معرفتنا أن الإله آمون الذي أصبح الإله الخالق بداية من الأسرة المصرية الحادية عشرة، والذي عُبد في الدولة الحديثة بوصفه إله الدولة الرسمي والروح القدس التي جاءت قبل الزمان، كان اسمه يعني في اللغة المصرية القديمة «الإله الخفي»، أي المفارق للعالم البعيد السامي الذي لا يُرى.
والإله الواحد (آمون) وفقًا لهذا التصور التنزيهي- الذي يُذكرنا بصورة الله وصفاته في الأديان التوحيدية– لا تُدركه الأبصار، ويسمو بوجوده وذاته بعيدًا عن وسائل البحث والإدراك البشري؛ ولهذا قال عنه كاتب النص المصري القديم الشهير «إنشودة آمون» ليُثبت توحيده وتفرده وسموه عن البشر والآلهة الصغرى الوظيفية: إنه خفي عن الآلهة لا يعرف المرء مظهره/ إنه أبعد من السماء، إنه أعمق من الجحيم/ إن أي إله لا يُعرف شكله الحقيقي/ إن صورته لا تُبسط في بطن الكتب/ ليس لدى المرء عنه أي شهادة تبلغ الكمال/ إنه بالغ الكمال حتى أن مجده لا يتكشف/ إنه أكبر من أن يُفحص وأكبر من أنه يُعرف/ إن المرء ليسقط في الحال ميتًا من الرعب/ إذا تلفظ باسمه الخفي الذي لا يستطيع أحد معرفته.
وفصل المقال، إن الذين يُهاجمون من منطلق ديني الحضارة المصرية، ويتهمونها بالوثنية، ويدعوننا للتبرؤ من فرعون وجنده، ويمنعون الثناء عليها وتعظيمها والعناية بميراثها الحضاري المادي والمعنوي، هم مجموعة من ضيقي الأفق وجياع العقول، الذين يجهلون قيمة هذه الحضارة في تاريخ الإنسانية، ويجهلون ميراثها الديني والأخلاقي والفكري الذي صنع مجدها.
وكم أتمنى بمناسبة افتتاح المتحف المصري الكبير، وبعد رؤية مقدار احتفاء العالم بآثار مصر القديمة ورموزها، أن يعرف المصريون قيمة التاريخ الذي يحملونه على ظهورهم، وثراء جيناتهم الثقافية والحضارية، وخصوصية المجتمع المصري الذي يتسم بالتواصل الثقافي والتعددية والتسامح الديني والانفتاح على الآخر، ثم يسعون بإخلاص إلى ربط الماضي بالحاضر وصنع مستقبل يليق بتاريخ مصر ومكانتها ورسالتها الحضارية في المنطقة والعالم.",Religion and Belief,Real,95%,Factual reporting with verifiable named entities and a formal news tone,REAL
,https://www.almasryalyoum.com/news/details/3593432,masrielyoum,"كانت ليلة جميلة من الليالي القليلة التي تشعر فيها بنشوة وشغف لأن تكمل ما آمنت به وبدا أنه مستحيل.
مقالات متعلقة
متبرعون ورعاة
«100 سنة روزا»
فتنة زارا والغضب الأعور
بالنسبة لي لم يكن فوز زهران ممدانى بمنصب عمدة نيويورك انتصارًا للإسلام لأنه مسلم، أو انتصارًا للقضية الفلسطينية لأنه وقف ضد الهمجية الصهيونية ورفض حرب الإبادة رغم أهميته.. ولكن فوز زهران اليسارى بوضوح تام صاحب الرؤى والبرامج الاشتراكية في قلب عاصمة الرأسمالية المتوحشة في أمريكا. زهران أسقط مرشح وول ستريت وشركات المليارديرات.
وفوز يسارى في نيوريورك أهم وأخطر من فوز مسلم، وأظن أن ما طرحه ممدانى من أفكار ورؤى وفضحه الممارسات الرأسمالية التي عانت منها الطبقة المتوسطة والعمال هو ما ركز عليه الناخب بحيث أصبحت الديانة مجرد اختيار أو مكون خارج الحسبة.
قبل ماراثون الانتخابات في نيوريوك بيوم كنت أشاهد فيلما وثائقيا عن جيف بيزوس مالك ومؤسس أمازون، الشركة الأمريكية العملاقة. ويمكن لما كشف عنه هذا الفيلم الوثائقى الممتع أن يجيب عن سؤال: لماذا تمكن اليسارى المهاجر زهران من حسم معركه منصب عمدة نيويورك؟
يكشف الفيلم عن الوجه القبيح المستغل الحقير القاسى للاحتكار والشركات العملاقة، وأن وراء الوجه اللامع لأمازون قصة استغلال وقتل لآلاف الشركات الصغيرة والعمال.
كانت أمازون تحصل على 34% من ربح الشركات الوسيطة والصغيرة التي تتعامل معها. وهو ما دفع أحد شركاء جيف بيزوس للمقارنة بين أمازون وتجارة الحشيش. وكان مجرد الاعتراض على زيادة الرسوم من قبل أمازون يعنى نفى المعترضين وعقابهم وخراب بيوتهم. أما الأوضاع العمالية في شركات أمازون فكارثية خلال جائحة كورونا.. فقد تزايد الطلب على خدمات أمازون في ظل الإغلاق، وحققت أمازون أرباحًا 12 مليارًا شهريًا حول العالم خلال ذروة الأزمة، ولكن أوضاع العمال كانت كارثية لضغط العمل عليهم، ولكن الشركة كانت تكتفى بطرد من يمرض أو يعجز عن متابعة العمل الشاق جدًا، واستبداله بعمال آخرين.
وليس من قبيل المصادفة أن تشهد نيويورك تشكيل أول نقابة عمالية للعاملين بإحدى مناطق أو مستودعات أمازون. ما يخبرنا به الفيلم أنه لا يمكن أن تربح شركة أو رجل 200 مليار دولار أو 400 أو حتى 100 بذكاء رجل الأعمال فقط أو عبقريته.
يتقاطع فيلم جيف بيزوس مع وثائقى آخر عن بيل جيتس ملياردير ميكروسوفت في عدة نقاط رئيسية.
فبداية بيل جيتس كانت لامعة، شاب ذكى يملك فكرة عظيمة ويعمل بشغف، ولكن سرعان ما تسيطر عليه القسوة والممارسات الاحتكارية لابتلاع السوق وإجبار المواطن على شراء منتجه فقط، وخراب بيوت المنافسين للوصول إلى قائمة أغنى الأغنياء.
خطاب ممدانى الانتخابى كان رفضًا لما روجت له الرأسمالية على أنه بديهيات من حرمان العمال من نصيب في مليارات مكدسة لدى القلة، وحرمان الطبقة المتوسطة من أبسط الحقوق في الصحة والعلاج والحصول على بعض ثمار المكاسب الهائلة للاقتصاد الأمريكى.
نجاح زهران ممدانى هو رسالة أو جرس إنذار للرأسمالية المتطرفة في كل أنحاء العالم بحسب تحليلات في الصحف الأمريكية.
ولذلك سوف يواجه زهران ممدانى حربًا شرسة من تكتلات الشركات الكبرى، وقد أعلن ترامب في محاوله للتأثير على النتيجة أنه سيعاقب نيويورك إذا فاز ممدانى، واعتبر ترامب أن يهود نيويورك الذين سيمنحون أصواتهم لممدانى أغبياء.
من البديهي أن يستخدم رأس المال ورقة الدين، وأن يذكى التطرف ويشعل الفتنة. فلا شىء يشغل الناس عن حقوقهم في الدنيا سوى الجهاد من أجل الآخرة.
ولنفس السبب لم يقف الدين عقبة أمام ممدانى في انتخابات نيويورك لأن خطابه كان أهم، ولأن الأمريكان تعبوا وملوا من فكرة إلقاء الفتات للشعب الأمريكى رغم أنه شريك أساسى في تراكم الثروات، سواء لعامل أو موظف من الطبقة المتوسطة. وفي الوقت الذي تتزايد فيه ثروات أصحاب المليارات يحاولون إقناع المواطن أن دعم الصحة والتعليم خطيئة وأن الفقر قضاء وقدر.
وهذا ما رفضه خطاب ممدانى ورفضه أهل نيويورك في أهم وأخطر انتخابات عمدة أمريكانى.",Economy,Real,95%,Factual reporting with strong economic analysis and named entities,REAL
,https://www.almasryalyoum.com/news/details/3594173,masrielyoum,"يفتقد الفريق الكروي بنادي بيراميدز عدة غيابات مؤثرة خلال مواجهة الزمالك مساء الليلة في نصف نهائي كأس السوبر المصري.
أخبار متعلقة
صداع في رأس عبدالرؤوف.. إصابة نجم الفريق تربك حسابات الزمالك أمام بيراميدز
تشكيل الزمالك ضد بيراميدز المتوقع في السوبر المصري
مواعيد مباريات الخميس والقنوات الناقلة.. الأهلي ضد سيراميكا والزمالك يواجه بيراميدز
ومن المقرر أن يواجه بيراميدز نظيره الزمالك مساء اليوم الخميس في تمام الساعة السابعة بتوقيت القاهرة والتاسعة بتوقيت أبوظبي في نصف نهائي السوبر المصري على ملعب الوحدة باستاد ال نهيان.
ويفتقد بيراميدز بقيادة مدربه الفني الكرواتي كرونسلاف يورتشيتش، خدمات عدة لاعبين بشكل نهائي بسبب الإصابة وأبرزهم رمضان صبحي ومصطفي فتحي.
بلاتي توريه (إصابة)، رمضان صبحي (إصابة)، أسامة جلال (إصابة)، مصطفى فتحي (إصابة)، يوسف أوباما (إصابة).
حراسة المرمى: محمد صبحي
خط الدفاع: حسام عبدالمجيد، محمد إسماعيل، عمر جابر، أحمد فتوح
خط الوسط: أحمد ربيع، محمد شحاته، عبدالله السعيد
خط الهجوم: شيكو بانزا، سيف الجزائر، ناصر ماهر.
حراسة المرمى: أحمد الشناوي.
خط الدفاع: محمد الشيبي- أحمد سامي- محمود مرعي- محمد حمدي.
خط الوسط: مهند لاشين- وليد الكرتي- محمود زلاكة.
خط الهجوم: إيفرتون- فيستون ماييلي- مصطفى زيكو.
وأسندت لجنة حكام إدارة اللعبة إلى طاقم العمل المصري بقيادة محمد معروف حكمًا للساحة، ويعاونه سامي هلهل وطارق مصطفى كمساعدين، فيما يتولى حسام عزب مهمة الفيديو حكم، ويعاونه شريف عبدالله.",Sport,Real,95%,High lexical richness describing the match,REAL
,https://www.almasryalyoum.com/news/details/3594151,masrielyoum,"كشفت تقارير صحفية، أن نادي ليفربول الإنجليزي، اقترب من نمدبدغ عقد نجم الفريق دومينيك سوبوسلاي، الذي ينتهى في شهر يونيو من العام 2028.
أخبار متعلقة
«أسطورة ليفربول».. نجم ريال مدريد يتغزل في محمد صلاح بعد قمة الأبطال
جدول ترتيب دوري أبطال أوروبا بعد فوز ليفربول على ريال مدريد
تقييم مُذهل.. ماذا قدم محمد صلاح في مباراة ليفربول وريال مدريد اليوم؟
وحسب ما ذكرته صحيفة «ذا أثليتك» البريطانية، فان إدارة الريدز تجرى في الوقت الحالي مفاوضات مع دومينيك سوبوسلاي لتمديد عقده لمدة عامين قادمين بخلاف الثلاثة أعوام المتبقية في عقده ليستمر مع النادي الإنجليزي حتى عام 2030.
وأوضحت أن اللاعب المجرى أبدى موافقته على تمديد عقده مع ليفربول في ظل رغبته بالاستمرار داخل جدران قلعه انفليد.
ويستعد ليفربول لمواجهة مانشستر سيتي بقمة منافسات الجولة الحادية عشر بالبريميرليج، مساء يوم الأحد المقبل.
ويحتل ليفربول المركز الثالث في جدول ترتيب الدوري الانجليزي برصيد 18 نقطة متأخر بفارق سبع نقاط عن أرسنال صاحب الصدارة برصيد 25 نقطة.",Sport,Real,95%,High lexical richness and detailed reporting of a sports event with verifiable entities (Liverpool,REAL
,https://www.almasryalyoum.com/news/details/3594142,masrielyoum,"أكد هاني سعيد المدير الرياضي لبيراميدز في تصريحات خاصة لـ «المصري اليوم» أن فريقه مستعد لخوض مواجهة الزمالك الليلة، موضحًا أن المباراة ستكون صعبة خاصة أنها بين فريقين كبار ومن الصعب توقع نتيجتها.
أخبار متعلقة
تشكيل الزمالك ضد بيراميدز المتوقع في السوبر المصري
مواعيد مباريات الخميس والقنوات الناقلة.. الأهلي ضد سيراميكا والزمالك يواجه بيراميدز
محاضرة فنية للاعبي الزمالك استعدادًا لمواجهة بيراميدز في السوبر المصري
ويستعد بيراميدز لمواجهة نظيره الزمالك مساء اليوم الخميس في نصف نهائي كأس السوبر المصري في تمام الساعة السابعة بتوقيت القاهرة والتاسعة بتوقيت أبوظبي على ملعب الوحدة باستاد ال نهيان.
وقال هاني سعيد في تصريحات خاصة لـ «المصري اليوم»:«المباراة صعبة خاصة أنها تجمع بين فريقين كبار لكنا مستعدون لها جيدًا».
وأضاف:«هدف بيراميدز من كل المبارايات والبطولات التي يشارك فيها الفوز، ونثق في اللاعبين بالإضافة لدكة البدلاء».
وواصل:«لدينا غيابات مؤثرة وهامة لكن لدينا لاعبين آخرين على قدر الحدث، الفوز اليوم سيكون الخطوة الأولى للاستعداد للمباراة النهائية وحصد اللقب».
وأتم:«الفوز بالبطولات مؤخرًا سواء دوري أبطال أفريقيا أو في الإنتركونتيننتال يكون داعم ومحفز بالتأكيد، لأنه يسبب أيضًا ضغط باعتبارك البطل ولا يجب أن تُهزم في أي بطولة».",Sport,Real,95%,High lexical richness,REAL
,https://www.almasryalyoum.com/news/details/3594112,masrielyoum,"أفادت تقارير صحفية، أن نادي توتنهام هوتسبير الإنجليزي، وافق على بيع لاعبه ميكي فان دي فين، إلى نادى ريال مدريد الإسباني، الذي أبدى اهتمامه بالتعاقد مع المدافع الهولندي خلال الميركاتو الصيفي القادم.
أخبار متعلقة
ماريسكا: تشيلسي استحق الفوز على توتنهام
ديربي لندن أزرق.. تشيلسي يهزم توتنهام في الدوري الإنجليزي الممتاز
نتيجة مباراة توتنهام ضد تشيلسي اليوم في الدوري الإنجليزي الممتاز
ووفقًا لما ذكرته صحيفة«ميرور» البريطانية، فإن توتنهام طلب الحصول على مبلغ مالي قدره نحو 100 مليون يورو نظير التخلى عن ميكي فان دي فين إلى ريال مدريد.
وأوضحت أن المدافع الهولندي يحظى باهتمام نادي باريس سان جيرمان الفرنسي للتعاقد معه خلال فترة الانتقالات الصيفية القادمة
ويرتبط ميكي فان دي فين، بعقد مع توتنهام هوتسبير ممتد لمدة أربع سنوات قادمة وبالتحديد حتى عام 2029.
وكان الهولندى فان دي فين، قد أنتقل إلى صفوف توتنهام هوتسبير في عام 2023 قادماً من صفوف فولفسبورج الألمانى.",Sport,Real,95%,High lexical richness describing a sports transaction,REAL
,https://www.almasryalyoum.com/news/details/3594037,masrielyoum,"أكد ليونيل ميسي، قائد منتخب الأرجنتين، أن الحصول على لقب كأس العالم 2022 مع منتخب بلاده هو الإنجاز الأهم في مسيرته.
أخبار متعلقة
لأول مرة منذ 20 عامًا.. ميسي أمام اختبار صعب في أمريكا
«لن أكون متواضعًا».. تصريحات نارية من كريستيانو رونالدو بشأن مقارنته بـ ميسي
ميسي يشارك في انتخابات برشلونة
وقال ميسي- في تصريحات أبرزتها صحيفة «أوليه»- إن الفوز بكأس العالم 2022 شعور لا يوصف، فحتى الآن أتذكر تلك اللحظة التي شعرت فيها بنفس الشعور عند ولادة أبنائى.
وواصل أن شعور الفوز بالمونديال لا يمكن وصفه على الإطلاق ولا يمكن أن يمحى من ذاكرتي نهائيا.
وأشار إلى أن الحصول على كأس العالم كان فخرا لى ولعائلتى وجميع زملائى وجميع الجماهير.
وأتم تصريحاته قائلًا إن الحصول على كأس العالم جعلني أفكر في إنهاء مسيرتى داخل المستطيل الأخضر، فلا يوجد حلم أكبر من الفوز بالمونديال.
وقاد ميسي منتخب الأرجنتين للحصول على كأس العالم قطر 2022 بعد الفوز على منتخب فرنسا في المباراة النهائية بنتيجة 4-2 بركلات الترجيح بعد انتهاء الوقت الأصلى للقاء بالتعادل الإيجابي بنتيجة 3-3.",Sport,Real,95%,High lexical richness,REAL
,https://www.almasryalyoum.com/news/details/3594075,masrielyoum,"أكد الإعلامي أحمد شوبير أن محمد شريف، مهاجم الأهلي، يقترب من الغياب عن مواجهة سيراميكا كليوباترا في كأس السوبر المصري للأبطال، رغم تأكيدات إدارة النادي بجاهزيته للمشاركة.
أخبار متعلقة
موعد مباراة الأهلي وسيراميكا والقنوات الناقلة والمعلق في كأس السوبر المصري
نفاد تذاكر ديربي جدة بين الأهلي والاتحاد
شوبير يكشف رد الأهلي بشأن التعاقد مع فؤاد الزهواني
وأوضح شوبير في برنامجه الإذاعي أن المدرب ييس توروب غير مقتنع بحالة شريف البدنية، مفضلاً عدم المخاطرة به.
وأضاف، أن الأهلي سيخوض اللقاء في ظل غياب حسين الشحات وأشرف داري وإمام عاشور، مع جاهزية أحمد رضا للمشاركة. وأشار إلى وجود مفاضلة في الجبهة اليسرى بين كوكا وكريم فؤاد ومحمد شكري، فيما يتوقع أن يبدأ الأهلي بتشكيل يضم محمد الشناوي في حراسة المرمى، وياسر إبراهيم وياسين مرعي ومحمد هاني في الدفاع، مع تريزيجيه وزيزو وجراديشار في الخط الأمامي.
واختتم شوبير حديثه بالإشادة بفريق سيراميكا كليوباترا، مؤكداً أنه يقدم أداءً مميزاً تحت قيادة علي ماهر، الذي وصفه بأفضل مدرب مصري حالياً.",Sport,Real,95%,High lexical richness describing football players and tactics,REAL
,https://www.almasryalyoum.com/news/details/3594059,masrielyoum,"أصبح مركز حراسة المرمى صداعًا في رأس أحمد عبد الرؤوف، المدير الفني لنادي الزمالك، قبل المواجهة المرتقبة أمام بيراميدز في نصف نهائي كأس السوبر المصري، وذلك بعد اقتراب الحارس الأساسي محمد صبحي من الغياب بسبب الإصابة.
أخبار متعلقة
موعد مباراة الزمالك وبيراميدز في السوبر المصري
تشكيل الزمالك ضد بيراميدز المتوقع في السوبر المصري
مواعيد مباريات الخميس والقنوات الناقلة.. الأهلي ضد سيراميكا والزمالك يواجه بيراميدز
وشارك صبحي في مران الفريق الأخير، لكنه شعر بآلام جديدة في موضع الإصابة التي تعرض لها خلال مواجهة طلائع الجيش في الدوري، ليقرر الجهاز الطبي خضوعه لأشعة عاجلة لتحديد موقفه من المشاركة في اللقاء.
ومع تزايد الشكوك حول جاهزيته، يجد عبد الرؤوف نفسه في مأزق حقيقي قبل ساعات من المباراة، خاصة في ظل تراجع جاهزية بديله المهدي سليمان، ما يدفع الجهاز الفني للتفكير في الاعتماد على محمد عواد حال تأكد غياب صبحي.
ويأمل عبد الرؤوف أن تُظهر الفحوصات الطبية نتائج مطمئنة، حتى لا يفقد أحد أهم عناصر تشكيلته الأساسية في مباراة يطمح من خلالها الفريق الأبيض إلى العبور إلى نهائي السوبر المصري واستكمال مسيرة استعادة التوازن تحت قيادته.",Sport,Real,95%,High lexical richness describing the situation,REAL
,https://www.almasryalyoum.com/news/details/3593902,masrielyoum,"مع استمرار توافد الآلاف لزيارة
الذي يضم أكثر من 100 ألف قطعة أثرية، بعد إقامة حفل الافتتاح الرسمي للمتحف مساء السبت 1 نوفمبر 2025، ومنذ فتح المتحف أمام الجمهور في اليوم الرابع أول أمس الثلاثاء، توجه العديد للبحث عن
بالإضافة إلى قائمة أسعار تذاكر المتحف المصري الكبير لجميع الفئات.
أخبار متعلقة
رابط الموقع الرسمي لـ حجز تذاكر المتحف المصري الكبير وقائمة الأسعار لجميع الفئات
تفاصيل الـ48 ساعة المتبقية في احتفال المتحف المصري الكبير بعد افتتاحه رسميًا
بـ«التنورة».. الفولكلور الشعبي ومعالم تاريخية تبهر العالم في افتتاح المتحف المصري الكبير (فيديو وصور)
أقرب محطة مترو للمتحف المصري الكبير 2025 وسعر تذكرة الدخول للمصريين والأجانب
قائمة أسعار العملات التذكارية لـ المتحف المصري الكبير 2025.. مكان الشراء والمواعيد
يمكن للراغبين في زيارة المتحف المصري الكبير تسجيل الدخول مباشرة إلى
:
كما يوفر الموقع رسميًا أسعار تذاكر دخول المتحف المصري الكبير مجانًا.
تفاصيل
لجميع الفئات كالتالي:
- سعر تذكرة دخول المتحف المصري الكبير للبالغين: 200 جنيه
- سعر تذكرة دخول المتحف المصري الكبير للأطفال: 100 جنيه
‎- سعر تذكرة دخول المتحف المصري الكبير للطلاب: 100 جنيه
‎- سعر تذكرة دخول المتحف المصري الكبير لكبار السن: 100 جنيه
إقبال كبير على قاعات العرض الرئيسية بالمتحف المصري الكبير
— المصري اليوم (@AlMasryAlYoum)
‎- سعر تذكرة دخول المتحف المصري الكبير للعرب والأجانب البالغين: 1450 جنيها
‎- سعر تذكرة دخول المتحف المصري الكبير للعرب والأجانب الأطفال: 730 جنيهات
‎- سعر تذكرة دخول المتحف المصري الكبير لطلاب العرب والأجانب: 730 جنيهات
‎- سعر تذكرة دخول المتحف المصري الكبير للعرب والأجانب البالغين المقيمين: 730 جنيهات
- سعر تذكرة دخول المتحف المصري الكبير للعرب والأجانب الأطفال: 370 جنيهات
‎- سعر تذكرة دخول المتحف المصري الكبير للعرب والأجانب الطلاب: 370 جنيهات
- سعر تذكرة المتحف المصري الكبير للبالغين: 350 جنيها
- سعر تذكرة المتحف المصري الكبير للأطفال: 175 جنيها
‎- سعر تذكرة المتحف المصري الكبير للطلاب: 175 جنيها
‎- سعر تذكرة المتحف المصري الكبير لكبار السن: سعر التذكرة 175 جنيها
من رمسيس لمنطقة الخدمات.. آلاف الزائرين في أول أيام افتتاح المتحف المصرى الكبير
تصوير: سامح فريد
— المصري اليوم (@AlMasryAlYoum)
- سعر تذكرة المتحف المصري الكبير البالغين: 1950 جنيه
- سعر تذكرة المتحف المصري الكبير للأطفال: 980 جنيها
‎- سعر تذكرة المتحف المصري الكبير للطلاب: 980 جنيها
- سعر تذكرة المتحف المصري الكبير للبالغين: 980 جنيها
‎- سعر تذكرة المتحف المصري الكبير للأطفال: 500 جنيه
‎- سعر تذكرة المتحف المصري الكبير للطلاب: 500 جنيه",Economy,Real,95%,Detailed reporting of ticket prices and categories,REAL
,https://www.almasryalyoum.com/news/details/3593779,masrielyoum,"تفقد اللواء طارق مرزوق، محافظ الدقهلية، مساء الأربعاء، أعمال إنشاء وتجهيز الفرع الثاني لسوق المحافظة الدائم بشارع عبدالسلام عارف بمدينة المنصورة، لمتابعة الموقف التنفيذي على الطبيعة.
أخبار متعلقة
حبس المتهم بالتعدي على سائق وإصابته بقطع في اليد في واقعة «المعاكسة» بالدقهلية
تجهيز 657 مقرًا انتخابيًا و795 لجنة فرعية في انتخابات مجلس النواب 2025 بالدقهلية
بسبب شراء كلب.. إحالة أوراق أب للمفتي وتأجيل الحكم على أبنائه لقتلهم شابًا في الدقهلية
ووجه المحافظ، محمد أمين، رئيس حي غرب المنصورة، بتكثيف الأعمال والتشطيبات النهائية، وسرعة الانتهاء من جميع التجهيزات تمهيدًا للافتتاح في أقرب وقت، مع الالتزام الكامل بقوائم أسعار معلنة وثابتة تقل عن نظيرها في الأسواق.
وأكد مرزوق أن الهدف من أسواق المحافظة الدائمة هو توفير السلع والمنتجات سواء كانت خضروات أو فاكهة أو لحوم أو دواجن أو أسماك أو ألبان أو بقوليات أو سلع تموينية، بأعلى جودة وأقل سعر، من خلال عرض السلع من قبل المنتجين والموردين مباشرة، والقضاء على الوسطاء.
وأشار المحافظ إلى أنه سيتم إنشاء سلسلة من الأسواق الدائمة في جميع المراكز والمدن لمحاربة الغلاء، وضبط الأسعار وتخفيف العبء عن الأسر، وتوفير السلع الاستراتيجية بكميات مناسبة.
وأشار المحافظ إلى أنه يتم تقديم الشكاوى أو الملاحظات على أداء السوق أو الأسعار من خلال أرقام الشبكة الوطنية للطوارئ والسلامة بالمحافظة وهي: 0502316644 / 0502314880 / 0502327792 من التليفون الأرضي أو المحمول، أو على رقم 114 من التليفون الأرضي.",Society,Real,95%,High lexical richness,REAL
,https://www.almasryalyoum.com/news/details/3593843,masrielyoum,"في إطار احتفالات المجلس القومى للطفولة والأمومة بأعياد الطفولة خلال شهر نوفمبر الجارى، استقبلت الدكتورة سحر السنباطى، رئيسة المجلس القومى للطفولة والأمومة، والدكتورة هيام نظيف، نائب رئيس المجلس، الطفلة الفلسطينية ريـتاج جحا، التي جاءت إلى مصر لتلقى العلاج بعد أن فقدت أسرتها خلال الأحداث المؤلمة في قطاع غزة.
أخبار متعلقة
القومي للطفولة والأمومة يبحث تنفيذ بروتوكول تعاون لدعم التوازن النفسي للأطفال
وفد من «القومي للطفولة والأمومة» يشهد عدة أنشطة بالإسكندرية في إطار الاحتفالات بأعياد الطفولة
رئيسة المجلس القومي للطفولة والأمومة: مؤسسة بهية مثال يُحتذى به في العمل الإنساني والتنموي
وخلال اللقاء، رحّبت الدكتورة سحر السنباطى بالطفلة ريـتاج، مؤكدةً أن استقبالها يجسّد رسالة مصر الإنسانية تجاه أشقائها، وانطلاقًا من دورها الريادى في دعم قضايا الطفولة على المستويين الإقليمى والدولى، وذلك بفضل دعم القيادة السياسية الحكيمة التي تؤمن بأن الطفل هو مستقبل الأمة وأساس استدامة السلام والتنمية.
وأشارت إلى أن دعم مصر لأطفال فلسطين يأتى امتدادًا لموقفها الثابت كأرضٍ للسلام، وانحيازها الدائم للإنسانية، تأكيدًا على التزام الدولة المصرية بتقديم كافة أشكال الدعم والرعاية للأطفال على أرضها دون تمييز.
وقدّمت «السنباطى» عددًا من الهدايا العينية للطفلة ريـتاج، مشيدةً بشجاعتها وقوة إرادتها، كما أعلنت تنصيبها «سفيرة من سفراء المجلس للطفولة» تقديرًا لصمودها، فهى تمثل صوت أطفال فلسطين والعالم في المحبة والسلام.
من جانبها، أعربت الطفلة ريـتاج جحا عن سعادتها بلقاء الدكتورة سحر السنباطى، وعن تقديرها الكبير لمصر وشعبها، معربةً عن شكرها وامتنانها للرئيس عبدالفتاح السيسى لجهوده في وقف الحرب ونشر السلام، ودعمه المتواصل لأطفال فلسطين، مؤكدةً أنها ستظل تحمل لمصر كل الحب والتقدير لما وجدته من رعاية واحتواء إنسانى صادق.
وأكدت أن جلوسها إلى جوار الرئيس السيسى، خلال احتفالية «مصر وطن السلام» يُعد وسامًا غاليًا على قلبها، ويجسّد مكانة الطفل الفلسطينى في قلب مصر قيادةً وشعبًا.
شهد اللقاء حضور الدكتورة رحاب الفخرانى، رئيسة مبادرة «إنتِ الأهم»، وأسماء خليل، منسقة المبادرة.
والطفلة ريتاج (١٠ سنوات)، ولدت في ١٣ يوليو ٢٠١٥، هي الناجية الوحيدة من عائلتها التي استشهدت بالكامل في قصف بغزة أدى إلى انهيار منزلهم، وبعد بقائها تحت الأنقاض ليومين، تم إنقاذها بجروح بالغة نتج عنها بتر ساقها اليسرى.
تتلقى ريتاج حاليًا العلاج الجسدى والنفسى وتواصل تعليمها في مصر، حيث تعيش مع عمتها.",Human Interest,Real,95%,The article focuses on a specific individual’s story of resilience and support,REAL
,https://www.almasryalyoum.com/news/details/3593845,masrielyoum,"شهد الفريق أول عبدالمجيد صقر، القائد العام للقوات المسلحة، وزير الدفاع والإنتاج الحربى، إجراءات تفتيش الحرب ورفع الكفاءة القتالية لأحد تشكيلات المنطقة المركزية العسكرية بعد تطويرها وتحديثها وفقًا لأحدث النظم القتالية، وذلك بحضور الفريق أحمد خليفة، رئيس أركان حرب القوات المسلحة وقادة الأفرع الرئيسية وعدد من قادة القوات المسلحة وطلاب الجامعات.
أخبار متعلقة
وزير الدفاع يبحث تبادل الخبرات العسكرية مع نظيره الروماني
وزير الدفاع يشهد تخريج دفعات جديدة من الكليات العسكرية (صور)
وزير الدفاع يناقش مع نظيره الصومالي تعزيز التعاون العسكري
بدأت الإجراءات بكلمة اللواء عبدالمعطى عبدالعزيز علام قائد المنطقة المركزية العسكرية قدم خلالها الشكر للقيادة العامة للقوات المسلحة على دعمها اللامحدود ومتابعتها الدائمة والمستمرة لكافة الأعمال والأنشطة.
واستمع القائد العام للقوات المسلحة إلى التوجيه لأوضاع القوات المصطفة لمختلف الأسلحة والتخصصات داخل أرض الاصطفاف، كما شاهد مرور أسلحة ومعدات الأفرع الرئيسية ومختلف الهيئات والإدارات التخصصية بالقوات المسلحة المشاركة بالتفتيش والتى أظهرت مدى ما وصلت إليه القوات المسلحة من طفرة في مجال تطوير التسليح وفقًا لأحدث النظم العالمية. وقام وزير الدفاع بالمرور على القوات المصطفة للاطمئنان على مدى جاهزيتها، وناقش عددا من المقاتلين في أسلوب تنفيذ مهامهم. وخلال كلمته نقل الوزير تحيات وتقدير الرئيس عبدالفتاح السيسى، القائد الأعلى للقوات المسلحة لرجال المنطقة المركزية العسكرية، مشيدًا بما شاهده من الاستعداد الجاد والروح المعنوية العالية للعناصر المشاركة في التفتيش وإصرارهم على الوفاء بالمهام والواجبات المكلفين بها لحماية الوطن وصون مقدرات شعبه.
وأكد أن مصر اختارت طريق السلام وجعلته خيارها الاستراتيجى الأول إيمانًا منها بأنه السبيل الأمثل للبناء والتعمير والاستقرار وأن السلام الذي اختارته مصر بإرادتها لابد له من قوة تحميه وتصونه، مشيرًا إلى أن القوات المسلحة شهدت قفزات متلاحقة لتطوير نظم التدريب والتسليح بكافة الأفرع الرئيسية والتشكيلات والوحدات لدعم قدراتها القتالية وفقًا لأسس علمية دقيقة مكنتها من امتلاك كافة خيارات الردع لتكون على أتم الاستعداد لمجابهة التحديات التي قد تستهدف أمن مصر القومى على كافة الاتجاهات الاستراتيجية.",Politics,Real,95%,Factual reporting with verifiable named entities and a formal news tone. The article details military inspections,REAL
,https://www.almasryalyoum.com/news/details/3593898,masrielyoum,"شهد
الخميس الموافق 6 نوفمبر 2025، استقرارًا داخل أسواق ومحلات الصاغة المصرية، وذلك عقب الارتفاع الأخير الذي سجله المعدن الأصفر، إذ سجل
الآن في الصاغة نحو 5320 جنيهًا.
أخبار متعلقة
تراجع سعر الذهب اليوم وعيار 21 الآن في السعودية الخميس 06-11-2025
عيار 21 الآن بعد الارتفاع الكبير.. سعر الذهب والسبائك اليوم الخميس 6-11-2025 بالصاغة
نرصد خلال السطور التالية،
6 نوفمبر 2025 في مصر، وذلك عقب آخر ارتفاع في المعدن الأصفر، وذلك وفقًا لآخر تحديث صادر عن الشعبة العامة للذهب، وجاءت
على النحو التالي:
سجل
اليوم الخميس 6 نوفمبر 2025، خلال بداية التعاملات نحو 6080 جنيهًا.
بلغ
اليوم الخميس 6 نوفمبر 2025، خلال بداية التعاملات نحو 5320 جنيهًا للجرام.
حقق
اليوم الخميس 6 نوفمبر 2025، خلال بداية التعاملات نحو 4560 جنيهًا للجرام.
حقق
اليوم الخميس 6 نوفمبر 2025، خلال بداية التعاملات نحو 3546 جنيهًا للجرام.
وصل سعر الجنيه الذهب اليوم الخميس 6 نوفمبر 2025، خلال بداية التعاملات إلى 42560 جنيهًا للجرام.
سجل سعر الذهب اليوم الخميس 6 نوفمبر 2025، في الأسواق العالمية خلال بداية التعاملات نحو 3982 دولارًا.",Economy,Real,95%,Lexical richness (detailed economic figures),REAL
,https://www.almasryalyoum.com/news/details/3594217,masrielyoum,"تُلعب مباراة
، في تمام الساعة الخامسة مساءً، على ملعب طحنون بن محمد بمدينة العين الإماراتية بـ نصف نهائي كأس السوبر المصري موسم 2024- 2025.
أخبار متعلقة
موعد مباراة يوفنتوس و سبورتنج لشبونه (0-0) بدورى ابطال اوروبا
ملخص مباراة أرسنال وسلافيا براغ بدوري أبطال أوروبا
نتيجة مباراة ريال مدريد وفالنسيا في الدوري الإسباني
ملخص مباراة برشلونة وإلتشي (3-1) بالدوري الإسباني
مباشر مباراة الاهلي والسد (0_0) بدوري أبطال آسيا للنخبة..لحظة بلحظة
مباشر | الأهلي- سيراميكا كليوباترا
— ADSportsTV (@ADSportsTV)
بداية اللقاء.
5: مرت خمس دقائق من عمر اللقاء، والأهلي الأكثر استحواذا على الكرة، وسط محاولات جادة لإحراء هدف التقدم.
تنطلق صافرة بداية لقاء الأهلي ضد سيراميكا كليوباترا اليوم الخميس في تمام الساعة الخامسة مساءً بتوقيت القاهرة، والسادسة مساءً بتوقيت المملكة العربية السعودية، وذلك على أرض ملعب هزاع بن زايد.
On Time SPORTS HD 2
يمكن متابعة اللقاء من مختلف أنحاء دول الوطن العربى عبر شاشات شبكة قنوات أون تايم سبورت ويمكن ضبطها عبر التردد الآتي:
التردد: 11861
الاستقطاب: أفقي
معدل الترميز: 27500
معامل تصحيح الخطأ: 6/5.
حراسة المرمى: محمد بسام.
خط الدفاع: حسين السيد- رجب نبيل- سعد سمير- محمد عادل.
خط الوسط: عمرو السولية- أحمد بلحاج- إسلام عيسى- أيمن موكا- صديق ايجولا.
خط الهجوم: فخري لاكاي.
حراسة المرمى: محمد الشناوي.
خط الدفاع: أحمد نبيل «كوكا»- ياسين مرعي- ياسر إبراهيم- محمد هاني.
خط الوسط: أليو ديانج- مروان عطية- أحمد سيد زيزو.
خط الهجوم: محمود حسن تريزيجيه- جراديشار- أشرف بن شرقي.",Sport,Real,95%,High lexical richness with detailed sports terminology,REAL
,https://www.almasryalyoum.com/news/details/3594193,masrielyoum,"قالت وزارة السياحة إنه عقب إجراء القرعة الإلكترونية لـ
، من المقرر أن يتم تسجيل الكيانات (التضامنات)، بين شركات السياحة لكافة المستويات، وذلك حتى يوم 10 نوفمبر الجاري، على أن تنتهي الشركات السياحية من ربط حزم الخدمات وتوثيق عقود السكن مع الالتزام بالإجراءات المنصوص عليها بالمسار الإلكتروني السعودي في موعد أقصاه 15 يناير 2026.
أخبار متعلقة
«خرجت بطرق غير مشروعة».. استرداد 36 قطعة أثرية مصرية من الولايات المتحدة (صور)
«الكبير والتحرير».. إقبال كبير على زيارة أقدم وأحدث المتاحف في مصر
اليوم.. إغلاق باب التقديم لحج الجمعيات الأهلية
«رمسيس الثاني».. من باب الحديد إلى أشهر تمثال داخل المتحف المصري الكبير
وأشارت الوزارة إلى أنه تم تخصيص 17060 تأشيرة للمستوى الاقتصادي، و5700 تأشيرة للمستوى البري، و5000 تأشيرة لمستوى الخمس نجوم، و2740 تأشيرة لمستوى الخمس نجوم «أبراج كدانة».
وتابعت: أنه يمكن لشركات السياحة التي قامت بإدراج بيانات المتقدمين لـ
استخراج نتيجة القرعة الإلكترونية من خلال البوابة المصرية الموحدة للحج باستخدام بيانات الدخول الخاصة بها، كما يمكن للمواطنين الاستعلام عن نتيجة القرعة الالكترونية من خلال الرقم القومي عن طريق الموقع الإلكتروني:
وثمنت الوزارة ما قامت به وزارة الداخلية ممثلة في قطاع الشئون الإدارية من دور ملموس في إنجاح المنظومة الخاصة بالحج المصري، من خلال التكامل والترابط الذي تم على البوابة المصرية الموحدة للحج، وذلك في ضوء قانون 84 لسنة 2022.
من جانبها، أوضحت سامية سامي، مساعد وزير السياحة والآثار لشؤون شركات السياحة ورئيس اللجنة العليا للحج والعمرة، أن أعداد المتقدمين لقرعة الحج السياحي هذا الموسم بلغ 114604 مواطن بزيادة قدرها 97% عن الموسم الماضي، من بينهم 51028 من المتقدمين من الذكور بنسبة 45% و63577 بنسبة 55% من الإناث، وتقدم للحج الاقتصادي السياحي 87241 مواطن بنسبة 76% من إجمالي المتقدمين، وعدد المتقدمين للحج البري 15326 مواطن بنسبة 13% من إجمالي المتقدمين.
وبلغ عدد من تقدم للحج الخمس نجوم 9173 مواطن بنسبة 8% من إجمالي المتقدمين، أما عدد المتقدمين للحج الخمس نجوم-أبراج كدانة فبلغ 2864 مواطن بنسبة 3% من إجمالي المتقدمين.
ولفتت إلى أن إجمالي عدد الشركات التي تقدمت برغباتها في تنظيم الحج السياحي هذا الموسم وأدرجت طلباتها على بوابة الحج الموحدة 1743 شركة سياحة، من بينهم 1253 شركة أدرجت طلبات للمستوى الاقتصادي، و221 شركة أدرجت طلبات الحج البري، و207 شركة أدرجت طلبات للمستوى الخمس نجوم، و62 شركة ادرجت طلبات للمستوى خمس نجوم – أبراج كدانة، حيث تم تخصيص 17060 تأشيرة للمستوى الاقتصادي، و5700 تأشيرة للمستوى البري، كما تم تخصيص 5000 تأشيرة لمستوى الخمس نجوم، بالإضافة الى 2740 تأشيرة لمستوى الخمس نجوم – أبراج كدانة.
أ- 560 ألف جنيه.
ب- 500 ألف جنيه.
أ- 285 ألف جنيه.
ب- 265 ألف جنيه.
ج- 245 ألف جنيه.
أ- 250 ألف جنيه.
ب- 240 ألف جنيه.
ج- 220 ألف جنيه.",Economy,Real,95%,Factual reporting with detailed numerical data and clear explanation of procedures related to Hajj tourism applications and visa allocations.,REAL
,https://www.almasryalyoum.com/news/details/3594213,masrielyoum,"يبحث العديد من العملاء عن طرق الاستعلام عن
لسدادها في الموعد المحدد، خاصة أن التأخير يؤدي إلى انقطاع خدمة الإنترنت المنزلي.
أخبار متعلقة
الآن.. استعلم عن فاتورة التليفون الأرضي لشهر أكتوبر 2025
«بدون الاستغناء عن الخدمة».. طريقة تقليل فاتورة التليفون الأرضي 2025 (خطوتين)
«تنظيم الاتصالات» يبشر «خشبة»: توصيل التليفون الأرضي والإنترنت خلال عام (فيديو)
بدأت المصرية للاتصالات (WE) في تحصيل
، وذلك اعتبارًا من 1 نوفمبر 2025.
يمكن معرفة قيمة
لشهر نوفمبر 2025 من خلال عدة طرق سهلة.
1.الدخول إلى موقع المصرية للاتصالات.
2. إدخال كود المحافظة ورقم التليفون الأرضي للاستعلام عن الفاتورة.
3. الضغط على «دفع فاتورة التليفون الأرضي».
4. اختيار «السداد الإلكتروني» ثم الضغط على «ادفع».
5. إدخال بيانات بطاقة الفيزا أو الماستر كارد لإتمام عملية الدفع.",Economy,Real,95%,Logical and factual coherence - The article details a specific process for paying a telecom bill,REAL
,https://www.almasryalyoum.com/news/details/3594224,masrielyoum,"نستعرض أحداث
، لحظة بلحظة، والتى تذاع مباشرا عبر القنوات المفتوحة مثل أون سبورت وأبوظبي الرياضية، ونستعرض تفاصيل اللقاء وتتضمن
، وتردد
، ومعلق وحكم اللقاء، وتشكيلة الفريقين المتوقعة.
أخبار متعلقة
موعد مباراة الأهلي وسيراميكا والقنوات الناقلة والمعلق في كأس السوبر المصري
ييس توروب رفض مشاركته.. شوبير يكشف غياب مهاجم الأهلي أمام سيراميكا
بعد فترة غياب.. أول ظهور لحسام غالي بعد خروجه من مجلس الأهلي
مباشر | الأهلي - سيراميكا كليوباترا
— ADSportsTV (@ADSportsTV)
بداية اللقاء.
5: مرت خمس دقائق من عمر اللقاء، والأهلي الأكثر استحواذا على الكرة، وسط محاولات جادة لإحراء هدف التقدم.
8: فرصة كبرى مهدرة من جانب لاعبي الأهلي، ياسر إبراهيم استلم الكرة على صدره داخل منطقة جزاء سيراميكا، وسدد كرة غير متقنة، ليهدر فرصة التقدم.
ويمكنك متابعة نتيجة أحداث مباراة الأهلي وسيراميكا كليوباترا مباشر لحظة بلحظة مع ملخص الأحداث كما يلي:
- بداية مباراة سيراميكا ضد الأحمر
يتضمن تاريخ مواجهات الفريقين 15 مباراة نتائجها كما يلي:
ترتيب الناديين في الدوري المصري
بالنسبة لترتيب الفريقين في الدوري المصري، يأتي سيراميكا في الصدارة بينما يأتي الأهلي في الوصافة كما يلي:
يواجه النادي الأحمر نظيره سيراميكا كليوباترا على ملعب استاد هزاع بن زايد في الإمارات، في مباراة نصف نهائي كأس السوبر.
ويأتي موعد مباراة سيراميكا كليوباترا ضد الأحمر اليوم في تمام الخامسة بتوقيت القاهرة، ويوافق توقيت اللقاء في الدول العربية ما يلي:
تأتي شبكة قنوات أون سبورت وكذلك شبكة قنوات أبوظبي الرياضية كأهم القنوات الناقلة للقاء قمة كأس السوبر المصري بثا مباشرا بين الأهلي وسيراميكا كليوباترا اليوم على الهواء مباشرة .
وتملك أون سبورت حقوق البث لمباراة اليوم في كأس السوبر المصري.
وأعلنت قنوات أبوظبي الرياضية عن إذاعة ماتش اليوم.
ويمكنك مشاهدة لقاء سيراميكا كليوباترا ضد الأحمر اليوم عبر تردد قناة أون تايم سبورت 1.
وتستطيع مشاهدة مواجهة اليوم عبر تردد قناة AD Sports HD 1.
ويمكنك ضبط تردد بث أون On Sports 1 اليوم، القناة الناقلة على الهواء مباشرة لمواجهة اليوم كما يلي:
أعلنت شبكة قنوات أون سبورت عن معلق لقاء اليوم وهو المعلق الرياضي أيمن الكاشف.
واختارت قنوات أبوظبي معلق اللقاء وهو المعلق الرياضي فارس عوض.
تم اختيار حكم المباراة وهو الحكم محمود البنا، ويعاونه:
يأتي تشكيل الأهلي المتوقع اليوم كما يلي:
يشارك في نصف نهائي كأس السوبر المصري فرق الأهلي (بطل الدوري)، الزمالك (بطل الكأس)، سيراميكا (بطل كأس الرابطة) ويشارك بيراميدز بـ(الكارت الذهبي).
يعتبر الأحمر حامل لقب السوبر المصري والذي أقيم أيضًا في الإمارات، وحصل على اللقب بعد التغلب على الزمالك بركلات الترجيح.
وحمل الأهلي لقب السوبر المصري 15 مرة وهو الأعلي تتويجًا بلقب البطولة، ويحل الزمالك في المركز الثاني بعدد 4 ألقاب.
يحصل الفريق الفائز بلقب بطولة السوبر المصرى، التي تقام في الإمارات خلال الفترة من 6 حتى 9 نوفمبر الجاري، على 300 ألف دولار.
ويحصل الوصيف على 200 ألف دولار، ويحصل كل فريق مشارك في البطولة على 50 ألف دولار نظير المشاركة.",Sport,Real,95%,Consistent with typical sports reporting,REAL
,https://www.almasryalyoum.com/news/details/3593866,masrielyoum,"تصدر مسلسل «كارثة طبيعية» ابطولة محمد سلام وحمزة العيلي ، قائمة الأكثر مشاهدة على watch it لهذا الأسبوع، وفيما يلي القائمة:
أخبار متعلقة
الأكثر مشاهدة على WATCH IT
الأكثر مشاهدة على WATCH IT
الأكثر مشاهدة على WATCH IT
«محمد» شاب من أسرة بسيطة، متزوج حديثًا، يكافح لبناء حياته من الصفر وسط تحديات وضغوط يومية، ويفاجأ بحمل زوجته في خمسة توائم، فيسعى رغم الظروف الاقتصادية القاسية لتأمين حياة كريمة لعائلته.
تنقلب حياة بكر (سيد رجب)- الموظف الذي أحيل إلى المعاش ويحلم بقضاء ما تبقى له من العمر بهدوء، مستندًا إلى مكافأة نهاية خدمته- رأساً على عقب، عندما يضغط على رابط إلكترونى بالخطأ.
يجد حسن وخطيبته ندى نفسيهما متورطين مع شخص خطير بعد ارتكابهما جريمة إلكترونية، وللهروب من المطاردة، لا يجدان ملاذًا آمنًا سوى منزل المسن عزت، الذي يعيش وحيدًا برفقة خادمته أم إبراهيم.
«عبدالعزيز النص» نشال يتوب عن مهنته في ثلاثينيات القرن العشرين ويبحث عن عمل شريف، وتدفعه الأحداث السياسية والغموض إلى الانخراط في المقاومة ضد الاحتلال الإنجليزى.
يقتل شاب صعيدى طموح يدعى مؤمن بطريقة غامضة، في مقهى بجوار محطة قطار الجيزة، ويستعين المحقق عمر بتسجيلات وملاحظات مؤمن لكشف ملابسات الجريمة.
«عوض» شاب صعيدى ثرى ومغرور، يُجبر على العمل كبواب في عمارة بالقاهرة، مما يدفعه للدخول في مواقف كوميدية مع السكان تحوله تدريجيًا من شاب متغطرس إلى بطل يُعتمد عليه ويلجأ إليه الجميع.",Society,Real,95%,High lexical richness,REAL
,https://www.almasryalyoum.com/news/details/3593868,masrielyoum,"تصدر مسلسل «كارثة طبيعية» للفنان محمد سلام، محرك البحث جوجل ومواقع التواصل الاجتماعى، منذ عرض الحلقة الأولى له الأسبوع الماضى، لما تحتويه الحلقات من كوميديا الموقف، والتى تعتبر النوع المفضل لدى الجمهور فى المسلسل ذى الـ ١٠ حلقات، بالإضافة إلى إعجاب الجمهور بالمشاهد التى جمعت سلام - فى دور محمد شعبان - مع صديقه الوفى «شوقى/ حمزة العيلى»، إذ شكل الثنائى حالة مميزة فى كل مشهد جمعهما، حتى بات ظهورهما معا يحمل لحظة خفيفة وسط التصاعد الدرامى للأحداث.
أخبار متعلقة
حمزة العيلي يحتفل بنجاح «كارثة طبيعية».. ويوجه رسالة شكر لصناع العمل
القبض على محمد سلام.. أحداث الحلقة الرابعة من «كارثة طبيعية»
«محمد سلام أب لـ 7 أطفال».. ملخص الحلقة الثالثة من «كارثة طبيعية»
وبدأت أحداث الحلقة الأولى بـ محمد شعبان «سلام» الذى يعمل موظفًا فى خدمة العملاء بإحدى شركات الاتصالات، لكنه يحمل حلمًا مختلفًا تمامًا، أن يصبح كاتب سيناريو، ويعود إلى منزله ليجد زوجته شروق فى انتظاره وتطلب منه الخروج سويًا للتسوق.
وأثناء التسوق، تشترى شروق اختبار حمل منزليا دون أن تخبره مسبقًا، يفقد محمد أعصابه، إذ كان قد أخبرها سابقًا بأنه لا يرغب فى الإنجاب بسبب ظروفه المادية، ويتشاجران أمام الناس، ومع تدخل والدها يتصالحان، بعد اعتذار محمد، والمفاجأة الكبرى تأتى عندما يخبرهما الطبيب بأن شروق لا تحمل جنينًا واحدًا، بل خمسة توائم.
وشهدت الحلقة الثانية دخول محمد وشروق فى حالة صمت وانعزال، كلٌّ منهما غارق فى أفكاره ومخاوفه من المستقبل المجهول الذى ينتظرهما، يحاول محمد البحث عن مخرج دينى فيلجأ إلى بعض الشيوخ طلبًا لفتوى تبيح الإجهاض، لكنه يُفاجأ برفض الجميع منحه تلك الفتوى، فيلجأ إلى شراء حبوب الإجهاض بطرق غير قانونية، ويضعها فى كوب عصير برتقال ليقدمه لزوجته دون علمها.
لحظات قليلة تمر قبل أن ينهار محمد داخليًا من تأنيب الضمير، فيهرع نحوها خائفًا من أن يكون قد ارتكب خطأً لا يُغتفر.
وبدأت الحلقة الثالثة عِند دخول والد شروق إلى المستشفى، وذلك بعد شربه لعصير ابنته بالخطأ، والذى كان يحتوى على حبوب إجهاض.
وتستمر الأحداث فى إطار كوميدى، لتنتهى بصدمة محمد سلام بعد خروج الممرضة بـ ٧ أبناء وليس ٥، ليخبرها بأن السونار أظهر أن هناك ٥ أطفال فقط، لترد عليه: «لا والله دول بتوعكوا برضه أصل كان فى اتنين مستخبيين ورا الخمسة مكنوش ظاهرين فى السونار».
وانطلقت الحلقة الرابعة بموقف كوميدى مشوب بالتوتر، بعدما وجد محمد نفسه فى مأزق أثناء خروجه من المستشفى برفقة أطفاله السبعة، الذين لم يتم تسجيلهم بعد رسميًا بسبب عدم استخراج إخطارات ميلاد لهم.
وأثناء توجهه إلى المنزل، أوقفه ضابط كمين، ليدخل الطرفان فى حوار ساخر انتهى باقتياد سلام إلى القسم للاشتباه فى أنه خطف الأطفال.
تتواصل الأحداث مع انتقال محمد سلام إلى مكتب الصحة فى محاولة لإنهاء الإجراءات والحصول على الأوراق الرسمية، لكنه يتعرض لدهشة وسخرية العاملين الذين فوجئوا بعدد المواليد.
وتُظهر الحلقة جانبًا من حيرة بطل العمل فى اختيار أسماء أطفاله والتعامل مع مسؤوليات مفاجئة أثقلت كاهله، بينما تتصاعد المواقف الطريفة والصدامات الاجتماعية حوله.",Lifestyle and Leisure,Real,95%,Lexical richness,REAL
,https://www.almasryalyoum.com/news/details/3593887,masrielyoum,"نعى المخرج مجدي الهواري صديقه السيناريست الكبير أحمد عبدالله، الذي رحل عن عالمنا أمس، بكلمات مؤثرة عبرت عن حزنه العميق وصدمته برحيله، مؤكدًا أنه كان يتمتع بخفة دم استثنائية وموهبة كبيرة في كتابة السيناريو، وترك بصمة قوية في تاريخ السينما المصرية.
أخبار متعلقة
رفيق رحلة سامح عبدالعزيز.. «السينمائيين» تنعى السيناريت أحمد عبدالله: خسرنا مخرجًا ومؤلفًا من الوزن الثقيل
المهن التمثيلية تنعى السينارست أحمد عبدالله: أحد أبرز كتاب السينما والدراما في مصر
صاحب «الحارة».. موعد ومكان جنازة السيناريست أحمد عبد الله
وكتب الهواري عبر حسابه على موقع «فيسبوك»: ومات اخف دم اسمر في مصر، إنا لله وإنا إليه راجعون، ربنا يرحمك ويغفرلك يا أحمد، خبر حزين ومفاجئ، برجاء الدعاء له بالرحمه والمغفره، ورحل صديق آخر.
وأضاف: «فنحن نحفظ دورك عن ظهر قلب، فـأنت المؤلف الموهوب أحمد عبدالله، صاحب البصمة المميزة في أعمال خالدة مثل عبود على الحدود، الناظر، 55 إسعاف، ميدو مشاكل، الفرح، كبارية، وساعة ونص... كفاية دول للتاريخ يا صاحبي، لا.. مازال الحوار جاريًا.
ويعد الراحل أحمد عبدالله أحد أبرز كتاب السينما، حيث قدم أعمالًا ناجحة جمعت بين الكوميديا والدراما، تعاون خلالها مع كبار النجوم مثل محمد هنيدي وأحمد حلمي وعلاء ولي الدين، وظلت أعماله خالدة في ذاكرة الجمهور حتى اليوم.",Arts,Real,95%,Lexical richness (use of descriptive language regarding cinema),REAL
,https://www.almasryalyoum.com/news/details/3593874,masrielyoum,"شارك الفنان محمد إمام جمهوره ومتابعيه، صورة جديدة من كواليس مسلسله المرتقب «الكينج»، والمقرر عرضه في موسم رمضان 2026.
أخبار متعلقة
بطولة محمد إمام.. بدء تصوير مسلسل «الكينج» رمضان 2026
«استعاد بريقه».. ماذا قالت الصحف الإنجليزية عن أداء محمد صلاح أمام ريال مدريد؟
انطلاق العرض الثاني لمسلسل «كوبرا» بطولة محمد إمام على شاشة MBC مصر (تعرف على المواعيد)
ونشر محمد امام الصورة عبر حسابه الرسمي بموقع «فيسبوك»: ""توكلنا على الله، حمزة الدباح .. مسلسل الكينج، من تأليف محمد صلاح العزب، وإخراج شيرين عادل، ومن المقرر عرضه على قنوات MBC ومنصة شاهد.
ويعود محمد إمام بهذا العمل إلى دراما الأكشن والتشويق التي حققت له نجاحًا كبيرًا في مواسم سابقة، حيث ينتظر الجمهور تفاصيل الشخصية الجديدة التي يقدمها في «الكينج».
وكان آخر أعمال محمد إمام في الدراما مسلسل «كوبرا» الذي عُرض في رمضان 2024، وحقق نجاحًا جماهيريًا كبيرًا وقت عرضه، سواء من حيث نسب المشاهدة أو التفاعل الواسع على مواقع التواصل الاجتماعي.
المسلسل من تأليف أحمد أبوزيد، وإخراج أحمد شفيق، ويشارك في بطولته عدد كبير من النجوم، من بينهم: محمد ثروت، أحمد فتحي، هشام إسماعيل، محمود البزاوي، مجدي كامل، أوس أوس، علاء مرسي، محمود عبدالمغني، وغيرهم.",Arts,Real,98%,Lexical richness (descriptive language about the actor and production),REAL
,https://www.almasryalyoum.com/news/details/3593865,masrielyoum,"كشف المطرب عمر كمال عن موقفه تجاه بعض القضايا الدينية والشخصية، مؤكدًا استعداده للقيام بأي أعمال بسيطة تقربه من الله، حتى لو كانت تنظيف حمامات المساجد.
أخبار متعلقة
رهان كسبان.. عمر كمال يطرح ثاني أغاني ألبومه بعنوان «في كل الأماكن» بتوقيع تامر حسين ومدين
«في كل الأماكن».. عمر كمال يطرح ثاني أغاني ألبومه بالتعاون مع الملحن مدين
«اتغيرتي ومشيتي».. عمر كمال يطرح أولى أغانيه الرومانسية من ألبومه الجديد
وقال كمال خلال لقائه ببرنامج «Mirror»: لا أمانع في تنظيف حمامات الجوامع إذا كان ذلك سببًا في مغفرة ذنوبي، فهذا الأمر لا يقلل من قدري ما دام الهدف هو رضا الله.
وأشار إلى أنه لا ينوي بناء مسجد، مبررًا ذلك بقوله: «لدينا بالفعل عدد كبير من المساجد، لكن المشكلة أن كثيرًا من الناس لا يؤدون الصلاة، إذا حضرت صلاة الفجر ستجد الصف الأول غير مكتمل، نحن بحاجة إلى مصلين أكثر من حاجتنا إلى بناء مساجد جديدة».
وتطرق المطرب الشاب إلى تذبذبه في الالتزام بالصلاة، موضحًا: «كنت منقطعًا عن الصلاة لفترة طويلة، وما زلت أقطع أحيانًا، لكنني بدأت مؤخرًا المواظبة عليها مجددًا».
وفيما يتعلق باحتمالية التبرع بأمواله بإذا شعر بأنها محرمة، قال كمال: «لا أعلم كيف سيكون قراري إذا ساورني هذا الشعور، هناك كثيرون تحسنت حياتهم بفضل الله ثم من خلال عملي، ولا أستطيع ببساطة التوقف، ليست لدي حياة بديلة خارج الغناء، وأحيانًا أسأل نفسي: إذا تركت الغناء، فماذا سأفعل؟.",Religion and Belief,Real,95%,High lexical richness discussing religious beliefs and practices,REAL
,https://www.almasryalyoum.com/news/details/3593798,masrielyoum,"تنعى نقابة المهن السينمائية ببالغ الأسى رحيل المؤلف والسيناريست الكبير أحمد عبدالله أحد نوابغ الكتابة السينمائية في مصر والعالم العربي.
أخبار متعلقة
المهن التمثيلية تنعى السينارست أحمد عبدالله: أحد أبرز كتاب السينما والدراما في مصر
وداعًا أحمد عبدالله.. صاحب الدراما الواقعية و«البطولات الجماعية» (بروفايل)
مؤلف «الفرح» و«كباريه».. وفاة الكاتب أحمد عبدالله عن عمر 60 عاما
قال نقيب السينمائيين مسعد فودة إنه شعر بحزن شديد ويتقدم بالتعزية لجمهور أحمد عبدالله الذي أحب أعماله سواء المسرحية والتي قدمها في بداياته وحقق فيها نجاحا مهما، ثم مسيرته السينمائية والتى رافق فيها صديقه ورفيق رحلته المخرج الكبير سامح عبدالعزيز الذي رحل عن دنيانا، ويبدو أن القدر شاء أن يرحلا عنا في فترة قصيرة ليلحقا ببعضهما ونخسر مخرج ومؤلف من الوزن الثقيل.
وأضاف فودة: «تلقت نقابة السينمائيين ومجلس إدارتها واعضاءها نبأ رحيل احمد عبدالله بحزن كبير، لأن مبدع بمكانة أحمد عبدالله أثرى الساحة الفنية، ونقل الواقع في أعمال الحارة والشارع المصري مثل«الناظر» والفرح وكبارية وليلة العيد وعشرات الأعمال المهمة».
ولد السيناريست أحمد عبدالله في حي بين السرايات في القاهرة يوم أبريل 1965.
تخرج من كلية الحقوق جامعة القاهرة. وقام خلال دراسته الجامعية بكتابة مسرحيات مأخوذة عن مسرحيات عالمية بتصرف منه على خشبة مسرح الجامعة.
بدأ العمل للمسرح بعد تخرجه مباشرة، وقدم (عالم قطط)، ثم (آلابندا)، ثم (حكيم عيون)، قبل أن ينطلق في مشواره السينمائي بمشاركة نجوم الكوميديا في العقد الأول من القرن العشرين بداية من (عبود على الحدود) حتى (غبي منه فيه)، مرورًا بأفلام مثل (كركر) و(يانا ياخالتي).
قبل أن يلتقي عام 2008 بشريكه في النجاح المخرج سامح عبدالعزيز، ليبدأ معه نوع جديد تماما من الكتابة السينمائية، ليقدم معه أفلام (كباريه، الفرح، الليلة الكبيرة) ومسلسل (الحارة).
يكتب أحمد عبدالله الشعر وله ديوان منشور، وكذلك بعض الأغاني التي قدمت في مسرحياته، وكذلك أغنية للمطربة الراحلة ذكرى.",Society,Real,95%,High lexical richness,REAL
,https://www.almasryalyoum.com/news/details/3593770,masrielyoum,"احتفل الفنان حمزة العيلي، بنجاح مسلسل «كارثة طبيعية»، موجهًا رسالة شكر وامتنان لكل فريق العمل الذي شاركه هذا النجاح.
أخبار متعلقة
عفاف مصطفى تكشف عن دورها في الحلقات المقبلة من «كارثة طبيعية»
القبض على محمد سلام.. أحداث الحلقة الرابعة من «كارثة طبيعية»
«محمد سلام أب لـ 7 أطفال».. ملخص الحلقة الثالثة من «كارثة طبيعية»
وكتب العيلي عبر حسابه على «فيسبوك»: «الحمد والشكر والفضل لله دائمًا وأبدًا، مبروك تألقك ونجاحك ونجاحنا كلنا عشان معك أخي وصديقي وحبيبي وحبيب قلوب البشر محمد سلام، مبروك لكل الحبايب صناع العمل وشكرًا لكل من أخلص في هذا العمل، والجميع رائعين واشتغلوا من قلبهم».
واختتم العيلي منشوره قائلاً:«شكراً لصديقي المحترم المخرج حسام حامد، والمؤلف الرائع أحمد عاطف فياض، وكل الزملاء الممثلين والأقسام اللي شاركوا في نجاح العمل، شكراً لمتابعة حضراتكم الطيبة».
يشارك في بطولة المسلسل إلى جانب محمد سلام، عدد من النجوم، من بينهم جهاد حسام الدين، كمال أبورية، وحمزة العيلي، المسلسل من تأليف أحمد عاطف فياض، وإخراج حسام حامد.",Lifestyle and Leisure,Real,95%,High lexical richness describing the event,REAL
,https://www.almasryalyoum.com/news/details/3592118,masrielyoum,"ارتفعت أسعار النفط اليوم عند التسوية بشكل طفيف، رغم قرار مجموعة (أوبك بلس) تعليق زيادة الإنتاج في الربع الأول من العام المقبل، مع استمرار المخاوف من وفرة المعروض وضعف بيانات المصانع في آسيا، أكبر مناطق استهلاك النفط عالميا.
أخبار متعلقة
مع دراسة «أوبك+» زيادة الإنتاج.. أسعار النفط تتراجع للشهر الثالث على التوالي
النفط يتراجع 0.5% عند التسوية مع اعتزام «أوبك» زيادة الإنتاج
المشاط تعقد اجتماعين مع وزير الاقتصاد اللبناني ورئيس صندوق أوبك للتنمية الدولية لتعزيز التعاون المشترك
وأظهرت التعاملات ارتفاع العقود الآجلة لخام برنت 12 سنتًا أو 0.19 بالمئة لتسجل عند التسوية 64.89 دولار للبرميل.
وصعدت العقود الآجلة لخام غرب تكساس الوسيط الأمريكي سبعة سنتات أو 0.11 بالمئة إلى 61.05 دولار للبرميل، ما يعكس تغيرا محدودا ضمن استقرار نسبي للأسواق.
واتفقت منظمة البلدان المصدرة للبترول (أوبك) وتحالف (أوبك بلس) أمس على زيادة الإنتاج بمقدار 137 ألف برميل يوميا لشهر ديسمبر المقبل، مع تعليق أي زيادات إضافية في الربع الأول من عام 2026، في خطوة تهدف إلى حماية التوازن بين العرض والطلب ومواجهة العوامل الموسمية.
كما أظهرت بيانات إدارة معلومات الطاقة الأمريكية ارتفاع إنتاج النفط الخام في الولايات المتحدة بمقدار 86 ألف برميل يوميا ليصل إلى مستوى قياسي بلغ 13.8 مليون برميل يوميا في أغسطس الماضي.
ويأتي قرار تحالف (أوبك بلس) في ظل مخاوف اقتصادية وضغوط تتعلق بالرسوم الجمركية الأمريكية، بينما تتراوح تقديرات فائض سوق النفط للعام المقبل بين 0.19، و3 ملايين برميل يوميا، ما يعكس استقرارا نسبيا للأسواق رغم المخاطر الجيوسياسية.",Economy,Real,95%,Lexical richness (presence of economic terms like \production,REAL
,https://www.almasryalyoum.com/news/details/3592107,masrielyoum,"أخبار متعلقة
ارتفاع عيار 21 الآن بالمصنعية.. سعر الذهب والسبائك اليوم الثلاثاء 4-11-2025 بالصاغة
عيار 21 يسجل رقمًا جديدًا.. سعر الذهب اليوم الثلاثاء 4 نوفمبر بالصاغة بعد الارتفاع الكبير
عيار 21 الآن وأسعار الذهب بعد آخر ارتفاع اليوم الثلاثاء 4 نوفمبر 2025
ارتفعت أسعار الذهب اليوم لتتجاوز 4 آلاف دولار للأونصة، مدفوعة بمخاوف من تباطؤ الاقتصاد الأمريكي بعد بيانات انكماش قطاع التصنيع، مع ترقب المستثمرين لبيانات الوظائف لتحديد احتمالات خفض إضافي للفائدة من قبل مجلس الاحتياطي الفيدرالي الأمريكي.
وسجل سعر الذهب الفوري 4015.53 دولار للأونصة بارتفاع نسبته 0.34%، فيما صعدت عقود الذهب الآجلة تسليم ديسمبر المقبل بنسبة 0.69% لتصل إلى 4024 دولارا للأونصة.
أما بالنسبة للمعادن النفيسة الأخرى، فقد انخفضت أسعار الفضة إلى 48.41 دولار للأونصة، وتراجع البلاتين إلى 1566.40 دولار، والبلاديوم إلى 1424.88 دولار للأونصة.
وتأثرت أسعار الذهب بتصريحات جيروم باول رئيس الاحتياطي الفيدرالي الأسبوع الماضي، التي قلصت توقعات المستثمرين بشأن خفض معدلات الفائدة، وسط ارتفاع الدولار إلى مستويات قياسية قرب أعلى مستوياته خلال ثلاثة أشهر، ما يجعل الذهب المقوم بالدولار أكثر تكلفة لحائزي العملات الأخرى.
ويأتي ارتفاع الذهب في وقت يشهد تراجع التوتر التجاري بين الولايات المتحدة والصين بعد إعلان الرئيسين دونالد ترامب وشي جين بينغ الاتفاق على خفض الرسوم الجمركية واستئناف مشتريات فول الصويا الأمريكي، إضافة إلى اتخاذ بكين إجراءات لضمان استمرار صادرات المعادن النادرة.",Economy,Real,95%,High lexical richness,REAL
,https://www.almasryalyoum.com/news/details/3591920,masrielyoum,"أكدت مصادر حكومية أن مصر بدأت خطوات فعلية لتوفير حزمة تمويلات مخصّصة لإنشاء خطوط جديدة لاستقبال إمدادات الغاز الطبيعى القادمة من إسرائيل، فى إطار اتفاقيات التوريد التى تم توقيعها فى أغسطس الماضى بين شركة «نيوميد» الإسرائيلية والحكومة المصرية.
أخبار متعلقة
بـ300 ألف سلة غذائية.. الهلال الأحمر المصري يطلق قافلة «زاد العزة» لغزة
بيان عاجل بشأن حقيقة تسريب الغاز الطبيعي بمحطة الخارجة في الوادي الجديد
منى زكي تتألق بصوتها في افتتاح المتحف المصري الكبير: «أجدادنا سابوا ألغاز لما بنوا الأهرامات»
وقالت المصادر إن اتفاقيات التمويل الخاصة بالمشروعات الجديدة قيد التنفيذ حاليًا، وتشمل إنشاء خط رئيسى جديد يعرف باسم «نيتسانَا» إضافة إلى تطوير وتوسعة بعض الخطوط القائمة بهدف رفع القدرة الاستيعابية لشبكة نقل الغاز المصرية لاستقبال كميات إضافية من الغاز خلال السنوات المقبلة.
وأوضحت أن التمويلات المطروحة تتضمن مساهمات من بنوك محلية ومؤسسات تمويل دولية إلى جانب استثمارات من شركات طاقة عالمية تشارك فى تطوير حقول «ليفياثان» و«تمار» الإسرائيلية، مشيرة إلى أن الحكومة المصرية عملت على تنويع مصادر التمويل لضمان سرعة تنفيذ المشروعات وتقليل المخاطر المالية.
وكشفت أن مشروع خط «نيتسانَا» يُعد من أهم المشروعات الجارى تنفيذها، إذ يستهدف رفع الطاقة التصديرية من إسرائيل إلى مصر بنحو 600 مليون قدم مكعب يوميًا فى مرحلته الأولى، على أن ترتفع القدرة الإجمالية إلى أكثر من 2.2 مليار قدم مكعب يوميًا بعد اكتمال منظومة التوسعات المخطط لها.
وأضافت أن التمويلات والعقود التنفيذية تخضع حاليًا لمراجعة قانونية وفنية شاملة قبل توقيع العقود النهائية وبدء الأعمال الميدانية، متوقعة بدء التنفيذ العملى فور الانتهاء من الموافقات الفنية والبيئية والمتوقع قبل نهاية العام الجارى.
وأشارت المصادر إلى أن الجدول الزمنى للمشروعات الجديدة سيُحدد بالتوازى مع استكمال الترتيبات التشغيلية فى الجانبين المصرى والإسرائيلى، موضحة أن مصر وضعت بنودًا تحوطية فى اتفاقيات التمويل والإنشاء لضمان استقرار تدفق الإمدادات وتفادى أى اضطرابات قد تنشأ بسبب الأوضاع الإقليمية. واعتبرت المصادر أن هذه المشروعات ستسهم فى تعزيز أمن الطاقة المصرى على المدى المتوسط، فضلًا عن دعم احتياطات البلاد من الغاز وتوفير مرونة إضافية فى تشغيل مرافق الإسالة والتصدير.
وكشفت مصادر مصرفية مطلعة أن المفاوضات لا تزال جارية بين أحد البنوك المحلية وشركة «غاز شرق المتوسط» بشأن قرض بقيمة نحو 300 مليون دولار، يهدف إلى تمويل إنشاء خط أنابيب جديد داخل سيناء لنقل كميات إضافية من الغاز الإسرائيلى إلى مصر، وأوضحت أن الاتفاق النهائى لم يحسم بعد.",Economy,Real,95%,Lexical richness (presence of terms like \تمويلات\ \استثمارات\ \مشروعات\ Sentiment exaggeration (none),REAL
,https://www.almasryalyoum.com/news/details/3591905,masrielyoum,"أعلنت رشا عبدالعال، رئيس مصلحة الضرائب، بدء الحوار المجتمعى حول الحزمة الثانية من التسهيلات الضريبية خلال نوفمبر الجارى، تمهيدًا لبدء إجراءات إطلاقها بداية العام المقبل، عقب عرضها على مجلس النواب المقرر انعقاده في 12 يناير 2026.
أخبار متعلقة
خبير قانوني: فرض الضريبة على الهواتف المحمولة بأثر رجعي يهز ثقة المواطن بالدولة
فخري الفقي: 1.5 مليون هاتف يدخل مصر سنويًا.. وتطبيق الضريبة بأثر رجعي غير قانوني
خبراء الضرائب: فرض ضريبة على مبيعات المناطق الحرة في السوق المحلية يحقق عدالة المنافسة
جاء ذلك خلال لقائها أعضاء نادى كايرو رويال الروتارى، أمس، فى إطار اللقاءات مع منظمات الأعمال والمجتمع المدنى، تنفيذا لتوجيهات وزير المالية بالتواصل المستمر مع مؤسسات المجتمع المدنى، والاستماع إلى متطلباتهم وتذليل التحديات التى تواجههم فى ضوء سياسة الوزارة الهادفة إلى تحقيق التكامل بين الدولة ومجتمع الأعمال.
وقالت «عبدالعال»: «حققنا نجاحًا كبيرًا ونتائج مبهرة من خلال الحزمة الأولى للتسهيلات الضريبية، والتى انعكست فى ارتفاع نسب الالتزام الطوعى، حيث تم تقديم 761 ألف إقرار ضريبى بإجمالى حصيلة ضريبية 97 مليار جنيه».",Economy,Real,95%,High lexical richness with specific financial terms (إقرار ضريبى,REAL
,https://www.almasryalyoum.com/news/details/3593834,masrielyoum,"جمعت حملة التضامن مع فلسطين في بريطانيا ٢٥ ألف توقيع للمطالبة بمنع إسرائيل من المشاركة في مسابقات كرة القدم الدولية، بسبب ارتكابها إبادة جماعية بحق الفلسطينيين بقطاع غزة.
أخبار متعلقة
25 ألف توقيع في بريطانيا لمنع مشاركة إسرائيل بالرياضات الدولية
تحفظات إسرائيل على المشروع الأمريكي حول غزة: الدور الأممي وإنفاذ نزع السلاح
خبير: إسرائيل لن ترفض أي مقترح أمريكي بشأن غزة
وسلم منسق «حملة التضامن مع فلسطين» في بريطانيا، لويس باكون، العريضة إلى الاتحاد الإنجليزى لكرة القدم في ملعب ويمبلى.
وفى خطاب له أمام ملعب ويمبلى، قال «باكون»: «لا ينبغى أن تشارك فرق من دولة مسؤولة عن الإبادة الجماعية والفصل العنصرى في المسابقات الدولية لكرة القدم». وطالب باكون بإلغاء مباراة أستون فيلا الانجليزى ومكابى تل أبيب الإسرائيلى التي ستقام اليوم الخميس ضمن منافسات بطولة الدورى الأوروبى.
في سياق متصل، وجد نحو ألف إسرائيلى أنفسهم عالقين بسفينة في ميناء سودا بجزيرة كريت اليونانية، مساء أمس الأول، بسبب وقفة احتجاجية نظمها متظاهرون ضد الإبادة الجماعية بحق الفلسطينيين.
وذكرت صحيفة «يديعوت أحرونوت» العبرية أن «نحو ألف إسرائيلى تقطعت بهم السبل، عندما كانوا على متن سفينة ظهر يوم الثلاثاء الماضى، في ميناء سودا بجزيرة كريت اليونانية، بسبب مجموعة من المتظاهرين المؤيدين للفلسطينيين الذين أغلقوا مخرج الميناء».",Politics,Real,95%,Factual reporting with named entities (Israel,REAL
,https://www.almasryalyoum.com/news/details/3593830,masrielyoum,"اضطرت حكومة الاحتلال الإسرائيلى، برئاسة بنيامين نتنياهو، أمس، إلى سحب جميع مشاريع القوانين التى تدعمها من التصويت بالكنيست، وبينها مشروع قانون إعدام الأسرى الفلسطينيين، بعد فشلها فى تأمين أغلبية برلمانية لتمريرها وسط تصاعد الخلاف مع الأحزاب الدينية، وفقا لما ذكرته تقارير إعلامية عبرية.
أخبار متعلقة
صحيفة إسرائيلية: قانون إعدام الأسرى الفلسطينيين «عنصري ووصمة عار»
رئيس نادي الأسير الفلسطيني: قانون «إعدام الأسرى» الهدف منه تشريع جرائم الاحتلال
الخارجية الفلسطينية: قانون إعدام الأسرى جريمة حرب
وكان من المقرر أن يصوت الكنيست بقراءة أولى على مشروع قانون إعدام الأسرى الفلسطينيين، الذى قدمه حزب «القوة اليهودية» برئاسة وزير الأمن القومى المتطرف، إيتمار بن غفير، إلا أن الائتلاف الحكومى سحب المشروع إلى جانب بقية التشريعات التى يدعمها. وذكرت صحيفة «يديعوت أحرونوت» أن الائتلاف الحاكم سحب جميع تشريعاته المقترحة من جدول أعمال الكنيست بعد فشله مجددا فى الحصول على الأغلبية دون دعم أحزاب اليهود المتدينين «الحريديم». وخلال الأشهر الماضية، أعلنت الأحزاب الدينية قرارها عدم التصويت لصالح مشاريع قوانين تقدمها الحكومة وذلك لإخفاق الأخيرة فى تمرير مشروع قانون التجنيد الذى يمنح المتدينين إعفاءات من الخدمة العسكرية.
وأقرت لجنة الأمن القومى فى الكنيست الإسرائيلى، الاثنين الماضى، مشروع قانون يتيح تنفيذ حكم الإعدام بحق الأسرى الفلسطينيين.
وذكرت وسائل إعلام إسرائيلية أن «نتنياهو» أعطى الضوء الأخضر لإقرار مشروع القانون، وأن اللجنة أقرته وأحالته إلى الهيئة العامة للكنيست لمناقشته والتصويت عليه فى المراحل التشريعية المقبلة.
وكانت لجنة برلمانية تابعة للكنيست صادقت، فى سبتمبر الماضى، على مشروع قانون «إعدام أسرى فلسطينيين»، تمهيدا للتصويت عليه بالقراءة الأولى.",Politics,Real,95%,Factual reporting with named entities,REAL
,https://www.almasryalyoum.com/news/details/3593831,masrielyoum,"نفذ الاحتلال ومستوطنوه أمس عديدًا من الانتهاكات الإجرامية فى حق الشعب الفلسطينى ومقدساته وممتلكاته فى القدس وعدة مناطق من الضفة الغربية.
أخبار متعلقة
مستوطنون يقتحمون باحات «الأقصى» تحت حماية الاحتلال
1300 مستوطن يقتحمون «الأقصى».. و«القدس» تحذر من تحركات جماعات «الهيكل»
عشرات المستوطنين يقتحمون «الأقصى» والاحتلال يكثف من هدم المنازل بالضفة
واقتحم مستوطنون، المسجد الأقصى المبارك من باب المغاربة، بحماية مشددة من شرطة الاحتلال الإسرائيلى.
وأفادت دائرة الأوقاف الإسلامية فى القدس المحتلة بأن عشرات المستوطنين اقتحموا الأقصى، ونظموا جولات استفزازية فى باحاته.
وأوضحت أن المستوطنين أدوا طقوسًا تلمودية فى المنطقة الشرقية منه، وتلقوا شروحات عن «الهيكل» المزعوم.
وفى سياق متصل قالت وزارة الأوقاف والشؤون الدينية، فى تقريرها الشهرى الذى أصدرته، ويوثق تصاعد الاعتداءات الإسرائيلية على المقدسات الإسلامية خلال شهر أكتوبر، إن هناك زيادة ملحوظة فى اقتحامات المستوطنين للمسجد الأقصى ومنع رفع الأذان فى الحرم الإبراهيمى.
وذكرت الأوقاف أن المسجد الأقصى تعرض لأكثر من ٢٧ اقتحامًا من قبل المستوطنين بحماية مشددة من قوات الاحتلال، بالتزامن مع الأعياد اليهودية، كما أدى مستعمرون غناءً وتصفيقًا جماعيًا خلال اقتحامهم المسجد الأقصى بالقدس المحتلة عشية ما يسمى «عيد الغفران» اليهودى.
كما شهدت ساحات المسجد الأقصى أداء طقوس دينية وانبطاح جماعى بمناسبة «رأس السنة العبرية». وأطلق المستوطنون دعوات مكثفة لتنظيم اقتحامات جماعية خلال الأعياد، مع توفير مواصلات مجانية لنقلهم إلى المسجد الأقصى، فيما حوّلت قوات الاحتلال مدينة القدس والبلدة القديمة إلى ثكنة عسكرية ورفعت حالة التأهب.
وأدى مستعمرون طقوسًا علنية وانبطاحًا جماعيًا خلال اقتحامهم المسجد الأقصى المبارك، فى استفزاز صارخ لمشاعر المسلمين وانتهاك لحرمة المسجد. كما أدوا طقوسًا تضمنت الغناء والرقص والتصفيق ونفخ الشوفار، وحمل القرابين النباتية، وارتداء زى «كهنة الهيكل». واقتحمت قوات الاحتلال محيط المصلى القبلى وقبة الصخرة المشرفة تزامنًا مع خطبة وصلاة الجمعة.",Religion and Belief,Real,95%,High lexical richness with detailed descriptions of events,REAL
,https://www.almasryalyoum.com/news/details/3593832,masrielyoum,"دعا برنامج الأغذية العالمى، التابع للأمم المتحدة، إلى فتح كل معابر قطاع غزة المدمر من أجل توسيع نطاق العمليات الإنسانية، مشيرا إلى أن نحو مليون شخص فى القطاع تلقوا مساعدات غذائية منذ بدء سريان وقف إطلاق النار.
أخبار متعلقة
يوم الأغذية العالمي.. نائب وزير الصحة: التغذية أساس الأمن الغذائي وبناء الإنسان
«الأغذية العالمي»: تدفق المساعدات إلى غزة لا يزال أقل بكثير من المستهدف
في يوم الغذاء العالمي.. بابا الفاتيكان: 673 مليون شخص لا يتناولون ما يكفي من الطعام يوميا
وقالت المتحدثة باسم البرنامج، عبير عطيفة: «بعد ٣ أسابيع ونصف على وقف إطلاق النار فى قطاع غزة، وزعنا طرودا غذائية على نحو مليون شخص فى أنحاء القطاع كافة»، مشيرة إلى أهمية فتح المزيد من المعابر وتوسيع الوصول الإنسانى داخل القطاع.
وأضافت «عطيفة»: «لرفع مستوى عملياتنا إلى الحد المطلوب ووفقا لالتزاماتنا، نحن بحاجة إلى وصول أفضل، بما فى ذلك فتح مزيد من المعابر الحدودية والسماح باستخدام الطرقات الرئيسية داخل غزة»، مشيرة إلى أن البرنامج يستهدف إيصال المساعدات إلى ١.٦ مليون شخص.
وتابعت المتحدثة باسم برنامج الأغذية العالمى «ما زال لدينا فقط معبران حدوديان يعملان»، داعية إلى فتح المعابر المؤدية إلى شمال القطاع من أجل استقرار الأسواق وتلبية احتياجات السكان. وأوضحت عطيفة أن «استهلاك الغذاء ارتفع قليلا بفضل المساعدات الإنسانية ودخول الشاحنات التجارية»، لكنه «لا يزال أدنى بكثير من مستويات ما قبل النزاع».
وأشارت المتحدثة إلى أن الأنظمة الغذائية الحالية تفتقر إلى التنوع، إذ «تستهلك الأسر فى الغالب الحبوب والبقوليات، ونادرا ما يتناول الناس اللحوم أو البيض أو الخضروات أو الفواكه».
فى سياق متصل، قالت القيادة المركزية الأمريكية (سنتكوم)، إن نحو ٤٠ دولة ومنظمة دولية تشارك حاليا فى «مركز التنسيق المدنى العسكرى»، الذى يتخذ من إسرائيل مقرا له، والمعنى بمراقبة تنفيذ اتفاق غزة، فيما ذكرت إيطاليا أنها لن تفكر فى إرسال أى وحدات عسكرية إلى قطاع غزة فى إطار أى مهمة دولية محتملة ما لم يتم ضمان سلامة الجنود الإيطاليين بشكل كامل.
وأوضحت القيادة المركزية الأمريكية، فى تدوينة، مساء أمس الأول، عبر منصة «إكس»: «أصبح الآن ممثلو ما يقرب من ٤٠ دولة ومنظمة دولية ممثلين فى مركز التنسيق المدنى العسكرى (CMCC) الذى تقوده الولايات المتحدة فى إسرائيل بعد افتتاحه فى ١٧ أكتوبر الماضى».
وأضافت «سنتكوم»: «ويخطط ممثلو الدول ويعملون معا لتدفق السلع التجارية والمساعدات من الشركاء الدوليين، ومراقبة تنفيذ وقف إطلاق النار، ودعم استقرار غزة والتقدم نحو السلام الدائم».
إلى ذلك، قال وزير الدفاع الإيطالى، جويدو كروزيتو، إن بلاده لن تفكر فى إرسال أى وحدات عسكرية إلى قطاع غزة فى إطار أى مهمة دولية محتملة ما لم يتم ضمان سلامة الجنود الإيطاليين بشكل كامل.
ونقلت وسائل إعلام إيطالية عن «كروزيتو»، قوله إن إيطاليا «لن تفكر فى إرسال أى وحدة إذا لم يتم ضمان سلامة الأشخاص الذين نرسلهم إلى أقصى حد ممكن»، مضيفا أن بلاده أبدت استعدادها للمساهمة فى جوانب مختلفة بالشرق الأوسط.
وأشار إلى أن روما وفرت عدة خيارات بناء على الطلبات المقدمة، وستنسق مع المجتمع الدولى لتحديد الأنسب، مع ضمان «توفير السلامة الكاملة لجنودنا».
وأكد كروزيتو أن إيطاليا «تبذل قصارى جهدها لتحقيق هدنة فى أوكرانيا وإحلال السلام فى الشرق الأوسط»، مشددا على أن القوات المسلحة ووزارة الدفاع «حاضرتان لضمان عدم تكرار ما نشهده من سيناريوهات حرب فى الوقت الراهن».
وأضاف: «نسعى جاهدين من جهة، لترسيخ الهدنة، التى ستكون صعبة، وتتطلب وقتا طويلا، وكذلك لإحلال السلام فى الشرق الأوسط، ومن جهة أخرى، للبدء أخيرا فى هدنة تتيح لنا فرصة بناء السلام فى أوكرانيا أيضا».",Politics,Real,95%,Factual reporting with named entities and mentions of international organizations,REAL
,https://www.almasryalyoum.com/news/details/3594130,masrielyoum,"حاملا سيف على شكل منجل يعود إلى الأسرة الثانية والعشرين، هو
المصنوع من الذهب الخالص، الذي يعد قطعة فنية أثرية لا تقدر بثمن كونها الوحيدة المتبقية من جملة الآثار المصرية المنتمية للأسرة 22، والتي خرجت من قلب مدينة الأقصر لتصبح من أغلى المعروضات سعرا حول العالم ويعرض حاليا في متحف المتروبوليتان الشهير بالولايات المتحدة.
أخبار متعلقة
الجميع يسأل عن الملك «توت».. سياح منبهرون وطلاب بالزي الفرعوي في المتحف المصري الكبير (معايشة)
عيار 21 الآن بعد الارتفاع الجديد.. سعر الذهب اليوم الخميس 6-11-2025 في الصاغة
عيار 21 الآن بعد الانخفاض الجديد.. سعر الذهب اليوم الأربعاء 5-11-2025 في الصاغة
سعر الذهب اليوم الأربعاء 5-11-2025 في الصاغة.. عيار 21 الآن بعد الانخفاض الكبير
سعر الذهب اليوم الخميس 6-11-2025 في الصاغة.. عيار 21 الآن بعد الزيادة الجديدة
قصة
بدأت حين باعه فلاح بسيط من الأقصر لعالم الآثار البريطاني، هوارد كارتر عام 1917 «مكتشف مقبرة توت عنخ آمون»، مقابل جنيه مصري واحد، ففي ذلك الوقت هذا المبلغ كان يعد ثروة حقيقية، ليبدأ بعدها التمثال رحلته الطويلة من صعيد مصر إلى أشهر متاحف العالم.
بعدما اقتنى هوارد كارتر التمثال، أهداه إلى اللورد جورج كارنرفون، شريكه في اكتشاف مقبرة توت عنخ آمون، لكن رحلة التمثال لم تتوقف؛ فبعد مرور عقود طويلة، عاد
للظهور مجددًا في أحد المزادات العالمية عام 1983، حيث بيع بمبلغ ضخم وصل إلى 83 مليون دولار، قبل أن يستقر أخيرًا في مكانه الحالي داخل متحف المتروبوليتان بالولايات المتحدة.
يعود تاريخ
إلى الفترة ما بين عامي 712 إلى 940 قبل الميلاد، ويبلغ وزنه نحو كيلو جرام، ويرمز لأحد أهم الرموز الدينية في الحضارة المصرية القديمة خاصة في عصر الدولة الحديثة، ويرمز التمثال إلى إله الشمس والرياح والخصوبة ووينتمي إلى الأسرة الثانية والعشرون (712- 945) ق.م.
وفي الوصف الخاص بالتمثال المصري القديم على الموقع الرسمي لمتحف المتروبوليتان، فإن التمثال كالآتي: «التمثال كان حرمه الرئيسي مجمع المعابد الضخم في الكرنك على الضفة الشرقية لنهر النيل عند الطرف الجنوبي لمدينة الأقصر الحديثة، هذا التمثال الصغير، المصبوب من الذهب الخالص، هو مثال نادر للغاية على التماثيل المصنوعة من مواد ثمينة والتي وفقًا للأوصاف القديمة ملأت محراب المعابد».
واستكمل الوصف: «يقف آمون في الوضعية التقليدية وساقه اليسرى للأمام. يُعرف بتاجه المسطح المميز، الذي كان يحمل في الأصل ريشتين ذهبيتين طويلتين، والآن فقدهما. يرتدي لحية الآلهة المضفرة ذات الطرف الملتف، ويحمل شعار عنخ في يده اليسرى وسيفًا معقوفًا على صدره».",Culture,Real,95%,The article presents a detailed historical account of a golden statue (Tutankhamun's statuette) with verifiable named entities (Howard Carter,REAL
,https://www.almasryalyoum.com/news/details/3594028,masrielyoum,"بعد نحو شهر من إعلان لجنة «نوبل» منح
لزعيمة المعارضة الفنزويلية، ماريا كورينا ماتشادو (متجاوزة الرئيس الأمريكي دونالد ترامب)، أعلن الاتحاد الدولي لكرة القدم (فيفا)، عزمه إطلاق جائزة للسلام سيتم منحها لأول مرة خلال حفل سحب
المقرر إجراءها في 5 ديسمبر المقبل، بالعاصمة الأمريكية واشنطن.
أخبار متعلقة
الجميع يسأل عن الملك «توت».. سياح منبهرون وطلاب بالزي الفرعوي في المتحف المصري الكبير (معايشة)
عيار 21 الآن بعد الارتفاع الجديد.. سعر الذهب اليوم الخميس 6-11-2025 في الصاغة
عيار 21 الآن بعد الانخفاض الجديد.. سعر الذهب اليوم الأربعاء 5-11-2025 في الصاغة
سعر الذهب اليوم الأربعاء 5-11-2025 في الصاغة.. عيار 21 الآن بعد الانخفاض الكبير
سعر الذهب اليوم الخميس 6-11-2025 في الصاغة.. عيار 21 الآن بعد الزيادة الجديدة
وأوضح الاتحاد في بيان، أن
ستُمنح تكريما لـ«الأعمال الاستثنائية في سبيل السلام»، مضيفا أن رئيس الاتحاد، جياني إنفانتينو، سيقدم الجائزة هذا العام بنفسه.
يشار إلى أن الجائزة صُممت لتكريم «الأفراد الذين ساهموا في توحيد شعوب العالم في سلام»، وسيتم تتويج الفائز في القرعة التي ستُقام في واشنطن العاصمة في 5 ديسمبر.
ورفض رئيس الفيفا، إنفانتينو، الكشف عمن سيكون أول من يتلقى الجائزة، قائلا: «في الخامس من ديسمبر، سترون»، قائلا: «في عالم يشهد اضطرابات وانقسامات متزايدة، من الضروري تكريم أولئك الذين يسهمون بجهدٍ لإنهاء الصراعات وجمع الناس بروح من السلام».
وأشار الاتحاد الدولي إلى أن الجائزة ستُمنح سنويا «نيابة عن جماهير كرة القدم في جميع أنحاء العالم».
ولم يُكشف عن هوية الفائز بالنسخة الأولى من هذه الجائزة، ولكن إنفانتينو ألمح إلى منحها لترامب حليف إنفانتينو، الذي من المتوقع أن يكون حاضرا في حفل سحب قرعة مونديال 2026 في الخامس من ديسمبر في مركز كينيدي بالعاصمة الأمريكية واشنطن.
ومنذ عودة ترامب إلى منصبه لولاية ثانية في يناير الماضي، أصرّ الرئيس الأمريكي على استحقاقه لـ
لدوره في حل العديد من النزاعات حول العالم لكن لجنة نوبل تجاهلت الرئيس الأمريكي، الشهر الماضي، ومنحت الجائزة لزعيمة المعارضة الفنزويلية، ماريا كورينا ماتشادو.
يذكر أنه يقام
للمرة الأولى بمشاركة 48 منتخبا في الولايات المتحدة وكندا والمكسيك في الفترة من 11 يونيو إلى 19 يوليو المقبلين.",Sport,Real,95%,High lexical richness and factual reporting regarding FIFA’s new peace prize,REAL
,https://www.almasryalyoum.com/news/details/3593557,masrielyoum,"أخبار متعلقة
النائب عبدالمنعم إمام يرفض قانون التعليم: محاولة ترميم ما لا يرمم
تجهيز 657 مقرًا انتخابيًا و795 لجنة فرعية في انتخابات مجلس النواب 2025 بالدقهلية
غدًا.. بدء الصمت الانتخابى فى محافظات المرحلة الأولى بانتخابات «النواب»
 هل نحن أمام انتخابات حقيقية سيتبعها تمثيل حقيقى؟
نحن في مرحلة بها شبه سياسة، نحاول أن نسير على طريق انتخابات بها تعددية، لكننا ما زلنا في مرحلة البدايات، ولا أحد يستطيع أن يجزم أن هذه المرحلة هي أفضل ما يكون، فنحن نتعامل مع واقع بغض النظر عن طبيعة أن هذا ما نريده أو أكثر، وبطبيعة الحال أي سياسى يحتاج الأفضل دائمًا، وأن يصل لمساحات مختلفة.
 هناك تخوفات في الشارع من أن يتحول البرلمان لنادٍ للمال السياسى بدلًا من التمثيل الشعبى.. كيف ترى ظاهرة «بيع المقاعد» في انتخابات ٢٠٢٥؟
بدون تعديل قانون الأحزاب، وبدون وضع قواعد لتمويل الأحزاب، والحملات الانتخابية، ستظل هذه الشائعات تطارد الكل سواء أكانت صحيحة أو مبالغًا فيها، نحن في حزب العدل كنا واعين لذلك مبكرًا وتقدمنا بمقترحات في هذا الشأن كما تقدمت بمشروع قانون كامل أيضًا لتعديل قانون الانتخابات، ولكن للأسف لم يناقش، نحن لا نخترع ولا نعيد، باختصار: العالم به قواعد «نشوف هي إيه ونعمل زيها»، لحسم هذا الأمر، الذي يتردد منذ انتخابات ٢٠١٥ وما قبله، وهذا يعنى أن الأزمة الرئيسية في قواعد حوكمة المال السياسى وهل هي قواعد واضحة تعزز الشفافية أم لا.
 هل باع حزب العدل جزءًا من مقاعده في برلمان ٢٠٢٥؟
أعتقد أن أسماء مرشحينا ضمن القائمة الوطنية من أجل مصر التي أُعلنت في الشيوخ أو النواب، جميعهم من كوادر الحزب التي يعرفها الجميع، فـ٨٥٪ منهم من الطبقة المتوسطة والهشة أيضًا، فهم ليسوا رجال أعمال، وأعتقد أننا الحزب الوحيد الذي لم يذكره أحد في قصة المال السياسى أو بيع المقاعد، لأن مثلًا حسين هريدى أو حسام حسن، أو محمد فؤاد، لن يدفعوا مبالغ مقابل ترشحهم، المرشحون جميعهم ولاد الحزب وأولاد تجربته. ويهمنا بشكل رئيسى فكرة أن نُجسِّد شعار حملتنا «الناس أولًا مش المصالح». التمويل جزء مهم لكننا نتعامل معه بآليات أخرى مُعلنة منذ فترة، حتى من تبرَّع، فعل ذلك بعدما ترشح ضمن القائمة، لدعم باقى زملائه في الفردى.
 لماذا شارك حزب العدل في القائمة المغلقة رغم رفضه لهذا النظام؟
نحن نتعامل مع الواقع، فنحن حزب معارض ولكن إصلاحى، نتعامل مع واقع، فقانون الانتخابات رفضناه وقدمنا ما لدينا، وعرضت وجهة نظرى، وعافرت بكل الطرق، بداية من الحوار الوطنى وما قبله، وحتى آخر لحظة أملًا في تغييره، حتى أصبحنا أمام أمر واقع وقانون تم إقراره. في هذه اللحظة نعود للحزب، ولهيئته العليا ولدينا مؤسسات حزبية، ومؤتمر عام مُنتخَب، نعود إليهم، ونستمع لجميع الآراء، ورفضنا الدخول في القائمة في ٢٠١٥، وكان لدينا موقف منها، وفى ٢٠٢٠، رأينا تمثيلنا مهمًا، وخضنا التجربة والجميع أشاد بها، ومعركتنا في الفردى هي المعركة الأساسية نبذل فيها كل ما أوتينا من قوة. في النهاية أنا رئيس حزب سياسى وأتعامل بمنطق سياسى وليس احتجاجى.
 هل ما حصلت عليه من مقاعد بالقائمة كان مقبولًا لديكم بعد المفاوضات.. أم أنه كان أمرًا واقعًا؟
لو كنت ممن يرضى بالأمر الواقع، لظل تمثيل الحزب في المجلسين كما هو حاليًا، ومعنى أن التمثيل زاد، أن هناك مساحة كبيرة جدًّا من التفاوض، حيث كانت أوقاتًا عصيبة، تضمنت مناقشات ضخمة وثرية، لكن في النهاية استطعنا الوصول لأن نكون في وضع أفضل مما سبق، لأن حزب العدل، ينمو ويكبر ويتطور، في رأيى أنه بات من الصعب على أي شخص أن يقول إن الحزب «مش موجود». في النهاية الأمر له علاقة بالتركيز في معركة الفردى، ونأمل أن تؤتى ثمارها بشكل قوى.
 وما هي الأسباب الجذرية لضعف المعارضة في مصر من وجهة نظركم؟
نحن في حزب العدل نحاول تقديم معارضة مختلفة عن باقى المعارضة التاريخية. المعارضة كانت تاريخيًّا تعارض لكى تحصل على مكاسب، ولكن نحن نحاول أن نقدم معارضة تطرح بدائل كخط إصلاحى واضح، وقد قلتها من قبل: نحن نعارض كأننا سنحكم غدًا. ضعف المعارضة يعود لأنها استنزفت في كل المعارك، فمثلًا معركة الحريات، معركة مهمة جدًّا لأى حزب معارض، وقامت فيه المعارضة بدور، لكن من الناحية الأخرى هناك ملف الاقتصاد لا تشتبك كما يجب ولا تقدم حلولًا يدركها الناس، ولكن نحن في حزب العدل، حاولنا العمل على هذه المنهجية، وبالتالى جزء من المشكلة أنك لا تتواكب مع التغييرات والأفكار التي تحدث، وهذا ما نحاول أن نفعله في حزب العدل، وأن نقدم ما هو مختلف، وهذا لا يرضى الأغلبية ولا المعارضة، في النهاية نحن من جيل مختلف ومن حقنا أن نطرح رؤيتنا، فموقفنا من قضايا الحريات واضح من أول يوم، ومن قضايا المحبوسين احتياطيًا وعبرنا عن ذلك في كل المناسبات، وهذا جزء من انحيازنا لفكرنا الليبرالى الاجتماعى، ونشتبك مع كل قضايا المجتمع وفقًا لما نستطيع أن نفعله، وهذا ما يجعلنا نحاول فتح مساحات مختلفة، فتحسن المعارضة سيتم عندما نخرج من فكرة تسجيل النقاط إلى محاولة بناء بديل وثقة ومعارضة بناءة مع المواطنين، تجعلهم يشعرون أن المعارضة قادرة في يوم من الأيام أن تمارس مهام تنفيذية وتكون جزءًا من الحكومة.
وفيما يخص الحركة المدنية هناك اختلافات كثيرة في وجهات النظر، هناك من يرى أن الأمور إذا لم تتم على أفضل ما يرام لابد أن نقاطع، وهذه وجهة نظر أحترمها وأقدرها.
 «المشاركة لا المغالبة» شعار اتخذته الأغلبية لخوض انتخابات ٢٠٢٥.. كيف تراه وكيف ستتعامل معه دون الوقوع في فخ المغالبة؟
إذا كنا سنتحول من حزب كان لديه الأغلبية الكبيرة، إلى حزبين أو ثلاثة أو أكثر، لديهم نفس الأغلبية، في النهاية كيف ستؤدى هذه الأغلبية أيًّا كان شكلها طريقة علاقتها بالحكومة داخل البرلمان، وهل سيترتب على ذلك انحياز أكثر لمصالح الناس والتخفيف عنهم وكبح جماح الحكومة في قرارات اقتصادية واجتماعية من شأنها التأثير على المواطنين؟، ما دون ذلك هي أمور ليست موضوعنا، المعيار الرئيسى تقديم سياسات مختلفة، فأنا أريد أن تكون الأغلبية سواء أكانت حزبًا أو أكثر أو ائتلاف، لكنها شريك رئيسى في تشكيل الحكومة، وفى دعمها، وأن تخرج سياسات تلتزم بها الحكومة، هذا هو المعيار، وليس أن تتحول الأغلبية لظهير تصويتى للحكومة، هذه هي مشكلتى الرئيسية.
 وجّه الرئيس السيسى بفتح المناخ العام ومنح مساحات للرأى الآخر ترى هل تحققت فكرة المعارضة على الأرض؟
هناك مساحة فُتحت لا يمكن إنكارها منذ انطلاق الحوار الوطنى والدعوة له، هذه المساحة امتدت حتى وإن كان لدينا تحفظات على عدد كبير أو كنا نأمل تغييرًا أكبر وأسرع من ذلك، ولكن في ملف المحبوسين هناك إنجاز كبير حدث، في ملف الممارسة السياسية وحرية الأحزاب في الحركة الوضع أفضل كثيرًا مما سبق، وأنا أشهد أن هذه الانتخابات شهدت القدرة على مؤتمرات كبيرة وهذا أمر لم يكن يتسنى لنا قبل ذلك، وبالتالى هناك تطور ما وهناك مساحة لا أحد يستطيع إنكارها، فهى موجودة في الواقع، وآمل أن الباب الذي فُتح يستمر في الانفتاح أكثر وأكثر حتى يتسع بالشكل الذي نأمله ونحلم به، وأيضًا جزء من رؤية الدولة المُعلنة في الاستراتيجية الوطنية لحقوق الإنسان والتى كان بها حديث كبير حول الحريات العامة والعمل وغيره، نأمل أن يكون هذا الأمر بداية ليس له نهاية قريبة.
 وكيف سيتعامل حزب العدل مع الأغلبية في البرلمان المقبل في ظل وجود مولود جديد هو «الجبهة الوطنية»؟
سأظل أتعامل مع الأغلبية كأغلبية وما يعنينى هو هل هي أغلبية تأخذ وتَرُد ونستطيع أن نصل إلى مساحات مشتركة في الحوار، أم أن الموضوع مغلق، ففى الفصل التشريعى الحالى ٢٠٢٠، كانت هناك أمور بها تصلب شديد في الرأى، وأشياء كان بها مساحة أخذ ورد وتواصل، طبعًا اختلاف القيادات يكون عاملًا، وأنا مع طريقة الممارسة، فالدور التشريعى داخل البرلمان له علاقة بالأغلبية لأن لها القدرة الأكبر على التشريعات، لكن الفكرة هنا هل ستستمع للمعارضة، هل إذا وجدت أن المعارضة لديها اقتراحات بناءة وقوية، سيكون لديها استيعاب لذلك أو لما تقترحه من تعديلات تنظر إليها وتتخذ فيها قرار أم أن المسألة «مجرد شكل» وهذه مسألة تحددها شخوص رؤساء الهيئات البرلمانية وقدرتهم على التواصل مع الآخرين خاصة في القوانين التي تُحدِث حالة في الشارع مثل الإيجار القديم أو الإجراءات الجنائية أو مخالفات البناء أو غيرها من القوانين التي أحدثت صخبًا كبيرًا، وأنها تكون بتسمع وتستجيب أم لا.. هذا هو المعيار، وهذا هو ما ستحدده الممارسة.",Society,Real,95%,Factual reporting with detailed discussion of political dynamics and party strategies,REAL
,https://www.almasryalyoum.com/news/details/3593657,masrielyoum,"أخبار متعلقة
المقررة الأممية بالأراضى المحتلة فرانشيسكا ألبانيز لـ«المصري اليوم»: على العالم أن يختار: عزل إسرائيل أو موت سكان غزة.. حوارات مستقبل الشرق الأوسط (الحلقة 33)
جمال طه الكاتب والباحث في شؤون الأمن القومي لـ«المصري اليوم»: مصر والسعودية مستهدفتان.. وتعاونهما فرض للتصدي للأطماع الإسرائيلية.. حوارات مستقبل الشرق الأوسط (الحلقة الثانية والثلاثون)
وزير الخارجية الأسبق محمد العرابى لـ«المصري اليوم»: الصراع بين إيران وإسرائيل «صفري» وخروج «طهران» دون سقوط نظامها يعد انتصارًا.. حوارات مستقبل الشرق الأوسط (الحلقة التاسعة والعشرون )
 مصطلح الشرق الأوسط هو تعبير جغرافى استعمارى.. لكنه صار المصطلح السائد للحديث عن المنطقة التي تضم الدول العربية وإيران وتركيا ودولًا أخرى، وعانت المنطقة على مدار التاريخ من صراعات على خلفيات متعددة؛ تجذرت من مخططات الاستعمار حتى باتت بقعة ملتهبة دائمًا على خريطة العالم.. برأيك كيف ترى واقع المنطقة وأثر التاريخ في هذا الأمر؟
- المنطقة اليوم ليست مجرد امتداد جغرافى، بل فضاء يضم دولًا ذات هويات وطنية واضحة ومتجذرة؛ فمصر على سبيل المثال تملك هوية راسخة وثقافة ووعيًا تاريخيًا حقيقيًا، ومشهد ابتهاج الناس بافتتاح المتحف المصرى الكبير يدلل على تجذر هويتنا الوطنية والرغبة الشعبية في اضطلاع مصر بدورها الريادى حضاريًا وثقافيًا، والمغرب والجزائر ودول الخليج وإيران وتركيا كلها دول بنت هوياتها من خلال الكفاح الوطنى أو مشاريع التنمية والتحديث. أزمتنا ليست في الهوية، بل في ضعف الدولة الوطنية في عدد من بلدان المشرق العربى، ما سمح بصعود كيانات ما دون الدولة كالميليشيات والأحزاب المسلحة. كما أن غياب الأمن الإقليمى يعود إلى السياسات العسكرية المغامِرة لإسرائيل وإيران خلال العقدين الأخيرين، رغم أن طهران بدأت تميل مؤخرًا إلى ترشيد سلوكها والعودة إلى الدبلوماسية التقليدية.
التحدى الأكبر الآن هو بناء أمن إقليمى جماعى يدمج كل القوى الفاعلة، وفى مقدمتها مصر التي تستطيع مع قوى دولية منها إيران وتركيا، لقيادة مبادرة على أساس احترام السيادة ونزع أسلحة الدمار الشامل، خصوصًا النووى الإسرائيلى. كما أن على القوى الدولية، وفى مقدمتها الولايات المتحدة، أن تكف عن إدارة المنطقة بمنطق التدخل العسكرى وأن تدرك أن السلام الحقيقى لن يتحقق إلا بالتعاون مع الفاعلين الإقليميين، لا على حسابهم.
 برز مصطلح «الشرق الأوسط» في كتابات الأمريكى ألفريد ماهان عام ١٩٠٢ قبل أن تتحدث كوندوليزا رايس عن «الشرق الأوسط الجديد»، وهو ما يتردد بقوة حاليًّا في ظل الحرب الإسرائيلية على الأراضى العربية والصراع مع إيران.. كيف ترى ذلك المخطط، خاصة في ظل رئاسة ترامب؟
- الاعتداءات في المنطقة لم تتوقف، لكن ما حدث في ٧ أكتوبر ٢٠٢٣ شكّل تحولًا جوهريًا في الشرق الأوسط، إذ بات من الواضح أنه لا يوجد في إسرائيل اليوم شريك سلام حقيقى داخل الحكومة. ما يحكم تل أبيب هو نزعة عدوانية منفلتة من أي قيد، بينما يعيش المجتمع الإسرائيلى صدمة جماعية لا تدفعه نحو السلام بعد.
إسرائيل تمثل مشروع استعمار استيطانى لا يختلف كثيرًا عن تجربة جنوب إفريقيا، والتعامل معه يتطلب كفاحًا سلميًا يستند إلى بيئة إقليمية ودولية مواتية، وهو ما نفتقده حاليًا. فباستثناء أدوار مصر والأردن، بقيت المنطقة العربية لفترة طويلة في حالة خمول سياسى، بينما تصاعدت أدوار قوى أخرى كالسعودية والإمارات وقطر وتركيا وإيران.
منذ عام ٢٠٠٣، تمثل إسرائيل وإيران مصدرَى المغامرة العسكرية في المنطقة، الأولى عبر القوة المباشرة، والثانية عبر وكلائها في اليمن والعراق وسوريا ولبنان. أما على المستوى الدولى فقد أدى صعود اليمين في الغرب إلى تراجع الضغوط على إسرائيل، فيما جاءت إدارة بايدن– رغم كونها ديمقراطية– بسياسة أكثر سوءًا تجاه حرب غزة من إدارة ترامب، إذ عجزت لأشهر طويلة عن وقف المجازر أو فرض أي مسار حقيقى للسلام حتى تحقق وقف إطلاق النار في ٢٠٢٥.
 برأيك ماذا تفعل القوى الإقليمية الكبرى في المنطقة إزاء هذه المخططات.. وبالتحديد مصر والسعودية بوصفهما الدولتين الكبيرتين في المنطقة؟
- القوى الإقليمية في الشرق الأوسط، وعلى رأسها مصر والسعودية، تمثل ما يُعرف في العلاقات الدولية بـ«القوى الوسيطة»، أي القوى التي توازن بين النفوذ الدولى للقوى الكبرى والتفاعلات المحلية في الإقليم. إلى جانب مصر والسعودية تبرز أيضًا الإمارات وقطر وتركيا وإيران وإسرائيل كأطراف فاعلة، بينما خرجت دول مثل العراق وسوريا مؤقتًا من معادلة التأثير العربى.
ما يميز الدورين المصرى والسعودى أنهما يلتقيان في الرؤية لا يتنافسان عليها، والرؤى التي تحاول إثبات القيادة لوحدها شديدة المحدودية في النظر إلى ما يحاك في المنطقة، فكل طرف يسعى لترسيخ الاستقرار الإقليمى عبر مقاربة تقوم على الحلول السياسية لا المغامرات العسكرية. فمصر- التي تصدت بوضوح لمحاولات تهجير الفلسطينيين بعد ٧ أكتوبر- تؤمن بأن أمن المنطقة لا يتحقق إلا من خلال حل عادل للقضية الفلسطينية وإخلاء الشرق الأوسط من أسلحة الدمار الشامل. أما السعودية، فقد أعادت منذ أحداث غزة إحياء مبادرتها للسلام وتمسكت بربط أي انفتاح على إسرائيل بقيام الدولة الفلسطينية، وهو موقف يصب في مصلحة الأمن العربى والمصرى معًا.
الدوران المصرى والسعودى ليسا متنافسين بل هما متكاملان، ويجب إدارة أي تباين في وجهات النظر بالحوار والتنسيق. فمصر تمتلك أدوات وخبرة متراكمة في الوساطات الإقليمية، والسعودية تملك ثقلًا سياسيًا واقتصاديًا كبيرًا، والتنسيق بينهما هو الضمانة الوحيدة لقيادة عربية جماعية تتعامل مع واقع جديد لا تقوده دولة واحدة، بل مجموعة من القوى العربية الراغبة في السلام والاستقرار، والمنفتحة على شراكات مع دول كإيران وتركيا إذا التزمتا بالتهدئة وترشيد الأدوار الإقليمية.
 يغيب أي مشروع عربى موحد تجاه ما يُخطط للمنطقة، خاصة مستهدفات التوسع الإسرائيلى التي ظهرت واضحة في غزة ولبنان وسوريا، والحديث عن نية ضم أراضٍ أخرى على الخريطة العربية هو التوجه الذي ترجمه «ترامب» عند حديثه عن إسرائيل الصغيرة التي يجب أن تتمدد.. كيف يصوغ العرب مشروعهم المواجه لهذه المخططات؟
- لحظة ٧ أكتوبر ٢٠٢٣ كانت نقطة تحول مفصلية استمرّت تداعياتها عامين كاملين، حتى وصلت إلى توقيع اتفاق شرم الشيخ للسلام في أكتوبر ٢٠٢٥، وسط حضور دولى وإقليمى واسع، ودور محورى لكل من مصر وقطر والولايات المتحدة الأمريكية. ما بين هذين التاريخين جرت أحداث يجب قراءتها بتمعن لفهم طبيعة التوازنات الجديدة في المنطقة. فالهجوم الذي نفذته «حماس» في ذلك اليوم، بحسب قواعد القانون الدولى، يُعد عملًا إرهابيًا استهدف مدنيين، وبالتالى لا يندرج ضمن مقاومة الاحتلال المشروعة، رغم أنه جاء في سياق سياسى مشحون بانتهاكات إسرائيلية متواصلة قبل ٧ أكتوبر، من توسع استيطانى في الضفة الغربية والقدس الشرقية إلى ضرب قرارات الشرعية الدولية عرض الحائط. هذه الوقائع مجتمعة كشفت غياب المشروع العربى الموحد، وضرورة بلورته اليوم انطلاقًا من قراءة واقعية للتهديدات، وتوظيف اللحظة الراهنة لإعادة صياغة دور عربى فاعل يحمى الأمن القومى ويوازن النفوذ الإقليمى والدولى في المنطقة.
لكن ما جرى في ٧ أكتوبر ٢٠٢٣ لا يمكن فصله عن السياق الطويل الذي سبقه، رغم أن أي محاولة للتفسير لا تبرر ما حدث أو تُسقط عن منفذيه مسؤولية ارتكاب أفعال تُصنف وفق القانون الدولى كجرائم ذات طابع إبادى. فالثمن السياسى الباهظ الذي دفعته حركة «حماس» جعلها الخاسر الاستراتيجى الأكبر في الصراع الفلسطينى- الإسرائيلى، بينما ظل الشعب الفلسطينى هو من يتحمل الكلفة الإنسانية والمجتمعية لهذه الأحداث. غير أن ما سبق تلك اللحظة كان مشهدًا بالغ الصعوبة؛ إذ كانت إسرائيل تمارس قبل ٧ أكتوبر سياسة احتلال متغولة، عبر توسع استيطانى في الضفة الغربية والقدس الشرقية، ضاربة عرض الحائط بالقانون الدولى وقرارات الشرعية الدولية التي تؤكد أن هذه أراضٍ محتلة، وأن الاستيطان فيها عمل غير مشروع. والحقيقة أنه لا وجود لما يسمى «الاستيطان المشروع»، فكل استيطان هو بطبيعته انتهاك واضح وصريح للقانون الدولى، لذلك يجب البناء على هذه اللحظة الاستراتيجية للقادم.
 على مدار التاريخ تلعب مصر أدوارًا رئيسية في المنطقة.. كيف يمكن لها أن تمارسها رغم التحديات المحيطة بهذه الأدوار والاستهداف الدائم لها؟
- الدرس الأهم الذي تعلمته مصر من تجاربها التاريخية هو أنها ليست في موقع يسمح بإهدار طاقتها في صراعات أو حروب تستنزف مقدراتها. التجربة الأخيرة أكدت أن الانشغال بالأزمات يعرقل التنمية، ويؤثر على قطاعات حيوية، مثل قناة السويس والسياحة، لذا بات من الضرورى أن تُوجه الجهود نحو البناء والتحديث لا المواجهات.
في الوقت نفسه، على مصر أن تتفاعل مع الغرب بصورة تحفظ مصالحها، وتفهم تحولات المزاج السياسى هناك، خاصة صعود اليمين المتطرف الذي سيؤثر على ملفات الهجرة والتنمية والدعم الموجه لدول الجنوب.
اليوم يعيش العالم حالة سيولة في العلاقات الدولية، وعلى القاهرة أن تمتلك رؤية وسياسة متماسكة توظف هذه السيولة لصالحها. كل أزمة تحمل في داخلها فرصة، وحرب غزة كانت مثالًا واضحًا: مصر لم تكن في أزمة بل كانت تديرها، فحمت أمنها القومى ورفضت التهجير، وحافظت على القضية الفلسطينية من التصفية.
المرحلة المقبلة تتطلب تثبيت هذه المكاسب وتجديد دماء الدور المصرى عبر معالجة الملفات العالقة، وفى مقدمتها ملف المياه مع إثيوبيا الذي يستوجب التزامًا بالقواعد الدولية، إلى جانب متابعة الأوضاع في ليبيا والسودان. التحدى الحقيقى هو قراءة التحولات في الغرب واستثمارها بذكاء، لأن تراجع الموازنات التنموية والبيئية هناك سيؤثر على الجنوب العالمى، ومن ثم على مصالح مصر، ما يجعل من الضرورى أن تشتبك القاهرة بفاعلية مع هذه المتغيرات لا أن تتركها تمر دون رؤية واضحة.
 كيف تستفيد المنطقة العربية من تجاذبات القوى الكبرى وأحاديث التعددية القطبية العالمية؟.. وكيف تلعب دورًا لصالحها في هذا التنافس الدولى ولا تكون مقدراتها في يد قوة واحدة أضرت بها واستنزفت ثرواتها طوال عقود؟
- المشاريع الجماعية لا تُبنى على العواطف فقط، بل على حسابات المصالح. ورغم أهمية الروح العروبية، فإن ما تحتاجه المنطقة اليوم هو وعى سياسى منظم يربط بين القضايا الكبرى للأمة، وفى مقدمتها القضية الفلسطينية، التي تبقى آخر قضايا التحرر الوطنى العربى.
الواقع الحالى يثبت أن هناك تنسيقًا دبلوماسيًا عربيًا لم تشهده المنطقة منذ عقود، وقد تجلى ذلك في المبادرة المصرية- السعودية الأخيرة للأمن الجماعى التي أُقرت في جامعة الدول العربية، والتى نصت على وقف العلاقات السياسية والاقتصادية مع إسرائيل ما لم تتوقف الحرب في غزة. كانت هذه خطوة جماعية تاريخية عبّرت عن وعى عربى متجدد بضرورة العمل المشترك.
اليوم هناك مساران رئيسيان أمام العرب: الأول يتمثل في تجديد المبادرة العربية للسلام وتأكيد حق الفلسطينيين في تقرير المصير من خلال مقاربة سياسية لا عسكرية، والثانى بناء منظومة أمن عربى جماعى تتعامل مع قضايا الإقليم من ليبيا إلى السودان وإثيوبيا بإرادة سياسية موحدة، لا بردود أفعال.
القوى الفاعلة في المشهد العربى قليلة لكنها مؤثرة- مصر والسعودية والإمارات وقطر والأردن- وهى مطالبة ببلورة رؤية تحفظ الحقوق العربية وتمنع الانزلاق نحو سباقات تسلح تُهدر الثروات بدل توجيهها نحو التنمية. المنطقة اليوم تُنفق نسبة من ناتجها القومى على السلاح هي الأعلى عالميًا، وهذه أكبر فرصة ضائعة. ما تحتاجه المنطقة هو أمن إقليمى متوازن يتيح توجيه الموارد للتنمية بدل النزاعات، والانخراط في التعددية القطبية بما يضمن استقلال القرار العربى لا ارتهانه لأى قوة دولية.
 لو قُدر لك أن ترسم صورة المستقبل لهذه المنطقة في ظل الصراعات الحالية والمخاطر المحيطة بها.. كيف ترى هذه السيناريوهات تفصيلًا؟
- أي حديث عن مستقبل المنطقة لا يمكن أن يتجاوز القضية الفلسطينية، فهى تمثل جوهر الصراع بين الجلاد والضحية. ما حدث في ٧ أكتوبر كان عملًا إرهابيًا وجريمة حرب من وجهة نظرى، وحسب دراستى للقانون الدولى، لكن ما تلاه من رد إسرائيلى ارتقى إلى مستوى الإبادة، بحسب توصيف القانون الدولى. عبر التاريخ، ظل الشعب الفلسطينى ضحية لمشروع استعمارى استيطانى، يستخدم كل أدوات القوة خارج القانون الدولى من حصار وتجويع وتدمير. لذلك يبقى الهدف الجوهرى هو انتزاع الحق الفلسطينى في تقرير المصير، عبر مقاومة سلمية وبيئة إقليمية مساندة قادرة على حماية هذا المسار، وأستطيع القول إن حماس وإسرائيل خسرتا في ٧ أكتوبر، بينما كسبت القضية الفلسطينية.
التحول اللافت اليوم أن الزخم العربى والإقليمى حول فلسطين لم يعد مقتصرًا على مصر والأردن، بل امتد إلى معظم دول المنطقة، كما أن الرأى العام العالمى بات أكثر انحيازًا للحق الفلسطينى بصورة غير مسبوقة. لكن المشكلة تكمن في غياب الشريك القادر على صناعة السلام، فشعبية السلطة الفلسطينية تراجعت بشكل كبير، وكذلك حماس. المطلوب الآن إعادة بناء مشروع وطنى فلسطينى جامع تحت مظلة منظمة التحرير وبرعاية مصرية وإقليمية، يفرز قيادة تحظى بشرعية داخلية وقبول دولى، لتحدد بنفسها ملامح الحل المستقبلى.
أما على الجانب الإسرائيلى، فلا يوجد شريك سلام حقيقى في ظل هيمنة اليمين وتراجع الأصوات المعتدلة. المستقبل سيتوقف على قدرة الإقليم والعالم على إعادة تعريف معادلة السلام، كما فعل السادات حين حوّل حكومة يمينية متشددة إلى طرف في اتفاق سلام بفضل الزخم الدولى والدبلوماسية الذكية. لذلك يبقى الأمل في استمرار الضغط العربى والدولى من أجل إعادة إحياء مشروع السلام، وربط أي اعتراف أو انفتاح تجاه إسرائيل بمدى التزامها بإنهاء الاحتلال وتمكين الشعب الفلسطينى من تقرير مصيره.",Politics,Real,95%,Factual reporting with a nuanced understanding of regional dynamics and geopolitical factors,REAL
,https://www.almasryalyoum.com/news/details/3593857,masrielyoum,"أخبار متعلقة
الآن.. ملحق سيارات «المصري اليوم» بصيغة «pdf»
الآن.. ملحق سيارات «المصري اليوم» بصيغة «pdf»
الآن.. ملحق سيارات «المصري اليوم» بصيغة «pdf»
استعرضت تويوتا نموذجها المستقبلى للجيل القادم من Corolla المحتمل أن يتوفر بنسخة كهربائية بالكامل حيث أشارت الصور لوجود منفذ شحن فى الرفرف الأمامى، بينما أكدت الشركة أنها ستتوفر باختيارات متنوعة تناسب كل طريق على مستوى العالم.
تأتى Corolla المستقبلية بواجهة أكثر تطوراً من تلك المقدمة فى طرازات تويوتا bZ الكهربائية الحالية حيث يظهر شريط إضاءة بعرض المقدمة وفى الداخل، توجه التصميم نحو البساطة بأقصى صورة حيث لا تحتوى المقصورة إلا على شاشتين، واحدة أمام السائق مع أزرار لأهم الاختصارات والأخرى أمام الراكب الأمامى مع كونسول وسطى مشابه لطاولة ويضم وحدة متطورة لضبط ناقل الحركة.
احتوى جناح مازدا على نموذجان، Vision X-Coupe الرياضى ذو الخمسة أبواب الأتى بنظام هجين يضم محرك روتارى مزدوج التربو ووحدة كهربائية لتوليد قوة إجمالية ٥١٠ حصان مع توفير إمكانية الاعتماد على الكهرباء لمسافة تصل إلى ١٦٠ كم بينما يصل مدى السير لإجمالى لـ٨٠٠ كم، ونموذج Vision X-Compact الهاتشباك المعتمد على الذكاء الاصطناعى مع دمج عنصر العاطفة ونموذج رقمى حسى للتفاعل مع السائق، واقتراح الوجهات تلقائياً.
عرضت الشركة أيضاً الجيل الجديد من CX-5 للأول مرة أمام الجمهور، والذى يأتى بتصميم أكثر تطوراً ومساحات داخلية أوسع مع محرك ٢٥٠٠ سى سى جديد مدعم بوحدة هجينة خفيفة للانطلاق بقوة ١٤١ حصان
استضاف جناح نيسان عدة طرازات حديثة أهمها الجيل الجديد من Elgrand، واحدة من أفخم سيارات الفان فى اليابان والتى أتت حصرياً بمنظومة e-POWER مع النسخة الأحدث من نظام الدفع الرباعى e4ORCE التى تضم محرك خلفى جديد مصمم لخفض الاهتزازات وتحسين توزيع العزم، توفر السيارة أيضاً إمكانية القيادة الذاتية الكاملة تحت سرعة ٥٠ كم/س وفى الداخل تأتى بنظام صوتى ٢٢ سماعة من BOSE ومقاعد منفصلة فى الصف الثانى، أعلنت نيسان أيضاً عن تقديم Patrol الجديدة للسوق اليابانية بجانب إطلاق نسخة Ariya الكهربائية المحدثة التى حصلت على تغييرات خارجية وتعديلات لنظام التعليق مع نظام معلوماتى من جوجل وخاصية V2L لإمداد الكهرباء للأجهزة الخارجية
شهد المعرض أيضاً إطلاق علامة سينشرى المنفصلة، أشار هذا الإسم منذ عام ١٩٦٧ لأفخم سيدان لدى تويوتا والتى غالباً ما بيعت لكبار الشخصيات وممثلى الحكومة اليابانية، بينما تخطط مجموعة تويوتا حالياً لمنافسة كبرى العلامات الفاخرة العالمية بتشكيلة من الطرازات الحصرية بتصميمات سيدان وSUV، بعضها لن ينتج إلا بنسخة واحدة فقط، كما تم الكشف عن نموذج Century Coupe المستقبلى الأتى بارتفاع عالى عن الأرض وباب واحد على الجهة اليمنى مع بابين على الجهة اليسرى يتم فتحهم بالعرض ومقصورة تضم أربعة مقاعد منفصلة وشاشة بتصميم مشابه للهاتف الذكى.. أكدت مجموعة تويوتا أن سينشرى ليست مجرد إضافة أخرى لعلامتها بل هى تجسيد لروح اليابان أمام العالم.
استعرض جناح لكزس ثلاثة نماذج تحت سلسلة LS، رمز هذا الإسم دوماً لأفخم سيدان للعلامة بينما تستعد الشركة لإعادة صياغة وضعه بعد وقف إنتاج النسخة السيدان، أتى نموذج LS Coupe Concept كسيارة SUV بطابع كوبيه وسقف مسحوب وخطوط حادة توحى باتجاه جديد لفخامة LS.. ظهر النموذج الثانى كسيارة فان فاخرة بستة عجلات وخطوط حادة وفى الداخل تحاكى المقصورة التصميم الداخلى للمنازل مع تكنولوجيا فائقة، توجد شاشتان أمام السائق واحدة تعرض أهم بيانات القيادة والأخرى تدمج صور جميع الكاميرات المحيطية لتقديم رؤية شاملة لمحيط السيارة، أما النموذج الثانى فأتى كمركبة بمقعد واحد وثلاث عجلات تعكس رؤية مستقبلية لوسيلة تنقّل فردية مميزة.
كشفت هوندا فى المعرض عن نموذج Super One المبدئى، هاتشباك كهربائية بالكامل تأتى بتصميم رياضى انسيابيى مع مقصورة تضم مقاعد مصممة خصيصاً لهذا الطراز بهدف توفير أفضل دعم داخل المنعطفات، فضلاً عن نظام Active Sound Control لمحاكاة صوت المحرك أثناء التسارع الفرملة وناقل حركة افتراضى من سبعة سرعات، ومن المحدد إطلاق النسخة الإنتاجية فى اليابان العام المقبل مع خطة لتقديمها فى عدة أسواق أسيوية وأوروبية.. قدمت هوندا أيضاً نموذج 0Alpha لأول مرة، SUV كهربائية موجهة للتعامل مع المناطق المدنية والطبيعية بتصميم مبتكر ارتفاعه الإجمالى قليل دون التضحية بالخلوص الأرضى والرحابة الداخلية، تندمج الإضاءة أيضاً مع شاشات فى الأمام والخلف تضم إنارة لشعار هوندا.
جسدت سوبارو رؤيتها لمستقبل سياراتها الرياضية بنموذج Performance-E STI، سيارة كهربائية بالكامل مزودة بمحركين تحتفظ بهوية سيارات العلامة المستمدة من الراليات حيث تعتمد على الدفع الرباعى وتظهر بألوان مماثلة لسوبارو Impreza 555 التى حصل بها كولين مكراى على بطولة العالم للراليات.
قدمت سوبارو Trailseeker كثانى سياراتها الكهربائية بالكامل فى بعض الأسواق واستعرضت فى هذه الجولة من المعرض النسخة المخصصة للسوق اليابانية، تأتى السيارة بمحركين قوتهما الإجمالية ٣٧٥ حصان لجر حمولة تتخطى ١٥٠٠ كيلوجرام، تتمتع السيارة أيضاً بحماية سفلية كاملة وخلوص أرضى مناسب لاجتياز المناطق الوعرة وتتوفر باقة من الإكسسوارات الموجهة للمغامرة مثل وحدة التخزين الإضافية القابلة للتثبيت على السقف.",Sport,Real,95%,Factual reporting with detailed descriptions of vehicle models and features at an automotive exhibition,REAL
,https://www.almasryalyoum.com/news/details/3593860,masrielyoum,"أعلنت نيسان مصر عن توقيع اتفاقية شراكة استراتيجية جديدة مع «Egyptian Global Motors» بهدف توسيع نطاق أعمالها وخدماتها في محافظة الشرقية. يأتى ذلك ضمن استراتيجية الشركة لتكون الأقرب لعملائها في مختلف أنحاء الجمهورية. وقد تزامن توقيع الاتفاقية مع افتتاح صالة عرض في مدينة الزقازيق، حيث ستقدم الصالة كافة خدمات المبيعات بالإضافة إلى قطع الغيار الأصلية، وتستعد الشركة لافتتاح مركز خدمة وصيانة متكامل خلال الأشهر القليلة المقبلة متكاملة في مدينة الزقازيق، مؤكدة التزامها بتوفير خدمات ما بعد البيع الشاملة لعملائها في جميع محافظات مصر.
أخبار متعلقة
الآن.. ملحق سيارات «المصري اليوم» بصيغة «pdf»
الآن.. ملحق سيارات «المصري اليوم» بصيغة «pdf»
الآن.. ملحق سيارات «المصري اليوم» بصيغة «pdf»
وبهذه المناسبة، قال المهندس محمد عبدالصمد، العضو المنتدب لشركة نيسان مصر: «تمثل محافظة الشرقية واحدة من أهم محافظات الدلتا، لذا يسعدنا افتتاح صالة عرض نيسان الجديدة في مدينة الزقازيق، والتى تمثل إضافة قوية ضمن خطتنا التوسعية في محافظات مصر. هذه الخطوة الاستراتيجية تعكس التزامنا بتقديم تجربة متكاملة لعملائنا، حيث نتيح لهم باقة شاملة من أحدث السيارات وقطع الغيار الأصلية من خلال شراكتنا مع Egyptian Global Motors. إنّ سلسلة الافتتاحات الأخيرة لصالات العرض تتوافق مع أهدافنا الطموحة لتعزيز تجربة العملاء، وتوفير حلول مرنة وعملية تلبى توقعاتهم في كل مرحلة من تجربتهم مع نيسان. ونتطلع قريبًا لإطلاق مركز خدمة وصيانة متكامل بنفس المدينة ليتمكن عملاؤنا في محافظة الشرقية والدلتا من الاستفادة من جميع خدمات نيسان باحترافية وسهولة في مكان واحد.»
يأتى الافتتاح ضمن سياسة نيسان الرامية لتوسيع شبكة صالات العرض والخدمة في أكبر عدد من المحافظات، تلبية للطلب المتنامى وحرصًا على توفير الحلول الشاملة والموثوقة للعملاء أينما كانوا. وأكدت الشركة أن الأشهر المقبلة ستشهد تدشين مركز خدمة وصيانة متكامل في مدينة الزقازيق، بما يمنح عملاء نيسان في محافظة الشرقية فرصة الاستفادة من جميع خدمات ما بعد البيع والصيانة ضمن بيئة متكاملة واحترافية، بما يعكس رؤية نيسان في توفير كل ما يحتاجه العميل تحت سقف واحد.
جدير بالذكر أن نيسان مصر حافظت على ريادتها لسوق السيارات المصرى بحصولها على أكبر حصة سوقية لعامين متتاليين( ٢٠٢٣ و٢٠٢٤)، كما تعد الشركة العالمية الوحيدة في السوق المصرى التي تمتلك مصنعها بنسبة ١٠٠٪، وتواصل الاستثمار بشكل مكثف في تطوير فريق العمل من خلال برامج تدريبية متقدمة تحقق الكفاءة والجودة في التصنيع والخدمات، وهو ما ينعكس إيجابًا على رضاء العملاء. تضم شبكة نيسان حاليًا ١٨ موزعًا معتمدًا، وقد طورت الشركة مراكزها في السنوات الأخيرة لتقديم نموذج خدمة متكامل يجمع بين المبيعات والصيانة والدعم الفنى. وتكشف هذه الاستراتيجية عن التزام نيسان الدائم بتقديم تجربة عالمية موحدة في كل نقطة تواصل مع العميل المصرى.",Economy,Real,95%,Lexical richness (detailed description of investments and strategies),REAL
,https://www.almasryalyoum.com/news/details/3593861,masrielyoum,"أخبار متعلقة
الآن.. ملحق سيارات «المصري اليوم» بصيغة «pdf»
الآن.. ملحق سيارات «المصري اليوم» بصيغة «pdf»
الآن.. ملحق سيارات «المصري اليوم» بصيغة «pdf»
شاركت لامبورجينى للسنة الثالثة على التوالى فى معرض أوتو موتو دى إيبوكا للسيارات الكلاسيكية فى بولونيا حيث استعرضت مجموعة من أهم طرازاتها الكلاسيكية وأعلنت عن مبادرة خاصة ستقام للعام القادم. تزامن المعرض مع احتفال لامبورجينى بمرور عشرة سنوات على تأسيس قطاع بولو ستوريكو للسيارات الكلاسيكية حيث استعرضت أقدم نسخة موجودة حالياً من طرازها التسويقى الأول 350GT والتى تحمل رقم الشاسيه ٢، كان هذا الطراز الأول الذى تم إنتاجه داخل مصنع لامبورجينى فى سانت أجاتا وتخضع هذه النسخة الفريدة لعملية اعتماد الأصالة لدى قسم بولو ستوريكو.
تم تصميم 350GT من قبل كاروزيريا تورينج التى اعتادت بناء السيارات حسب الطلب، وزودت بمحرك V12 سعته ٣٥٠٠ سى سى تم استخدامه لأول مرة فى نسخة 350GTV الاختبارية ثم تم تطويره للعمل فى السيارة الإنتاجية. تضمن جناح لامبورجينى أيضاً نموذجاً بالحجم الكامل لتصميم 350GT من عام ١٩٦٣، إضافةً إلى وثائق ومقتنيات أصلية من أرشيف الشركة. تحتفل لامبورجينى بالذكرى الستين لتقديم Miura ولذلك تنظم جولة خاصة العام المقبل داخل قسم بولو ستوريكو لملاك ومحبى الطراز الذى يُعد أول سيارة سوبركار فى العالم. ٰأتت هذه الفعاليات كأخر أحداث احتفالية لقسم بولو ستوريكو خلال هذا العام.",Economy,Real,95%,Lexical richness: The article discusses automotive brands,REAL
,https://www.almasryalyoum.com/news/details/3593862,masrielyoum,"تبحث مجموعة من شركات السيارات اليابانية إمكانية الاستيراد العكسى لبعض الطرازات المُصنّعة فى أمريكا إلى السوق اليابانية، تأتى هذه الخطوة رغم تكلفتها العالية وصعوبتها، لتحسين علاقة اليابان بحكومة ترامب واحتواء الانتقادات الأميركية بشأن فائضها التجارى الكبير مع واشنطن.
أخبار متعلقة
الآن.. ملحق سيارات «المصري اليوم» بصيغة «pdf»
الآن.. ملحق سيارات «المصري اليوم» بصيغة «pdf»
الآن.. ملحق سيارات «المصري اليوم» بصيغة «pdf»
تسعى حكومة رئيسة الوزراء الجديدة ساناى تاكايتشى إلى تحقيق نوع من التوازن التجارى حيث ناقشت خططاً لشراء شاحنات فورد F-150 الأمريكية، رغم عدم ملاءمتها للطرق اليابانية الضيقة ما قد يدفع لاستخدامها فى مهام محدودة مثل إزالة الثلوج.. وخلال مشاركتهم هذا الأسبوع فى معرض اليابان للتنقل، أكد مسؤولون فى كل من تويوتا ونيسان دراستهم الجدية الاستيراد العكسى رغم ارتفاع تكاليف العمالة فى الولايات المتحدة وضعف العملة اليابانية ما يزيد من تكاليف الواردات، أوضح المحلل تاكاكى ناكانيتشى أن الهدف من هذا التوجه ليس اقتصادياً بقدر ما هو رسالة تعاون لتخفيف التوتر التجارى.
تبدو التأثيرات الفعلية على الميزان التجارى محدودة إذ يتوقع ناكانيتشى أن لا تتجاوز الكميات نحو ٢٠ ألف سيارة سنوياً، مقارنةً بما يقرب من ١.٤ مليون سيارة تم تصديرها من اليابان إلى الولايات المتحدة العام الماضى كما أن شركات السيارات اليابانية تُنتج بكثافة داخل الولايات المتحدة، حيث بلغ إنتاجها المحلى هناك ٣.٣ مليون سيارة خلال العام الماضى.. تواجه فكرة الاستيراد العكسى عدة عقبات، أهمها اختلاف معايير الأمان بين البلدين إذ أكد رئيس تويوتا التنفيذى كوجى ساتو أن السيارات الأميركية لا يمكن استيرادها كما هى دون تعديلات، وأن الأمر يتطلب تنسيقاً حكومياً لتحقيق المعايير اليابانية، وأشار مسؤولون فى نيسان إلى اختلاف تفضيلات المستهلكين، وعدم ملائمة السيارات الأميركية ذات الحجم الكبير مع احتياجات السوق اليابانية بجانب وجود عجلة القيادة فى اليابان على الجهة اليمنى، عكس الولايات المتحدة.
أوضح خبراء أن القيمة الاقتصادية الحقيقية لهذه الخطوة محدودة بينما يمكن أن يكون لهذا المجهود مردود واضح، عن طريق بناء الثقة مع الحكومة الأميركية وتأكيد التزام اليابان بالحفاظ على علاقات تجارية حرة ومستقرة، وكانت قد وصلت اليابان لاتفاقية مع الحكومية الأمريكية لخفض نسب الجمارك إلى ١٥٪ على الواردات اليابانية فى مقابل زيادة الاستثمارات داخل الولايات المتحدة.. وصل الفائض التجارى بين أمريكا واليابان إلى ٦٨.٥ مليار دولار.",Economy,Real,95%,Lexical richness (presence of terms like \فائض تجارى\ - trade surplus),REAL
,https://www.almasryalyoum.com/news/details/3593863,masrielyoum,"أخبار متعلقة
الآن.. ملحق سيارات «المصري اليوم» بصيغة «pdf»
الآن.. ملحق سيارات «المصري اليوم» بصيغة «pdf»
الآن.. ملحق سيارات «المصري اليوم» بصيغة «pdf»
زادت القوة إلى ٣٢٥ حصان، أعلى بـ٢٥ حصان من Golf GTI Clubsport، مع عزم ٤٢٠ نيوتن متر للتسارع من الصفر إلى ١٠٠ كم/س خلال ٥.٣ ثانية وصولاً إلى سرعة قصوى ٢٧٠ كم/س، تأتى السيارة بتعليق خلفى رباعى الوصلات وتحصل على نظام DCC للتحكم النشط فى التعليق لتنخفض بـ١٥ مم عن Golf القياسية بجانب جنوط Queenstown ذات قياس ١٩ بوصة.. وتوفر فولكس ڤاجن باقة GTI Performance Edition 50 الاختيارية التى تضم إطارات Semi Slick من بريجستون، وجنوط أخف وزناً بالإضافةً إلى نظام عادم R-Performance بأجزاء من التيتانيوم لتعزيز صوت المحرك، ونظام تعليق Performance منخفض بمقدار ٥ مم إضافية.
تتضمن الإضافات أيضاً تعديل زاوية ميل العجلات الأمامية للداخل، ويقل الوزن الإجمالى بحوالى ٣٠ كيلوجرام، ساعدت تلك الباقة فى أن تصبح هذه أسرع Golf إنتاجية على حلبة نوربورجرينج حيث قادها سائق السباقات بينجامين لويشتر لينهى الجولة على المقطع الشمالى خلال سبعة دقائق و٤٦ ثانية و١٣ جزء.. فى الداخل، تأتى نسخة Edition 50 الخاصة بمجموعة من اللمسات الرياضية، أبرزها مقاعد GTI المميزة التى تندمج هنا مع عناصر خضراء وحزام أمان أحمر، وعجلة قيادة رياضية من الجلد مع شعار 50Years GTI مع بدالات لتغيير للتبديل بين تروس ناقل الحركة ثنائى التعشيق DSG.
تحمل السيارة أيضاً شعارات GTI 50 على الجناح الخلفى والمرايا الجانبية وتأتى بسقف أسود، وخط جانبيًا متدرج بين الأسود والأحمر، بالإضافة إلى اختبارات حصرية للألوان مثل Dark Moss Green Metallic الأخضر الداكن وTornado Red الأحمر.. حددت فولكس ڤاجن ربع ٢٠٢٦ الأول لبدء تسليمات Golf GTI Edition ٥٠ بينما يبدأ سعرها فى ألمانيا من ٥٤,٥٤٠ يورو.",Economy,Real,95%,Lexical richness (detailed description of vehicle specifications and pricing),REAL
,https://www.almasryalyoum.com/news/details/3593588,masrielyoum,"من أمام قلعة صلاح الدين الأيوبى، احتفلت شركة ألكان أوتو بتقديم سيارات أرك فوكس الكهربائية رسمياً لأول مرة فى مصر وذلك بحضور قيادات مجموعة ألكان القابضة وممثلى بايك وأرك فوكس من الصين.
أخبار متعلقة
الآن.. ملحق سيارات «المصري اليوم» بصيغة «pdf»
الآن.. ملحق سيارات «المصري اليوم» بصيغة «pdf»
الآن.. ملحق سيارات «المصري اليوم» بصيغة «pdf»
تبدأ أرك فوكس مشوارها محلياً بأربعة طرازات كهربائية بالكامل مقدمة للمنافسة فى عدة فئات اقتصادية بأسعار تنافسية وبعد النظرة الأولى عليهم أثناء حفل الإطلاق، يمكن القول أن العناصر المشتركة بينهم هى جودة الخامات الداخلية والتجهيزات المتطورة.
قال خالد نصير، رئيس شركة ألكان القابضة ""نفخر بريادتنا لمجالات متعددة تشمل الصناعات والأعمال منذ تأسيسنا فى ١٩٧٤ واليوم نحتفل بالذكرى الخمسين لتأسيسنا ما يمثل لحظة فارقة فى تاريخنا الذى عملنا فيه بجهد للوصول إلى لحظات هامة مثل تلك التى نعيشها اليوم، والوصول لشراكات تمكننا من طرح منتجات جديدة"" وأضاف نصير: ""ندرك الأهمية الاستراتيجية لشراكتنا مع أرك فوكس ونأمل أن تكون نقطة تحول حقيقية فى مسيرتنا وفى تطوير صناعة السيارات فى مصر التى نؤمن بها ولذلك نستمر فى الاستثمار فى هذا المجال"".
من جانبه صرح جاو مينج، نائب رئيس أرك فوكس العالمية ""مصر مركز رائد يصل بين أسيا وأفريقيا وأوروبا وفى هذه الفترة تتمتع بمقومات أكبر بسبب النمو السريع لاقتصادها، مصر بالتأكيد سوق هام للسيارات الكهربائية واليوم لم تأتى أرك فوكس لتقديم سياراتها فقط بل لعقد التزام طويل الأمد تجاه شراكتنا المحلية لتوفير وسائل تنقل مستدامة"" وأضاف جاو: ""أرك فوكس علامة رائدة متخصصة فى السيارات الكهربائية ونحن نركز على تقديم طرازات مصممة خصيصاً للسائق بالاعتماد على خبرتنا الممتدة بـ٦٧ عام فى صناعة السيارات وشراكتنا القوية مع الصانع العالمى ماجنا، حيث نستجمع خبراتنا وتقنياتنا الذكية لتقديم ابتكارات حقيقية"".
وعلق على ذلك طاهر شاهين، الرئيس التنفيذى لمجموعة المصرية العالمية للسيارات ""تمثل EIM شريحة كبيرة من سوق السيارات المصرية واليوم تتوج بالشراكة مع أرك فوكس الصينية المتخصصة فى السيارات الكهربائية ومثل ما تعلمون من أهم ما يميزنا هو خدمات ما بعد البيع حيث حرصنا على جودتها منذ بدايتنا"" وتابع شاهين قائلاً: ""تضم مجموعة EIM أكثر من ١٢ شركة، سبعة منهم فى مصر والبقية فى الخارج حيث نمثل أكثر من ٣٥ علامة تجارية ومنهم خمسة علامات فى قطاع السيارات داخل السوق المصرية الذى ننتمى إليه، نولى اهتماماً كبيراً أيضاً بالتصنيع المحلى تدعيماً للاقتصاد المصرى ومثل ما قلنا سابقاً، نرصد استثمارات هائلة لهذا الاتجاه وتوجد خطط لتصنيع السيارات الكهربائية فى مصر"".
تبدأ تشكيلة أرك فوكس فى مصر من T1 الهاتشباك التى تعد من أرخص السيارات الكهربائية المتاحة رسمياً ويصل مدى سيرها الرسمى إلى ٤٢٥ كم فى الشحنة الواحدة، ثم تأتى Koala S المقدمة بتصميم مبتكر يضم باب أيمن يفتح بالعرض مثل طرازات المينى فان ويقدر مدى سيرها الرسمى بـ٥٠٠ كم فى الشحنة الواحدة، بينما تليها Alpha S٥ السيدان ذات التصميم الانسيابى والتى يصل مدى سيرها إلى ٥٦٠ كم، بينما تمثل Alpha T5 الاختيار الأكبر وتأتى بتصميم SUV مدمج ويصل مدى سيرها إلى ٥٦٠ كم.
تتراوح أسعار طرازات أرك فوكس فى مصر بين ٧٨٩ ألف و٩٠٠ جنيه، ومليون و٧٤٩ ألف و٩٠٠ جنيه.",Lifestyle and Leisure,Real,95%,Lexical richness,REAL
,https://www.almasryalyoum.com/news/details/3593589,masrielyoum,"أطلقت مرسيدس-بنز إيجيبت عن إطلاق السيارة GLC 43 AMG Coupé الجديدة كأحدث إضافة لعائلة السيارات الفاخرة متوسطة الحجم عالية الأداء فى السوق المحلية
أخبار متعلقة
الآن.. ملحق سيارات «المصري اليوم» بصيغة «pdf»
الآن.. ملحق سيارات «المصري اليوم» بصيغة «pdf»
الآن.. ملحق سيارات «المصري اليوم» بصيغة «pdf»
تُجسد السيارة الجديدة التزام علامة AMG بتوفير أعلى مستويات الأداء من خلال أحدث حلول الهندسة الذكية ما يعزز مكانتها فى هذه الفئة، وتلفت السيارة الأنظار منذ اللحظة الأولى بفضل أبعادها الانسيابية وشكلها الرياضى، والأسطح المنحوتة بكل دقة، تحصل السيارة على شبكة الرادياتير الخاصة بسيارات AMG ذات الشرائح رأسية مع شعار AMG البارز على غطاء المحرك. ويعزز التصميم الأمامى المستوحى من جناح الطائرة، وأعتاب AMG الجانبية، والجناح الخلفى على شنطة السيارة، الطابع الجمالى للسيارة الجديدة.
تعتمد GLC 43 Coupé على جنوط AMG مصنوعة من سبيكة الألومنيوم خفيفة الوزن بقياس ٢٠ بوصة، مع ملاقط فرامل مطلية باللون الأحمر. ويوفر نظام DIGITAL
LIGHT الرقمى إضاءة استثنائية لتعزيز السلامة على الطريق ودعم الجاذبية البصرية للسيارة.. وفى الداخل، تأتى السيارة بمقاعد AMG الرياضية، وعجلة قيادة AMG Performance المصنوعة من ألياف الكربون والمكسوة بألياف المايكروفايبر DINAMICA مع أزرار تحكم مدمجة أما شاشة العرض المركزية فيصل قياسها إلى ١٢.٣ بوصة، إلى جانب باقة AMG DYNAMIC PLUS التى تتضمن دعامات محرك ديناميكية وبرنامج القيادة «RACE» لتقديم تجربة قيادة رياضية. تتضمن الكماليات الفاخرة ايضًا مقاعد أمامية مدفأة، وسقف بانورامى منزلق، وإضاءة محيطية، ونظام صوتى محيطى من برمستر . ولدعم الاستخدامات اليومية للسيارة، يمكن توصيل الهاتف الذكى لاسلكيًا، مع إمكانية الشحن اللاسلكى، وفتح شنطة السيارة EASY-PACK، وحليات معدنية منقوشة على الكونسول المركزى.. زودت GLC 43 Coupé بمحرك AMG أربعة أسطوانات سعته ٢٠٠٠ سى سى، مع شاحن توربينى كهربائى لعادم الوقود، يولد قوة ٤٢١ حصان وعزم ٥٠٠ نيوتن متر عند ٥,٠٠٠ دورة فى الدقيقة. مع دعم من وحدة كهربائية ٤٨ فولت ومولد لبدء الحركة يعمل بسير لمنح السيارة دفعة إضافية قدرها ١٤ حصان.
ويرتبط المحرك بناقل حركة AMG SPEEDSHIFT MCT 9G مع قابض مبلل ونظام الدفع الرباعى AMG Performance 4MATIC ونظام توزيع القوة من AMG والذى يضمن أقصى سيطرة وثبات.، فضلاً عن نظام تعليق AMG RIDE CONTROL التكيفى ونظام توجيه المحور الخلفى الذى يعزز قدرة السيارة على المناورة والسرعة بكل سلاسة.",Lifestyle and Leisure,Real,95%,The article details the features and specifications of a new Mercedes-Benz car,REAL
,https://www.almasryalyoum.com/news/details/3592570,masrielyoum,"اشتكى عدد من مستخدمي تطبيق «
ويب» في عدد من الدول حول العالم، اليوم الثلاثاء، من حدوث عطل مفاجئ في استخدام التطبيق، أدى إلى عدم تمكنهم من تسجيل الدخول إلى حساباتهم في واتساب ويب.
أخبار متعلقة
«واتساب» يختصر الطريق لمستخدمي آيفون بميزة جديدة تنهي معاناة امتلاء الذاكرة
«تعليم المنوفية».. تطبيق نظام تسجيل الغياب الإلكتروني عبر «واتساب» ببعض المدارس
احذر قبل فتح «واتساب ويب».. 131 إضافة تخفي فيروسًا ينتشر عالميًا
وأثر العطل بشكل رئيسي على إرسال الرسائل، ونسخة الويب، والاتصال بالخوادم، إذ ظهر لمستخدمين «
ويب» شاشة بيضاء، دون ظهور أي من المحادثات الموجودة، مع وجود إشعار صوتي بوصول رسالة، ولكن دون ظهور المحادثات عبر الشاشة.
يُذكر أن هذه ليست المرة الأولى التي يتعرض بها «
» لعطل مفاجئ، إذ تعرض مرارًا وتكرارًا لمثل هذه الحوادث المفاجئة، والتي كان آخرها في 8 من شهر سبتمبر الماضي، بعد أن أثر انقطاع أصاب التطبيق، على خدمات الرسائل الفورية في مختلف أنحاء العالم، سواء على النسخة المحمولة أو نسخة الويب، ما تسبب في توقف المستخدمين عن الدردشة ومشاركة تحديثات الحالة (Status).",Technology,Real,95%,High lexical richness and detailed description of the technical issue,REAL
,https://www.almasryalyoum.com/news/details/3591807,masrielyoum,"تسيطر فيديوهات الذكاء الاصطناعي على مواقع التواصل الاجتماعي، ولكن هناك علامة فارقة يُمكنها المساعدة في تحديد ما إذا كان الفيديو الذي تشاهده حقيقيا أم مولد بالـAI.
أخبار متعلقة
الذكاء الاصطناعي لم يعد أداة مساعدة.. خبير: ضرورة تدريب الجيل الجديد من الإعلاميين على الوعي القانوني والتقني
استشاري: موجة «الفرعوني» تكشف انتشار الذكاء الاصطناعي.. ومليار تنزيل لتطبيقات تعديل الصور عالميًا
الصين تُطلق ديناصورات روبوتية تعمل بالذكاء الاصطناعي
يقول هاني فريد، أستاذ علوم الحاسوب في جامعة كاليفورنيا، بيركلي، والرائد في مجال الأدلة الجنائية الرقمية ومؤسس شركة «GetReal Security»، لكشف التزييف العميق، إن من أوائل الأمور التي يجب الانتباه إليها لكشف حقيقة مقاطع الفيديو، إذ كان الفيديو بجودة صورة سيئة، موضحًا أن أدوات الفيديو المدعومة بالذكاء الاصطناعي ستتطور، وستصبح هذه النصيحة عديمة الفائدة قريبًا، وقد يحدث ذلك في غضون أشهر، أو قد يستغرق سنوات.
وأضاف «فريد»، أنه على الرغم من أن هذه العلامة قد تكون دليلا قاطعا على أن مقطع الفيديو مولد بالذكاء الاصطناعي، ولكن مع التعمق أكثر في تفاصيل الفيديو، قد تُساعد هذه العلامة على اكتشاف ذلك، مُشيرًا إلى أن مقاطع الفيديو المزيفة منخفضة الجودة جذابة لدرجة أن المُضلّلين يُخفّضون جودة عملهم عمدًا، فإذا كنت أحاول خداع الناس، فماذا أفعل؟ أُنتج فيديو مزيفًا، ثم أُخفّض الدقة حتى تتمكن من رؤيته، مع إمكانية تمييز جميع التفاصيل الصغيرة، ثم أُضيف ضغطًا يُخفي أي تشويش محتمل.
وتابع: «الأمور الثلاثة التي يجب البحث عنها هى الدقة والجودة والطول، والطول هو الأسهل، ففي الغالب، تكون مقاطع فيديو الذكاء الاصطناعي قصيرة جدًا، حتى أنها أقصر من مقاطع الفيديو النموذجية التي نشاهدها على تيك توك أو إنستجرام والتي تتراوح مدتها بين 30 و60 ثانية.
وأوضح: «الغالبية العظمى من مقاطع الفيديو التي يُطلب مني التحقق منها تكون مدتها ست أو ثماني أو عشر ثوانٍ.» ذلك لأن إنتاج مقاطع فيديو الذكاء الاصطناعي مُكلف، لذا فإن معظم الأدوات تُحقق أقصى استفادة من المقاطع القصيرة، بالإضافة إلى ذلك، كلما كان الفيديو أطول، زاد احتمال إخفاق الذكاء الاصطناعي، يمكنك ربط مقاطع فيديو متعددة معًا، ولكنك ستلاحظ انقطاعًا كل ثماني ثوانٍ تقريبًا».
وشدد أستاذ علوم الحاسب: «العاملان الآخران، الدقة والجودة، مرتبطان ولكنهما مختلفان. تشير الدقة إلى عدد أو حجم البكسلات في الصورة، بينما الضغط عملية تُقلل حجم ملف الفيديو عن طريق إغفال التفاصيل، مما يُخلف غالبًا أنماطًا مُكتلّة وحوافًا ضبابية».
على الجانب الآخر، يوضح ماثيو ستام، الأستاذ ورئيس مختبر الوسائط المتعددة وأمن المعلومات في جامعة دريكسل بالولايات المتحدة، أن فيديوهات الذكاء الاصطناعي ليست أكثر عرضة للظهور بشكل سيئ، وأفضل أدوات الذكاء الاصطناعي قادرة على إنتاج مقاطع جميلة ومُصقولة، كما أن المقاطع منخفضة الجودة ليست بالضرورة من إنتاج الذكاء الاصطناعي.
وتابع ستام: «إذا رأيتَ محتوىً بجودة منخفضة جدًا، فهذا لا يعني أنه مُزيف. ولا يعني أي شيء سيء»، ولكن فيديوهات الذكاء الاصطناعي الضبابية والمُبكسلة هى الأكثر عرضة للخداع، إذ إنها تُعتبر علامة على أن المشاهد يحتاج إلى إلقاء نظرة فاحصة على ما يُشاهد.
ووفقًا لخبير محو الأمية الرقمية مايك كولفيلد، فإن الحل لاكتشاف مقاطع الفيديو المزيفة، هو أن نبدأ جميعًا في التفكير بشكل مختلف فيما نراه على الإنترنت، مُضيفًا أن البحث عن الأدلة التي يتركها الذكاء الاصطناعي ليس نصيحة «مستدامة» لأن هذه الأدلة تتغير باستمرار، وبدلًا من ذلك، يجب علينا التخلي عن فكرة أن مقاطع الفيديو أو الصور لها أي معنى خارج السياق.",Science and Technology,Real,93%,Named entities (Hani Farid,REAL
,https://www.almasryalyoum.com/news/details/3591732,masrielyoum,"بدأت شركة جوجل باختبار ميزة مبتكرة داخل تطبيقها الشهير Google Translate، تتيح للمستخدمين تحديد نموذج الذكاء الاصطناعي الذي يرغبون في استخدامه أثناء عملية الترجمة.
أخبار متعلقة
مايكروسوفت تعلن عن ميزة جديدة في ويندوز 11
الصين تفاجئ الأسواق وتلغي الحافز الضريبي على الذهب.. كيف ينعكس على أسعار المعدن الأصفر؟
عروض نوفمبر 2025.. موعد تخفيضات الجمعة البيضاء في مصر
وتُعدّ هذه الخطوة الأولى من نوعها في تاريخ التطبيق، إذ تمنح المستخدم تحكمًا مباشرًا في أسلوب المعالجة وجودة النتائج.
الميزة الجديدة توفر خيارين رئيسيين:
استوحت «جوجل» تصميم الميزة الجديدة من واجهة تطبيق Gemini الخاص بها، حيث أضافت في أعلى الشاشة شارة صغيرة توضح النموذج المستخدم (Fast أو Advanced)، إلى جانب شعار التطبيق.
وبمجرد النقر على الشارة، يمكن للمستخدم التبديل الفوري بين النموذجين بسهولة، مما يوفر تجربة مرنة تتكيف مع احتياجات الترجمة المختلفة.
ويعكس التحديث توجه «جوجل» نحو توحيد هوية تطبيقاتها الذكية وتقديم أدوات تحكم متقدمة بطريقة بصرية وتفاعلية متناسقة.
ورغم أن الشركة لم تُعلن رسميًا عن موعد الإطلاق العام، إلا أن تقارير تقنية أشارت إلى أن الميزة قد تُطرح ضمن خطة اشتراك مدفوعة مثل Google AI Pro أو Gemini Advanced، وذلك لأن النموذج المتقدم يعتمد على موارد معالجة عالية.
أما النموذج السريع فسيبقى مجانيًا ومتاحًا لجميع المستخدمين كخيار افتراضي للترجمات اليومية السريعة.
وظهرت الميزة حاليًا بشكل تجريبي على عدد من أجهزة آيفون وآيباد، في حين لم تصل بعد إلى أجهزة أندرويد، ما يشير إلى أن جوجل تتبع سياسة الإطلاق المحدود لاختبار الأداء قبل طرحها عالميًا.
ومن المتوقع أن يتم توسيع نطاق التوفر تدريجيًا خلال الأسابيع القادمة ليشمل جميع الأنظمة واللغات.
وتأتي هذه الخطوة ضمن سلسلة من التحسينات التي تعمل عليها جوجل لتطوير تطبيق الترجمة، فقد تم مؤخرًا رفع جودة الترجمة السياقية بفضل دمج قدرات Gemini، إلى جانب توسيع نطاق الإدخال ليشمل النصوص والصور والأوامر الصوتية داخل واجهة موحّدة.
كما حسّنت الشركة من تقنية تحويل النص إلى كلام لتصبح أكثر طبيعية ودقة في النطق، وأضافت ميزة التدريب على اللغات التي تساعد المستخدمين على تعلم لغات جديدة بطريقة تفاعلية تجمع بين الترجمة والمحادثة والممارسة العملية.",Science and Technology,Real,95%,High lexical richness,REAL
,https://www.almasryalyoum.com/news/details/3591618,masrielyoum,"كشفت شركة
عن تحديث هام لتطبيقها الجديد والمثير للاهتمام،
، الذي يمثل دخولها المباشر الأول إلى مجال التطبيقات الاجتماعية المرئية. يتمحور التحديث حول ميزة جديدة أُطلق عليها اسم
، والتي تمنح المستخدمين القدرة على تحويل أي كيان تقريبًا إلى شخصية رقمية قابلة للاستخدام المتكرر ضمن الفيديوهات التي يولدها الذكاء الاصطناعي.
أخبار متعلقة
تسريبات iPhone 18 Pro Max.. أبل تراهن على ألوان جريئة وتترك الكلاسيكيات
تحديث Windows 11 الجديد.. أداء أسرع وخصائص ذكية لمشاركة الصوت بين جهازين
«يحتاج 70 يومًا لمشاهدة جميع كنوزه».. الصحف الأمريكية تصف المتحف المصري الكبير بـ«أعظم الافتتاحات الثقافية»
تعتمد هذه الخاصية على نموذج
المتطور، الذي يشتهر بقدرته على إنتاج مشاهد فيديو معقدة وواقعية، مع محاكاة دقيقة لقوانين الفيزياء وتضمين مؤثرات صوتية متعددة اللغات.
لم يعد إنشاء النسخ الرقمية مقتصرًا على المستخدم نفسه؛ بل بات بالإمكان تطبيق التقنية على مجموعة واسعة من العناصر، مثل
.
أوضحت OpenAI أن المستخدمين يستطيعون تحديد أذونات استخدام الشخصيات الرقمية التي ينشئونها بشكل منفصل عن صورهم الشخصية، سواء كانت للاستخدام الفردي، أو المشاركة مع المتابعين، أو الإتاحة العامة. كما يمكن تخصيص اسم ومعرّف ووضع وسم للشخصية عند ظهورها.
يوفر التحديث أيضاً خيارات لشخصيات مُصممة مسبقاً يمكن إدراجها مباشرة في المقاطع.
بالإضافة إلى ميزة «الظهور كشخصية»، طرحت OpenAI ميزات أخرى لتعزيز التفاعل والتجربة الإبداعية:
تتيح دمج عدة مقاطع معاً لإنشاء فيديوهات متعددة المشاهد.
تعرض أكثر المقاطع تداولاً والشخصيات الأكثر استخداماً ضمن المنصة.",Science and Technology,Real,95%,High lexical richness,REAL
,https://www.almasryalyoum.com/news/details/3590804,masrielyoum,"أعلنت شركة مايكروسوفت عن إضافة ميزة جديدة لنظام التشغيل ويندوز 11 تحت اسم «مشاركة الصوت» (Shared Audio)، والتي تسمح للمستخدمين ببث الصوت إلى سماعتي بلوتوث في نفس الوقت.
أخبار متعلقة
صحف العالم تشيد بالحفل.. والـ ديلي ميل: «ضغط على بريطانيا لتسليم حجر رشيد لمصر بعد افتتاح المتحف»
بينها إبعاد «عمر الحمد» خارج البلاد.. وزارة الداخلية تصدر 5 قرارات جديدة اليوم الأحد 2-11-2025
الطريق إلى الخلود.. «المصري اليوم» تعرض الكتاب التذكاري الخاص بافتتاح المتحف المصري الكبير
وتعتمد هذه الميزة على تقنية Bluetooth Low Energy LE Audio، وهي معيار بلوتوث منخفض الطاقة يتيح نقل الصوت بجودة عالية مع استهلاك منخفض للطاقة، كما تسمح هذه التقنية بإرسال الصوت إلى أكثر من جهاز صوتي في وقت واحد دون الحاجة إلى استخدام محول صوتي أو أي توصيلات إضافية.
والميزة حاليًا في مرحلة الاختبار ضمن إصدار المعاينة التجريبية من ويندوز 11 (النسخة رقم 26220.7051)، وهي متوفرة للمشتركين في قناتي التحديثات الأولية Dev وBeta عبر برنامج Windows Insider، الذي يتيح للمستخدمين اختبار المزايا الجديدة قبل إصدارها الرسمي.
في المرحلة الأولى، ستكون الميزة متاحة فقط لبعض الحواسيب من سلسلة Copilot+ التابعة لمايكروسوفت، بما في ذلك جهاز Surface Laptop (مقاسي 13.8 و15 بوصة)، وSurface Pro (مقاس 13 بوصة)، التي تعمل بمعالجات Snapdragon X.
ووفقًا لمايكروسوفت، ستتمكن هذه الأجهزة من الاتصال بأي سماعتين أو مكبري صوت أو أجهزة سمعية تدعم معيار Bluetooth LE Audio في الوقت ذاته.
في الوقت الراهن، تدعم الميزة بعض السماعات الحديثة مثل:
وذكرت مايكروسوفت أنه سيتم إضافة دعم لأجهزة أخرى قريباً؛ ما يعني أنها تعتزم توسيع نطاق الميزة في المستقبل لتشمل المزيد من الأجهزة.
لتفعيل هذه الميزة على جهازك، يمكنك اتباع الخطوات التالية:
تأكد من أن السماعات أو مكبرات الصوت تدعم LE Audio، ثم قم بإقرانها مع جهازك، وتفعيل خيار Shared Audio من الإعدادات السريعة (Quick Settings) لبدء بث الصوت إليهما في الوقت نفسه.
وبهذه الطريقة، يمكنك تجربة هذه الميزة المبتكرة والاستمتاع بتجربة صوتية جديدة على جهازك بنظام ويندوز 11.",Science and Technology,Real,95%,High lexical richness describing technical specifications,REAL
,https://www.almasryalyoum.com/news/details/3594285,masrielyoum,"قالت وزارة الداخلية في بيان اليوم الخميس، إن الإدارة العامة لحماية الآداب بقطاع الشرطة المتخصصة تمكنت من ضبط صانعتَي محتوى، لنشرهما مقاطع فيديو عبر صفحاتهما على مواقع التواصل الاجتماعي تتضمن قيامهما بالرقص بطريقة خادشة للحياء.
أخبار متعلقة
لتنفيذ أعمال التطوير بمصر القديمة.. «الداخلية»: غلق كلي لشارع الأشراف لمدة 15 يومًا
«الداخلية» تكشف حقيقة فيديو اعتداء على منزل وإتلاف سيارة بالجيزة وتضبط المتهمين
«الداخلية»: ضبط قائد سيارة فرّ من محطة وقود بالقاهرة دون سداد الحساب
وأوضحت الوزارة أنه عقب تقنين الإجراءات، تم ضبط المذكورتين أثناء تواجدهما بدائرة قسم شرطة حدائق أكتوبر بمحافظة الجيزة. وبمواجهتهما، اعترفتا بنشر المقاطع المشار إليها على صفحاتهما بهدف زيادة نسب المشاهدات وتحقيق أرباح مالية عبر الإنترنت.
وأكد البيان أنه تم اتخاذ الإجراءات القانونية اللازمة حيال المتهمتين.",Society,Real,95%,Logical and factual coherence,REAL
,https://www.almasryalyoum.com/news/details/3594290,masrielyoum,"أعلن المخرج ماندو العدل عن موعد عرض الحلقة الثالثة من مسلسل «ورد وشوكولاتة»، بطولة الفنان محمد فراج والفنانة زينة.
أخبار متعلقة
ورد وشوكولاتة.. هدية كلاسيكية على مر السنين
مؤلف «ورد وشوكولاتة» يكشف عن مشهد في الحلقة الثامنة يعتبره الأجمل في مسيرته الفنية (تفاصيل)
مواعيد وقنوات عرض مسلسل «ورد وشوكولاتة» بطولة زينة ومحمد فراج
وكتب ماندو العدل عبر صفحته الرسمية على موقع «فيسبوك»: «الحلقة التالتة النهاردة إن شاء الله الساعة 12 بعد منتصف الليل على منصة Yango Play، أنا بحب الحلقة دي وبتمنى تعجبكم».
مسلسل «ورد وشوكولاتة» بطولة محمد فراج، زينة، مها نصار، مريم الخشت، مراد مكرم، صفاء الطوخي، محمد سليمان، عمرو مهدي، وبسام رجب، إلى جانب مجموعة من الوجوه الصاعدة مثل يوسف حشيش وآية سليم، من تأليف محمد رجاء، وإخراج ماندو العدل، وإنتاج جمال العدل.",Arts,Real,95%,Lexical richness (descriptive language about the film),REAL
,https://www.almasryalyoum.com/news/details/3594220,masrielyoum,"أخبار متعلقة
«لو أنت ذكي ومدقدق».. اعثر على الزرافة التي ليس لها توأم
«لو أنت ذكي ولماح».. اعثر على الزرافة المخفية في 10 ثواني
«5 استراحة».. اعثر على الزرافة الثانية في 6 ثوانٍ",Lifestyle and Leisure,Fake,95%,High presence of clickbait words (\لو أنت ذكي\ \لن تصدق\ and a focus on a simple,REAL
,https://www.almasryalyoum.com/news/details/3592685,masrielyoum,"أخبار متعلقة
نتيجة مباراة مصر وإسبانيا في نصف نهائي كأس العالم لكرة اليد للناشئين
شاهد مباشر.. القنوات الناقلة لمباراة منتخب مصر ضد إسبانيا في كأس العالم لكرة لليد تحت 17 عامًا
أهداف مباراة ليفربول وبرينتفورد (2-3) اليوم في الدوري الإنجليزي
ملخص مباراة الأهلي وبتروجيت (1-1) اليوم في الدوري المصري
ملخص مباراة ليفربول وكريستال بالاس في كأس الرابطة الإنجليزية
ملخص مباراة مانشستر سيتي وسوانزي في كأس الرابطة الإنجليزية
اتفرح مجانًا.. موعد مباراة الأهلي وإيجل نوار اليوم في دوري أبطال أفريقيا والقنوات الناقلة
القنوات المفتوحة الناقلة لمباراة الأهلي ضد إيجل نوار مباشر اليوم في دوري أبطال أفريقيا
ملخص وأهداف نتيجة مباراة الأهلي وإيجل نوار اليوم في دروي أبطال إفريقيا
حقق ليفربول بقيادة أرني سلوت، فوزا مهما على حساب ريال مدريد، في قمة مباريات الجولة الرابعة من مرحلة الدوري، ببطولة دوري أبطال أوروبا.
وانتصر ليفربول بهدف دون رد، خلال اللقاء الذي أقيم على استاد آنفيلد، بفضل هدف لاعبه أليكسيس ماك أليستر، بتمريرة حاسمة من سوبوسلاي.
وشهد اللقاء تألقًا بارزا من تيبو كورتوا حارس ريال مدريد، حيث دافع عن مرماه في أكثر من مشهد، ومنع فرص محققة كبرى، خلال شوطي اللقاء.
وحقق ليفربول الفوز سابقا على أتلتيكو مدريد وآينتراخت فرانكفورت وخسر من جالاتا سراي، خلال لقاءات البطولة الأوروبية، ويقبع بالمركز السادس برصيد 9 نقاط.
وفاز ريال مدريد على أولمبيك مارسيليا وكيرات ألماتي ويوفنتوس، خلال لقاءات مرحلة الدوري، ويحتل المركز الخامس برصيد 9 نقاط.
مباراة الثلاثاء هي العاشرة في آخر 11 مناسبة أوروبية يواجه فيها الريدز فرقًا إسبانية والموسم السادس على التوالي في دوري أبطال أوروبا الذي يواجه فيه فريقًا من مدريد. فاز ليفربول بخمس مباريات وتعادلوا في واحدة وخسروا واحدة في آخر 7 مباريات خاضوها ضد الفرق الإسبانية في آنفيلد.
ق1: ضغط مبكر من ليفربول وكرة تذهب لاكيتيكى ولكن تذهب سهلة لدفاع الريال
ق3: مرتدة من ليفربول يخرج لها كورتوا ويتصرف ببراعة
ق10: تسديدة من ماك اليستر أعلى عارضة الريال فى احدى الفرص الخطيرة على المرمى
ق12: كرة طولية وتسلل على مهاجم ليفربول الفرنسي
ق16: مبابى يضيع كرة من هجمة خطيرة لكنه يطيح بالكرة فى السماء
ق22: كارت أصفر لفينسيوس بعد تدخله الخشن مع برادلي
ق27: هجمة مرتدة من ليفربول وسوبوسلاى يسدد فى جسد كورتوا
ق30: الفار يطلب من الحكم مشاهدة لمسة يد على تشواميني لاعب ريال مدريد
ق32: لا يحتسب شىء الحكم وضربة حرة مباشرة للريال
ق42: تسديدة من سوبوسلاى وكورتوا يتصدى ببراعة والكرة تذهب إلى ركنية
نهاية الشوط الأول
ق47: تسديدة راسية من فان دايك يتصدى لها العملاق كورتوا
ق51: سبوسلاى يسدد ضربة حرة مباشرة يتصدى لها حارسالريال كالعادة
ق61: جوووووووووووووووووووووووووووووووووول ماك أليستر من ضربة حرة لعبها سوبوسلاى سددها أليستر براسية رائعة فى الممرى
ق78: هدوء فى ايقاع اللقاء ولا فرص على المرمى
ق84: كرة مع محمد صلاح وانطلاقة وتسديدة ولكن الدفاع يتفادى الخطورة
ق90: خمس دقائق وقت بدل من الضائع
نهاية المباراة
يقدم «المصري اليوم»، خلال السطور التالية، خدمة المتابعة المباشرة لـ
في الجولة الرابعة من مجموعات دوري أبطال أوروبا 2025-2026، وذلك من خلال تغطية أحداث اللقاء لحظة بلحظة.
ريال مدريد
11
7
1
17
ليفربول
11
3
1
11
تقام
في دوري أبطال أوروبا، يوم الثلاثاء الموافق 4 نوفمبر 2025 على ملعب آنفيلد، وتنطلق صافرة بداية المباراة في تمام الساعة 10 مساءً بتوقيت القاهرة و11 مساءً بتوقيت مكة المكرمة، و12 ليلًا بتوقيت أبوظبي.
يأتي نادي ريال مدريد في المركز الخامس بجدول ترتيب دوري أبطال أوروبا برصيد 9 نقاط، حققها من 3 انتصارات متتالية، أما نادي ليفربول يتواجد في المركز العاشر بجدول ترتيب دوري الأبطال برصيد 6 نقاط، جمعهما من فوزين وتعرض لهزيمة في مباراة.
تملك شبكة قنوات «بي إن سبورتس» القطرية حقوق بث مباريات بطولة دوري أبطال أوروبا للموسم الحالي، حيث خصصت الشبكة قناة «بي إن سبورتس 2»، لنقل
في مرحلة الدوري من دوري الأبطال.
التردد: 10810
الاستقطاب: أفقي
الترميز: 27500
التصحيح: 2/3
التردد: 11013
الاستقطاب: أفقي
الترميز: 27500
التصحيح: 2/3
يمكن مشاهدة مباراة
عبر الإنترنت من خلال:
للمشتركين في باقات بي إن سبورتس.
عبر الهواتف الذكية والأجهزة الذكية بعد الاشتراك.
حراسة المرمى: مامارداشفيلي
خط الدفاع: براديلي، كوناتي، فان دايك، روبيرتسون
خط الوسط: ماك أليستر، جرافينبيرخ، سوبوسلاي
خط الهجوم: محمد صلاح، إيتيكيتي، جاكبو
حراسة المرمى: تيبو كورتوا
خط الدفاع: فالفيردي، ميليتاو، هويسين، كاريراس
خط الوسط: تشواميني، جولر، كامافينجا
خط الهجوم: فينيسيوس جونيور، مبابي، جود بيلينجهام",Sport,Real,95%,Factual reporting with detailed match commentary and player statistics,REAL
,https://www.almasryalyoum.com/news/details/3592946,masrielyoum,"شهدت حلقة أمس من برنامج «90 دقيقة» الذي تقدمه الإعلامية بسمة وهبة على قناة المحور، موقفًا طريفًا بعد مداخلة هاتفية مع الفنان مصطفى كامل، نقيب المهن الموسيقية، تحدث خلالها عن أزمة المطرب الشعبي مسلم وما أُثير من جدل حولها.
أخبار متعلقة
بسمة وهبة: المصريون كانوا يستعجلون النتائج واليوم يجنون ثمار الصبر في مشروع المتحف الكبير
«حقك علينا».. بسمة وهبة تعلق على واقعة التعدي على مُسن بالسويس
بسمة وهبة: انخفاض الألماس خلال الفترة المقبلة
وأوضح مصطفى كامل خلال المداخلة أنه لم يكن متواجدًا في النقابة وقت الأزمة، مؤكدًا أن ما تردد عن استدعاء الشرطة أو تنظيم وقفة احتجاجية مجرد سوء فهم إعلامي.
وأضاف أنه يسعى دائمًا إلى تحقيق العدالة وضبط الأداء داخل النقابة، وأن دوره كرجل دولة يفرض عليه إدارة المؤسسة بشفافية وأمانة.
وأشار كامل إلى أن قضية مسلم تتعلق بخلافات مالية وعقود بينه وبين عدد من الشركات، مؤكدًا أنه يتابعها بنفسه لضمان حقوق جميع الأطراف، ودعا المطرب لإنهاء إجراءاته القانونية قبل العودة إلى العمل الفني.
كما تحدث عن الإصلاحات التي شهدتها النقابة منذ توليه المنصب، موضحًا أنه نجح في رفع موارد النقابة وزيادة معاشات الأعضاء بنسبة 300%، إلى جانب ضبط المخالفات المالية والإدارية عبر إجراءات قانونية سليمة.
وفي ختام المداخلة، سخرت بسمة وهبة من النقيب بعدما أكد أكثر من مرة أنه كان نائمًا أثناء الأزمة، وقالت مازحة: «طيب، عمومًا أستاذ مصطفى أنا بشكرك جدًا جدًا يا معالي النقيب، وصح النوم، وإحنا آسفين لو صحيناك».",Politics,Real,95%,Factual reporting with named entities (مصطفى كامل,REAL
,https://www.almasryalyoum.com/news/details/3593282,masrielyoum,"يعقد مجلس نقابة المحامين، برئاسة عبدالحليم علام، اجتماعا اليوم، للإعلان عن فتح باب الترشح لانتخابات النقابات الفرعية، ودعوة الجمعية العمومية للمحامين، للانعقاد للنظر والموافقة على زيادة المعاشات، وذلك بـمقر نادي المحامين بمدينة السادس من أكتوبر.
أخبار متعلقة
بالتزامن مع واقعة المعتمر المصري.. رئيس الشؤون الدينية بالحرمين: الالتزام بالتعليمات الأمنية عبادةٌ تُصان بها الأرواح وتُحفظ بها المقدسات
أول تعليق من «الخارجية» بعد فيديو المعتمر المصري في الحرم
دعاء الحج والعمرة.. أدعية قصيرة ومستحبة للحجاج والمعتمرين هذا العام
الاعتداء على معتمر مصري في الحرم.. والسلطات السعودية تتحرك (فيديو وتفاصيل كاملة)
وقال الدكتور أبوبكر ضوة، الأمين العام لمجلس نقابة المحامين، إن الاجتماع سوف يناقش واقعة التعدي على محامي معتمر في الحرم المكي بالمملكة العربية السودية من قبل فرد أمن من أمن الحرم المكي.
وأضاف «ضوة» لـ«المصري»: أن الاجتماع سوقف ينقاش الأمر والتحقق مما إذا كان المعتمر محاميا أم لا، ثم مخاطبة وزارة الخارجية لاتخاذ الإجرءات اللازمة وتقديم الدعم القانوني له في حال أنه عضو بالجمعية العمومية لنقابة المحامين.
وكانت أثارت أزمة فرد الأمن السعودي الذي اعتدى على معتمرين بساحة الحرم المكي، جدلًا واسعًا خلال الساعات الأخيرة، بين رواد السوشيال ميديا، معبرين عن استيائهم واستنكارهم لما حدث.
كانت البداية، عندما أثار مقطع فيديو تداوله نشطاء مواقع التواصل الاجتماعي، لأحد أفراد الأمن السعودي وهو يعتدي على معتمرين في مكة المكرمة، جدلًا كبيرًا، ووضع تساؤلات عديدة للمتابعين حول حقيقة تلك الواقعة.
ويظهر الفيديو، الذي لم تتجاوز مدته دقيقة واحدة، لحظة تجاوز رجل الأمن لصلاحياته، حيث رفع يديه على المعتمر أثناء جلوسه مع زوجته داخل الحرم، في حين طالبه المعتمر قائلًا: «إيدك ما تتمد، أنا بكلمك بكل ذوق واحترام، المفروض تتعامل كده أنت كمان».
كما يوثّق المقطع أيضًا طلب المعتمر من زوجته تصوير الحادث بهاتفها المحمول، معلّقًا: «صوري، إحنا بنتبهدل في السعودية من فرد الأمن».
وأثار المقطع موجة استياء واسعة بين رواد التواصل الاجتماعي في مصر، حيث عبّر كثيرون عن صدمتهم من وقوع مثل هذا الحادث في بيت الله الحرام، مطالبين بتحقيق فوري مع فرد الأمن السعودي، معربين عن استنكارهم لما حدث مع المعتمرين داخل الحرم المكي.",Crime,Real,95%,Lexical richness (use of terms like \اعتداء\ - assault),REAL
,https://www.almasryalyoum.com/news/details/3593917,masrielyoum,"كان اللورد والتر موين وزيرًا للمستعمرات البريطانية ووزيرًا مقيمًا بالشرق الأوسط والقاهرة واسمه كاملا «والتر جينيس بارون موين الأول»،وكان يتصف بالصدق والميل إلى الحق، وكان له موقف أقرب للموقف المعادي لليهود، وهو مولود في عام 1880، وكان قد تم اغتياله أمام مقر إقامته في الزمالك «زي النهارده» في 6 نوفمبر 1944على يد اليهوديين «إلياهو حكيم» و«إلياهو ميتسوري»، وهما ينتميان للمنظمة الإرهابية «لوحامى حيروت يسرائيل- ليحى» أي (المقاتلون من أجل حرية إسرائيل) والمعروفة باسم منظمة شتيرن نسبة لمؤسسها أبراهام شتيرن وكان إسحاق شامير- الرئيس الأسبق للكنيست ورئيس وزراء إسرائيل لاحقا- كان أحد قادة العصابة الثلاثة الذين أصدروا أمر الاغتيال.
أخبار متعلقة
أشهر الاغتيالات فى التاريخ: اغتيال اللورد موين فى الزمالك
اغتيال اللورد موين فى الزمالك
شقيقة الكونستابل «الأمين عبدالله» تحكى تفاصيل القبض على الصهيونيين قاتلى اللورد موين
منظمة شتيرن
تغتال اللورد موين
وكان إبراهام شتيرن ذاته قد لقى مصرعه على يد القوات البريطانية أثناء الانتداب، وعلى إثر هذا قرر أنصاره في المنظمة أن يثأروا لمقتله،فقاموا باغتيال اللورد موين وقام الكونستابل الأمين عبدالله بملاحقة القاتلين الإسرائيليين وقبض عليهما حيث كان منتدبا ليوم واحد في نوبة أمنية بالزمالك، بدلا من كونستايل آخر وقد وصفته الصحافة المصرية آنذاك بأنه أنقذ سمعة مصر، من حادث كان أحد أهدافه إحراج مصر أمام سلطة الاحتلال البريطانى.
وكانت «المصرى اليوم» قد التقت شقيقة الكونستابل الأمين عبدالله السيدة «ابتسامات» وهناك فيلم مصرى بعنوان «جريمة في الحى الهادئ» عرض في 1967 ويحكى عن هذه القصة ويعرض لنشاط المنظمات الصهيونية الإرهابية داخل مصر بين الثلاثينيات والأربعينات وفي الفيلم قام «الكونستابل» الأمين عبدالله نفسه بإعادة مشهد المطاردة كما حدث في الواقع، والفيلم إخراج حسام الدين مصطفى، وبطولة رشدى أباظة ونادية لطفى، أما القاتلان فقدجسد شخصيتهما رشوان توفيق وزين العشماوى وتم تكريم الأمين وظل القاتلان بالسجن، وتم إعدامهما بعد قيام ثورة 23 يوليو.",Crime,Real,95%,Lexical richness: The article details a specific crime (assassination) with named entities (individuals,REAL
,https://www.almasryalyoum.com/news/details/3593915,masrielyoum,"جاء إبراهام لينكولن رئيسا للولايات المتحدة في واحدة من أسوأ فترات التمييز العنصرى، وكان الرئيس السادس عشرلأمريكا، وقد جاء رئيسا «زى النهارده» ٦ نوفمبر١٨٦٠ وانتهت فترة رئاسته باغتياله في ١٤ إبريل ١٨٦٥ وقامت في عهده الحرب الأهلية الأمريكية، بعد انفصال إحدى عشرة ولاية وإعلانها تكوين دولة مستقلة سمّيت الولايات الكونفيدرالية الأمريكية، فتمكن من الانتصار وإعادة الولايات المنفصلة إلى الحكم المركزى بقوة السلاح.
أخبار متعلقة
بعد هدم الجناح الشرقي.. ترامب يُجدد حمام لينكولن في أحدث تجديد للبيت الأبيض
«تجهيزات ذهبية ورخامية».. ترامب يتفاخر بتجديد «حمام لينكولن» (صور)
Manhunt .. مطاردة قاتل «لينكولن» تفتح ملفات الانشقاقات الأمريكية
كما كان صاحب قرار إلغاء الرق في أمريكا في عام ١٨٦٣ وهو مولود في ١٢ فبراير ١٨٠٩ في ولاية إيلينوى لأسرة فقيرة، ولم يحصل على تعليم رسمى إلا أنه تمكن من تكوين ثقافة عالية من جراء قراءاته الكثيفة لأمهات الكتب الغربية وفى ١٨٣٧، وبعد أن علّم نفسه مبادئ القانون الإنجليزى والأمريكى.
ودخل نقابة المحامين وكان في أوائل حياته عضوًا في حزب الويك الذي كان الحزب الثانى في أمريكا قبل انقراضه على يد الحزب الجمهورى، ثم استأنف حياته السياسية حينما كان حزبه القديم حزب الويك، يلفظ أنفاسه الأخيرة وينضم أعضاؤه لأحزاب أخرى أبرزها حزب جديد سمى بالحزب الجمهورى الذي انضم إليه عام ١٨٥٤.
وقد رشحه الحزب الجمهورى لخوض انتخابات مجلس الشيوخ لتمثيل ولاية إيلينوى، وخسر أمام مرشح الحزب الديمقراطى وفى عام ١٨٦٠ وحينما اشتد الخلاف بين ولايات الشمال والجنوب، وبين مناهضى الرق ومؤيديه، خاض الانتخابات الرئاسية كمرشح للحزب الجمهورى، وفاز بمنصب الرئاسة فكان أول رئيس للولايات المتحدة من الحزب الجمهورى وفى انتخابات عام ١٨٦٤ فاز فوزًا ساحقًا، وبعد أشهر قليلة، وفى ٩ إبريل ١٨٦٥استسلم كبير الضباط الجنوبيين، الجنرال روبرت لى، فانتهت بذلك فعليًا الحرب الأهلية الأمريكية.",Politics,Real,95%,Factual reporting with named entities (Lincoln,REAL
,https://www.almasryalyoum.com/news/details/3593913,masrielyoum,"على مدى زمن طويل ظلت المغرب تطالب بأحقيتها في إقليم الصحراء الواقعة بينها وبين إسبانيا الإسبانية وأحقيتها في فرض السيادة على هذه المنطقة باعتبارها جزءًا لا يتجزأ من المغرب منذ القدم وحاولت موريتانيا المطالبة بالأرض الواقعة في الجنوب، ومنذ 1973 شنت جبهة البوليساريو المدعومة من قبل الجزائر حرب عصابات صحراوية كان الهدف منها مقاومة السيطرة الإسبانية على الصحراء. وفى أكتوبر 1975، شرعت إسبانيا في إجراء مفاوضات مع قادة حركة التمرد للنزول عن السلطة.
أخبار متعلقة
«زي النهارده».. وفاة الفنان حسن عابدين 5 نوفمبر 1989
«زى النهارده».. الإطاحة بـ«السلال» أول رئيس لليمن 5 نوفمبر 1967
«زي النهارده».. اغتيال الحاخام مائير كاهانا 5 نوفمبر 1990
وعقدت الحكومة المغربية العزم على إثبات أحقيتها بالصحراء الغربيةبإحالة القضية لمحكمة العدل الدولية، وأقرت محكمة العدل الدولية بوجود روابط تاريخية وقانونية تشهد بولاءعدد من القبائل الصحراوية لسلطان المغرب وكذلك بعض الروابط التي تتضمن بعض الحقوق المتعلقةبالأرض الواقعة بين موريتانيا والقبائل الصحراوية وعلى الرغم من ذلك، أقرت المحكمة الدولية أنه لا توجد أي روابط تدل على السيادة الإقليمية بين الإقليم وبين المغرب أو موريتانيا وقت الاستعمار الإسبانى.
وقضت المحكمة بأن السكان الأصليين ( للصحراء) هم مالكو الأرض وأنهم يتمتعون بحق تقرير المصير ومما زاد الأمر تعقيدًا أن بعثة تابعة للأمم المتحدة أعلنت في ١٥ أكتوبر قبل يوم واحد من إعلان حكم محكمة العدل الدولية أن تأييد أهل الصحراء للحصول على الاستقلال جاء بأغلبية ساحقة وفى غضون ساعات من صدور حكم محكمة العدل الدولية .
فأعلن الحسن الثانى تنظيم «مسيرة خضراء» إلى الصحراء الإسبانية من أجل «إعادة ضم إقليم الصحراء المتنازع عليه إلى الوطن الأم» فانطلقت المسيرة «زي النهارده» في 6 نوفمبر 1975 لحمل إسبانيا على تسليمها الإقليم الذي كان واقعًا تحت الاحتلال الإسبانى آنذاك وقد ضمت المسيرة حوالى ثلاثمائة وخمسين ألف متظاهر من المغاربة عبروا الصحراء المغربية.
وعندما وصل المتظاهرون إلى الحدود، صدر الأمر للقوات الإسبانية بعدم إطلاق النار تجنبًا لإراقة الدماء وتملكت إسبانيا المخاوف من أن يؤدى صراعها مع المغرب لنشوب حرب بينهما، خاصة أن إسبانيا كانت تعيش حالة من الفوضى (وكان الديكتاتور فرانكو يحتضر) فوافقت إسبانيا على الدخول في مفاوضات ثنائية مباشرة مع المغرب، ومع موريتانيا التي كانت لها مطالب مماثلة.
وقد أسفرت تلك المفاوضات عن توقيع اتفاقية مدريد في 14 نوفمبر 1975 وهى الاتفاقية التي قضت بتقسيم الصحراء الغربية بين كل من موريتانيا والمغرب.",Politics,Real,95%,Factual reporting with named entities (Franco,REAL
,https://www.almasryalyoum.com/news/details/3593545,masrielyoum,"انطلقت فعاليات مهرجان مينسك السينمائي الدولي «ليستباد» في دورته الـ31 بالعاصمة البيلاروسية مينسك، في 31 من أكتوبر ويمتد حتى 7 من نوفمبر الجاري.
أخبار متعلقة
مهرجان VS-Film للأفلام القصيرة جدًا يحتفي بصناع الأفلام السعودية
السويس والسينما.. مدينة صنعت ذاكرة الفن السابع في كتاب تزامنا مع مهرجان الأفلام القصيرة جدا
انطلاق النسخة الأولى من مهرجان قنا للفنون والحرف التراثية
بكلمة تهنئة من رئيس الجمهورية الكسندر لوكاشينكو للجنة المنظمة والحضور بانطلاق فعاليات مهرجان مينسك السينمائي الدولي «ليستباد»، متمنيًا للمشاركين التوفيق والنجاح، والاستمتاع بمشاهدة أفضل الأفلام، ومؤكدًا أن المهرجان يفتح مجالًا للحوار بين الدول، ويوحد السينمائيين، ويساعد على مزيد من الأفكار الجديدة التي تسهم في تطور الفن.
من جانبه أشار وزير الثقافة البيلاروسي «روسلان تشيرنيتسكي» أن مهرجان مينسك «ليستباد» السينمائي حدثًا ثقافيًا كبيرًا ننتظره من عام إلى عام، ورحب وزير الثقافة بالضيوف الأجانب المشاركين في المهرجان،
وتحدث الكسندر يفريموف المخرج والسيناريست البيلاروسي ورئيس المهرجان مشيرًا إلى أن هذه الدورة تضم 157 فيلمًا تمثل 41 دولة من أصل 3 آلاف من 120 دولة، تقدموا للمشاركة في المهرجان.
أكد يفريموف أن المهرجان يضم 8 أقسام مختلفة، وكل قسم له لجنة تحكيم خاصة به، وسوف تبدأ اللجان في مشاهدة الأفلام حتى السادس من نوفمبر الجاري على أن تعلن نتائج لجان التحكيم في السابع من نوفمبر، يوم ختام المهرجان.
وتقام هذه الدورة تحت شعار«تاريخ يغير وجهات النظر».
ومن جانبه عبر شريف جاد مدير النشاط الثقافي بالمركز الثقافي الروسي بالقاهرة، نائب رئيس جمعية الفيلم عن سعادته باختياره رئيسا للجنة مدارس السينما الوطنية «سينما الطلاب»، ويشاركه في اللجنة المخرج السينمائي الكوبي بابلو ماسيب خينيستا، والناقدة السينمائية ورئيس قسم النقد الفني بكلية الاعلام بجامعة بيلاروس الحكومية لودميلا ساينكوفا.
وقال جاد إن وجود المخرج الروسي الكبير كارين شاهنزاروف رئيس مؤسسة السينما الروسية «موسفيلم» كرئيس لجنة التحكيم للأفلام الروائية والممثل الإيطالي فايبو ماسا أمرًا أسعده.
وقال جاد «رغم أن المهرجان يمتد للدورة 31 إلا أنه لم يكن هناك تعاونا مع السينما المصرية على الاطلاق وهو أول مصري يشارك في هذا المهرجان وإن كان هناك بعض المحاولات العربية بدأت مؤخرًا منذ 2015 بمشاركة فيلم مشترك إنتاج قطري فلسطيني أمريكي بريطاني، وفي 2016 شاركت أيضا لبنان وقطر في فيلم مشترك صحبة فلسطين، وشاركت عام 2018 لبنان، وفي 2024 شاركت المملكة العربية السعودية.
وسوف أحرص على فتح مجالا للتواصل مع هذا المهرجان المهم على أمل أن تشارك السينما المصرية في الدورة القادمة بشكل بارز ومتميز سواء كان في الأفلام الروائية الطويلة أو القصيرة أو الأفلام التسجيلية أو الرسوم المتحركة«.",Arts,Real,95%,Lexical richness: The article uses descriptive language related to film festivals,REAL
,https://www.almasryalyoum.com/news/details/3593174,masrielyoum,"تنظم الهيئة المصرية العامة للكتاب، في الرابعة مساء غدًا الخميس، حفل توقيع خاص لمؤلفات الكاتب الكبير محمد سلماوي، الذي تم اختياره شخصية العام الثقافية في معرض الشارقة الدولي للكتاب 2025، وذلك بجناح الهيئة داخل المعرض، في إطار حرص وزارة الثقافة المصرية على تكريم رموز الإبداع، والاختفاء بهم، تعبيرا عن التقدير لإسهاماتهم.
أخبار متعلقة
هيئة الكتاب تتعاقد مع الدكتور عبدالحكيم راضي لإصدار مؤلفاته
خصومات تصل إلى 25% على إصدارات هيئة الكتاب احتفالًا بافتتاح المتحف المصري الكبير
افتتاح منافذ جديدة لبيع إصدارات هيئة الكتاب بمكتبة مصر العامة بالأقصر
يأتي هذا التكريم احتفاءً بمسيرة أدبية وثقافية حافلة تمتد لعقود، قدّم خلالها سلماوي أعمالًا أدبية متميزة في مجالات القصة القصيرة والرواية والمسرح والصحافة الثقافية، جعلت منه واحدًا من أبرز رموز الفكر والإبداع في العالم العربي.
ومن المقرر أن يشهد الحفل حضور عدد من المثقفين والكتاب والإعلاميين العرب والمصريين، تقديرًا لما قدمه الكاتب من إسهامات فكرية وثقافية أثرت المشهد الأدبي العربي، كما سيتم خلال الفعالية توقيع مجموعة من أبرز مؤلفاته الصادرة عن الهيئة المصرية العامة للكتاب، ومنها: «العفريتة»، و«ما وراء القمر»، و«المحطة الأخيرة»، و«مسيرتي» التي تمثل سيرة ذاتية توثق جانبًا من تجربته الحياتية والثقافية الغنية.
ويُعد محمد سلماوي من الأسماء البارزة في المشهد الثقافي المصري والعربي، حيث شغل مناصب رفيعة في مؤسسات ثقافية وصحفية، وكان له دور مهم في دعم حرية التعبير وتعزيز مكانة الأدب العربي عالميًا. وتميزت كتاباته بعمق إنساني وفكر نقدي يعكس وعيه بالتغيرات الاجتماعية والسياسية في الوطن العربي.",Arts,Real,95%,Lexical richness (use of terms like \إبداع\ \ثقافية\ \أدبية\ Sentiment exaggeration (positive tone emphasizing cultural significance),REAL
,https://www.almasryalyoum.com/news/details/3593821,masrielyoum,"في عالم الأبراج، لا يكتفي بعض الأشخاص بترك الأمور تجري بشكل عشوائي، بل يسعون دائمًا للسيطرة على كل ما حولهم.
أخبار متعلقة
أميرة أبوزهرة لـ«المصري لايت» بعد حفل المتحف الكبير: 28 نوفمبر سيكون علامة مهمة بمسيرتي
5 أبراج «على وشك الانفجار».. يعيشون ضغوطات يومية وعليهم بالراحة قبل فوات الأوان
3 أبراج «الدنيا مش هتيجي عليهم».. تنتظرهم فرص مهنية ويحققون أحلامهم المؤجلة
عملت في «مايكروسوفت» ومن الأكثر الأناقة بالعالم.. 30 معلومة عن ماري إليزابيث ملكة الدنمارك
نسيت هدية عيد الحب؟ 6 أفكار سريعة ستُنقذك من الموقف المحرج
هؤلاء الأشخاص يمتلكون حاجة قوية للتحكم والتنظيم، وهو ما ينعكس بوضوح في سلوكهم وحياتهم اليومية.
بحسب منصة Collective World، فإن هناك أربعة أبراج فلكية تتميز بهذا الميل الطبيعي للسيطرة على مختلف جوانب الحياة.
برج الطموح والانضباط، يظهر في كل موقف كمسؤول يتولى زمام الأمور. يمتلك الجدي قدرة فطرية على التحمل وتحمل المسؤوليات الكبيرة، وهو ما يدفعه إلى محاولة السيطرة على كل شيء من العلاقات الشخصية إلى الأنشطة اليومية.
أسلوبه المنهجي وحبه للتنظيم يجعلانه يسعى دائمًا لوضع كل شيء في مساره الصحيح، ويحول اهتمامه بالترتيب إلى رغبة مستمرة في التحكم...
للمتابعة وقراءة الموضوع كاملا
.",Lifestyle and Leisure,Real,95%,High lexical richness and detailed description of astrological beliefs,REAL
,https://www.almasryalyoum.com/news/details/3593776,masrielyoum,"فازت الديمقراطية غزالة هاشمي، على مُقدّم البرامج الإذاعية المحافظ جون ريد في سباق نائب حاكم ولاية فيرجينيا.
أخبار متعلقة
كشفت عنها قبل 3 شهور من الزواج.. 5 مواصفات جذبت آمال ماهر في شخصية علي محجوب (فيديو)
عمل مع جون إدوارد وخاض تجربة في إسرائيل.. 9 معلومات عن فيتور بيريرا مدرب حراس الزمالك
يمكنك قيادتها برخصة عادية وركنها في «موقف عربيات».. 10 معلومات عن السيارة الطائرة
غنّتها إعلامية شهيرة قبل 38 عامًا.. أغنية مصرية استعان بها زهران ممداني ليصبح عمدة نيويورك
بعد فيديو «وأيش الفائدة منها؟».. فتوى قديمة لدار الإفتاء حول حكم إقامة المتاحف ومشاهدة التماثيل
قادَت هاشمي السباق أمام ريد طوال فترة الانتخابات العامة، لكن استطلاعات الرأي أظهرت تقاربًا ملحوظًا بينهما مع اقتراب يوم الاقتراع.
وتُعد فرجينيا واحدة من 17 ولاية يُنتخب فيها نواب الحاكم بشكل منفصل عن الحكام، رغم مرور 20 عامًا على فوز أحزاب مختلفة بهذه المناصب.
«المصري لايت» يستعرض أبرز المعلومات عن هاشمي، وفقًا لـ «CNN» و «thehill».
- كعضوة مجلس شيوخ ولاية ريتشموند، ساهمت هاشمي في قلب مسار المجلس في عام 2019.
- خاضت حملتها الانتخابية على وعود بالوقوف في وجه إدارة ترامب.
- أصبحت أول شخص من أصول هندية يتولى منصبًا على مستوى الولاية في الكومنولث...
للمتابعة وقراءة الموضوع كاملا
.",Politics,Real,95%,Factual reporting with named entities (ترامب,REAL
,https://www.almasryalyoum.com/news/details/3593722,masrielyoum,"أعلن الإعلامي اللبناني ربيع هنيدي، عبر حسابه الرسمي على «إنستجرام» زواج المطربة آمال ماهر من رجل الأعمال على محجوب.
أخبار متعلقة
عمل مع جون إدوارد وخاض تجربة في إسرائيل.. 9 معلومات عن فيتور بيريرا مدرب حراس الزمالك
بعد فيديو «وأيش الفائدة منها؟».. فتوى قديمة لدار الإفتاء حول حكم إقامة المتاحف ومشاهدة التماثيل
يمكنك قيادتها برخصة عادية وركنها في «موقف عربيات».. 10 معلومات عن السيارة الطائرة
غنّتها إعلامية شهيرة قبل 38 عامًا.. أغنية مصرية استعان بها زهران ممداني ليصبح عمدة نيويورك
ورغم أن الإعلان الرسمي لزواج آمال لم يأتِ من حساباتها الشخصية، فإن جمهورها أحتفى بزواجها من على محجوب.
وأكد هنيدي أن آمال حاليا تقضي رحلة شهر العسل مع زوجها في باريس، كما كشف أيضًا على عدد من الصور للثنائي.
وتساءل جمهور آمال ماهر، عن هوية زوجها على محجوب، حيث أنه لا يملك أي حسابات على مواقع التواصل الاجتماعي، كما أن المعلومات المتداولة عنه شبه معدومة، بخلاف ما كشفه هنيدي عن مجال عمله.
وبعيدًا عن السيرة الذاتية لزوج آمال، تحدثت الفنانة قبل 3 أشهر، عبر برنامج «أجمد 7» على «نجوم أف إم» عن مواصفات فتى أحلامها.
وسألت مقدمة البرنامج، جيهان عبدالله الفنانة آمال «هل ممكن نشوفك عروسة قريب...
للمتابعة وقراءة الموضوع كاملا
.",Lifestyle and Leisure,Real,95%,Lexical richness (includes celebrity names and social events),REAL
,https://www.almasryalyoum.com/news/details/3593650,masrielyoum,"أعلن نادي الزمالك تعيين الثنائي البرتغالي، فيتور بيريرا مدربًا لحراس المرمى، وكوستا ريبيرو مدربا للأحمال، والالتحاق ببعثة الفريق في أبوظبي استعدادا لخوض مباريات كأس السوبر المصري.
أخبار متعلقة
بعد فيديو «وأيش الفائدة منها؟».. فتوى قديمة لدار الإفتاء حول حكم إقامة المتاحف ومشاهدة التماثيل
غنّتها إعلامية شهيرة قبل 38 عامًا.. أغنية مصرية استعان بها زهران ممداني ليصبح عمدة نيويورك
أغلق الهاتف في وجه متصل «تارك للصلاة».. 8 معلومات عن مصطفى العدوي بعد فتوى «تمجيد الفراعنة»
ذاتية القيادة والموديل الأرخص بـ 2 مليون جنيه مصري.. سعر ومواصفات سيارة مرشح سوهاج المثيرة للجدل
يمكنك قيادتها برخصة عادية وركنها في «موقف عربيات».. 10 معلومات عن السيارة الطائرة
وأثار تعيين فيتور بيريرا، مدربًا لحراس المرمى، حالة واسعة من الجدل خلال الساعات الماضية، بعد انتشار خبر عمله في فريق إسرائيلي من قبل.
وعلق ماهر غريب، رئيس المنظومة الإعلامية بنادي الزمالك، على الجدل الذي أثير بخصوص فيتور بيريرا.
وقال «غريب»، في تصريحات عبر «إم بي سي مصر»: «كل الجدل المثار حول مدرب الحراس الجديد واضح أنه ممنهج. التعامل مع الأمر يتم كما لو أن هذه جريمة تم ارتكابها على الرغم من أن عدة أندية تعاقدت مع لاعبين قاموا بنفس الأمر».
وأوضح: «كل هذه الأمور المقصود منها تشتيت أذهان اللاعبين قبل كأس السوبر والفريق يدرك ذلك جيدا، هذا ليس طبيعيا ويجب أن يكون المعيار واحدا مع كل الأندية لكن هذه الانتقادات لا تظهر إلا إذا تعلق الأمر بالزمالك».
وأكمل: «الصمت دليل قوة، وليس مطلوبا من ناد كبير مثل الزمالك أن يعلق على كل كبيرة وصغيرة».
«المصري لايت» يستعرض أبرز المعلومات حول بيريرا، وفقًا لمواقع «one.co.ile»، «sports.walla» العبرية، و«ترانسفير ماركت».
- يبلغ من العمر 53 عامًا...
للمتابعة وقراءة الموضوع كاملا
.",Sport,Real,95%,High lexical richness,REAL
,https://www.almasryalyoum.com/news/details/3591479,masrielyoum,"تستعد محافظات الجمهورية لانطلاق انتخابات مجلس النواب، التي بدأ عدها التنازلي، حيث تكون خارج البلاد يوم 7 نوفمبر الجاري.
أخبار متعلقة
«قنا» تتابع جاهزية مقار لجان التصويت استعداداً لانتخابات مجلس النواب 2025
انتخابات النواب بالبحر الأحمر تشتعل مبكرًا.. و«الغردقة ورأس غارب» الأكثر عددا و«حلايب وشلاتين» تُحسم مبكراً
«حماة الوطن» ينظم 7 مؤتمرات انتخابية لدعم مرشحيه بالقائمة والفردي في سوهاج
وتُجرى انتخابات مجلس النواب على مرحلتين، تبدأ المرحلة الأولى منها الأسبوع المقبل، وتنتهي فترة الدعاية الانتخابية للمرحلة الأولى، يوم الأربعاء 5 نوفمبر الجاري، على أن تبدأ فترة الصمت الانتخابي الخميس 6 نوفمبر، بدءًا من الساعة الثانية عشرة ظهرًا بالتوقيت المحلي لكل دولة، وفقًا للجدول المعلن من الهيئة الوطنية للانتخابات.
وتكون الانتخابات خارج الجمهورية يومي الجمعة والسبت 7 و8 نوفمبر الجاري.
تبدأ انتخابات مجلس النواب 2025 في الداخل، يومي الاثنين والثلاثاء 10 و11 نوفمبر الجاري، وتشمل محافظات المرحلة الأولى من انتخابات مجلس النواب 2025 المحافظات الآتية: «الجيزة، الفيوم، بني سويف، المنيا، أسيوط، الوادي الجديد، سوهاج، قنا، الأقصر، أسوان، البحر الأحمر، الإسكندرية، البحيرة، مطروح».
وفي حالة الإعادة لمحافظات المرحلة الأولى، تجرى الانتخابات خارج مصر يومي الاثنين والثلاثاء 1 و2 ديسمبر المقبل، وداخل الجمهورية يومي الأربعاء والخميس 3 و4 ديسمبر.
تبدأ انتخابات مجلس النواب 2025 في الخارج يومي الجمعة والسبت 21 و22 نوفمبر، وداخل الجمهورية يومي الاثنين والثلاثاء 24 و25 نوفمبر.
وتشمل محافظات المرحلة الثانية من انتخابات مجلس النواب 2025، المحافظات الآتية: «القاهرة، القليوبية، الدقهلية، المنوفية، الغربية، كفر الشيخ، الشرقية، دمياط، بورسعيد، الإسماعيلية، السويس، شمال سيناء، جنوب سيناء».
وفي حالة الإعادة لمحافظات المرحلة الثانية، تجرى الانتخابات في الخارج يوم الاثنين والثلاثاء 15 و16 ديسمبر، وفي داخل الجمهورية يومي الأربعاء والخميس 17 و18 ديسمبر.",Politics,Real,95%,Factual reporting with verifiable named entities and consistent tone,REAL
,https://www.almasryalyoum.com/news/details/3590888,masrielyoum,"أصدر الدكتور عبدالسند يمامة، رئيس حزب الوفد، قرارًا جديدًا بشأن الإجراءات المنظمة لانتخابات رئاسة الحزب، شمل تحديد مواعيد تلقي طلبات الترشح وجدول الطعون وإعلان الكشوف النهائية للمرشحين.
أخبار متعلقة
حزب الوفد: العلاقات المصرية السعودية نموذج فريد في دعم الاستقرار العربي ووحدة المصير
حزب الوفد: بيان «الداخلية» يعيد تسليط الضوء على حقيقة تنظيم الإخوان الإرهابي
ونص القرار على أن لجنة الانتخابات بالحزب تبدأ في تلقي طلبات الترشح لمنصب رئيس الوفد، اعتبارًا من يوم السبت الموافق 3 يناير 2026، يوميًا من الساعة الحادية عشرة صباحًا وحتى الخامسة مساءً، ولمدة ستة أيام تنتهي يوم الخميس 8 يناير 2026.
ويشترط أن تُقدَّم الطلبات مرفقة بسيرة ذاتية مختصرة وسداد مبلغ مائة ألف جنيه كتأمين غير قابل للرد.
كما حدد القرار يومي السبت والأحد، 10 و11 يناير 2026، لتلقي الطعون والتظلمات، على أن تُعلن الكشوف النهائية للمرشحين بعد نظر الطعون والتظلمات يوم الاثنين 12 يناير 2026 في تمام الساعة العاشرة صباحًا.",Politics,Real,98%,Factual reporting with verifiable named entities,REAL
,https://www.almasryalyoum.com/news/details/3590660,masrielyoum,"شهدت الجلسة العامة لمجلس النواب، اليوم الأحد، جدلا واسعا حول المادة واحد والمادة الثالثة من قانون فرض رسم لمباني وزارة الخارجية بالخارج، وانتهت المناقشات إلى حذف المادة الثالثة من القانون.
أخبار متعلقة
«النواب» يوافق نهائيا على زيادة رسوم تصديقات القنصليات المصرية بالخارج
لدعم الموازنة.. «النواب» يوافق على قرض من الاتحاد الأوروبي بـ 4 مليارات يورو
«النواب» يحيل 4 مشروعات قوانين للحسابات الختامية إلى لجنة الخطة والموازنة
وتنص المادة 1 على أنه «يفرض رسم لا يجاوز مبلغ خمسين جنيهًا مصريًا على كل تصديق تجريه الوزارة المختصة بشئون الخارجية في داخل جمهورية مصر العربية، ويفرض رسم لا يجاوز مبلغ عشرين دولارًا أمريكيًا أو ما يعادله بالعملات الأجنبية في الخارج على كل تأشيرة دخول أو مرور تجريها السلطات المصرية بمنافذ الدخول وعلى كل تأشيرة أو عمل قنصلي يُجرى بمعرفة سفارات وقنصليات جمهورية مصر العربية في الخارج».
وتابعت: «تحدد فئات الرسم المشار إليه في الفقرة الأولى من هذه المادة بقرار يصدره رئيس مجلس الوزراء بعد موافقة مجلس الوزراء بناء على عرض من الوزير المختص بشئون الخارجية».
وخلال مناقشة المادة واحد من مشروع القانون، قالت النائبة ايرين سعيد: «نرفض القانون ونرى أنه غير دستوري».
وعلق المستشار محمود فوزي، وزير الشؤون النيابية، قائلا: «أشكر المجلس على الرغم من انشغالات الاعضاء في الانتخابات إلا أنه تلبية للصالح العام أدرج القانون على جدوله خلال هذه الفترة الحساسة»، مضيفا: «أشكر النائبة ايرين سعيد على ملاحظتها ومش فاهم وجه عدم الدستورية ايه؟، فالمبالغ المفروضة معقولة جدا، وكانت جنيه ونصف عام 1981، و5 جنيهات في 1982 ولم تراجع من وقتها».
وأوضح أنه «فيما يتعلق بالمصريين في الخارج، المبالغ معقولة جدا، المصري في الخارج لا يذهب كل يوم لإجراء هذه المعاملات، وهذا هو الحد الاقصى، وسوف تتدرج وزارة الخارجية في تطبيقه وسيسهم في دعم الصندوق الخاص بأبنية الخارجية»، مضيفا أن «الحكومة متمسكة بالنص كما ورد من الحكومة».
وبعد المناقشات، وافق المجلس على نص المادة واحد من القانون.
فيما تنص المادة الثالثة على أن «يخصص إيراد هذا الرسم للهيئة العامة لصندوق تمويل مباني وزارة الخارجية بالخارج، ويعتبر موردًا من مواردها، وتخصص نسبة 5% من تلك الموارد تُوزع بين كل من صندوق التأمين على أعضاء السلك الدبلوماسي والقنصلي بنسبة 70%، وصندوق التأمين الخاص للعاملين بوزارة الخارجية من غير أعضاء السلك الدبلوماسي والقنصلي بنسبة 30%».
واعترضت النائبتين مرفت الكسان عن حزب مستقبل وطن، وايرين سعيد عن حزب الاصلاح والتنمية، وأكدتا عدم دستورية المادة، وطالبتا بحذفها.
وقالت مرفت الكسان، إن تقسيم النسبة إلى نسب أخرى مختلفة أمر غير دستوري.
فيما قالت ايرين سعيد: «هنا تكمن عدم دستورية القانون في المادة الثالثة، لانها موجودة بالفعل في القانون القائم وأطالب بالغائها من قانون 1982، لانه مخالف للدستور الجديد».
وأضافت: «الاستثناءات تكون في الامرو الجوهرية وتطوير الأبنية ليست جوهرية، وزيادة موارد من الخزانة العامة إنما يكون في باب خلفي نبتعد فيه عن الشفافية، وهو أن اخذ مورد عام لتمويل صندوق يمول من اشتراكات اعضائه».
وعلق المستشار محمود فوزي وزير الشؤون النيابية: «من يملك الأكثر يملك الاقل، فالحكومة تستطيع بعد موافقة المجلس على الموازنة، أن تخصص وزارة المالية ما تشاء من موارد للصندوق ويستطيع النواب مراقبتها من خلال التحليلات المالية».
وأضاف «فوزي»: «الدستور في المادة 38 ذكر أن النظام الضريبي يكفل دعم الانشطة كفيلة العمالة، وهذه العبارات عامة تسمح لأن الاغراض المنصوص عليها تدخل ضمن النشاط الضريبي، وصندوق أبنية الوزارة ليس ممولا بالكامل من اشتراكات الاعضاء، والحكومة متمسكة بالنص كما جاء منها» .
وعلق النائب ايهاب الطماوي وكيل اللجنة التشريعية قائلا: «هذا صندوق خاص لا يخضع لرقابة البرلمان، ونريد توضيح الامر من الحكومة، هل هو صندوق خاص ام لا».
وعلق المستشار محمود فوزي وزير الشؤون النيابية قائلا: «هذا الصندوق خاضع لقانون التأمين الموحد، وللصندوق له شخصية اعتبارية خاصة، ورقابة المجلس ستتحقق على وزارة الخارجية وليس على الصندوق نفسه وممكن متابعته من خلال الوزارة».
وطالب المجلس النائبتين باعادة توضيح اعتراضهما، وعلقت النائبة مرفت الكسان قائلة: «الرقابة من المجلس طبقا لما ورد في قانون المالية الموحد على الوزارات والجهات التباعة لها، والصندوق الخاص لا يخضع لرقابة البرلمان وانما لهيئة الرقابة المالية، ويجب حذف النسبة، طالما تمت الموافقة على نسبة الـ 5 % من الايرادات تذهب لصندوق الاعضاء، إنما يفسر لنسب أخرى يبقى محتاجين نرى لائحة الصندوق وهل يخضع لرقابة المجلس أم لا».
وأوضحت ايرين سعيد قائلة: «هذه المبررات التي دفعتنا أن نقول أنه غير دستوري، الصندوق ليس تحت رقابة البرلمان لانه خاص، فهل يجوز تخصيص مال عام لصندوق خاص بعيد عن الرقابة، تخصيص مورد عام بهذا المصروف مخالف للدستور».
ورد وزير الشؤون النيابية قائلا: «إذا كان المجلس يرى الاكتفاء بتعديل المادة واحد، ممكن نلغي التنسيب 70 و30 %، لانها تفصيلة تعتبر بالنسبة للحكومة تحصيل حاصل»، مطالبًا النائبة إيرين سعيد توضيح تعديلها، حيث قالت: «الدستور يجيز إحالة مورد عام لصندوق خاص في استثناءات معينة ملحة، وهذا امر غير ملح».
وقال ايهاب الطماوي: «الحل هو الابقاء على النص كما هو في القانون الحالي دون تعديل لتحقيق الهدف من المناقشة الثرية التي شهدها المجلس».
وقال «فوزي»: «التعديل يكون في صدر المادة واحد بان يستبدل نص المادة الاولى وحذف الثالثة وبهذا لا يكون المجلس اقر امر به تعارض والحكومة لا تخسر التعديل المطلوب».
ووافق المجلس على حذف المادة الثالثة وعلى تعديل المادة واحد كما قدمتها الحكومة.",Politics,Real,95%,Factual reporting with verifiable named entities and logical coherence,REAL
,https://www.almasryalyoum.com/news/details/3590629,masrielyoum,"وافق مجلس النواب، خلال الجلسة العامة، اليوم الأحد، نهائيا على مشروع قانون بتعديل بعض أحكام القانون رقم 212 لسنة 1980 بفرض رسم لمباني وزارة الخارجية بالخارج.
أخبار متعلقة
لدعم الموازنة.. «النواب» يوافق على قرض من الاتحاد الأوروبي بـ 4 مليارات يورو
«النواب» يحيل 4 مشروعات قوانين للحسابات الختامية إلى لجنة الخطة والموازنة
بعد قليل.. «النواب» يناقش تعديل رسوم خدمات الخارجية واتفاقيات دولية
ووفقا لتقرير لجنة العلاقات الخارجية بالمجلس، تقوم فلسفة مشروع القانون على زيادة قيمة الرسم بحيث لا تجاوز قيمته مبلغ 50 جنيهًا مصريًا على كل تصديق تجريه الوزارة المختصة بشئون الخارجية بالداخل، وتحديده بما لا يجاوز مبلغ 20 دولار أمريكي أو ما يعادله بالعملات الأجنبية بالخارج، وذلك على كل تأشيرة تمنحها السلطات المصرية بمنافذ الدخول وعلى كل تأشيرة أو عمل قنصلي يُجرى بمعرفة سفارات وقنصليات جمهورية مصر العربية في الخارج، وذلك بهدف تطوير وتحديث المباني والأراضي اللازمة لمقار البعثات الدبلوماسية وكذلك السفارات والقنصليات المصرية في الخارج دون تحمل الدولة ثمة أعباء مالية إضافية.
وبحسب التقرير؛ راعى التعديل المقترح تخفيف العبء عن كاهل المواطن المصري المستفيد بالمعاملات القنصلية التي تُجرى بالداخل، رغم ما يمر به الاقتصاد العالمي والمصري من تحولات تتطلب أن تكون الزيادة بأكثر من المبلغ المقترح، كما أن الرسم المقترح بالخارج سواء على الأجانب أو على المصريين بالخارج يعد مبلغًا زهيدًا مقارنة بما تفرضه دول العالم.
كما تضمن مشروع القانون إضافة عبارة «وتحدد قيمة الرسم وفقًا للحدود المبينة بالفقرة الأولى بقرار يصدره رئيس مجلس الوزراء بناء على عرض من الوزير المختص بشئون الخارجية»، حيث يتوافق النص المقترح بتحديد الحد الأقصى للرسم وتفويض رئيس مجلس الوزراء بإصدار قرار بقيمة الرسم بما لا يجاوز الحد الأقصى المقرر قانونًا مع نص المادة 38 من الدستور، وبما مؤداه منح مرونة كافية لتحديد هذا الرسم حسب المتغيرات الاقتصادية.",Politics,Real,95%,Factual reporting with high lexical richness,REAL
