Title,Link,website,Article_Text,date
الأرصاد بتقولكم انخفاض جديد في الطقس الإثنين والثلاثاء المقبلين,https://elbashayer.com/%d8%a7%d9%84%d8%a3%d8%b1%d8%b5%d8%a7%d8%af-%d8%a8%d8%aa%d9%82%d9%88%d9%84%d9%83%d9%85-%d8%a7%d9%86%d8%ae%d9%81%d8%a7%d8%b6-%d8%ac%d8%af%d9%8a%d8%af-%d9%81%d9%8a-%d8%a7%d9%84%d8%b7%d9%82%d8%b3-%d8%a7/,elbashayer.com,"أكدت الدكتورة منار غانم، عضو المركز الإعلامي بهيئة الأرصاد الجوية، أن الأسبوع الحالي يشهد تقلبات جوية مهمة، مع بداية موسم الشتاء والفترة الأولى من طوبة، موضحة أن يومي الاثنين والثلاثاء المقبلين سيشهدان منخفضًا جويًا متعمقًا في طبقات الجو العليا، ما سيؤدي إلى أمطار متفاوتة الشدة على المحافظات الساحلية، خاصة المطلة على البحر المتوسط وشمالي الوجه البحري، مع نشاط ملحوظ للرياح واضطراب في الملاحة البحرية.
وأوضحت منار غانم، خلال مداخلة هاتفية مع الإعلامية كريمة عوض، ببرنامج “حديث القاهرة”، عبر شاشة “القاهرة والناس”، أن درجات الحرارة ستظل منخفضة، حيث تصل العظمى في القاهرة الكبرى خلال النهار إلى 19-20 درجة مئوية، لكنها تنخفض إلى 18 درجة خلال الاثنين والثلاث، مع برودة شديدة في الليل تصل إلى الصقيع في وسط سيناء والوادي الجديد، فيما تكون الصغرى بالقاهرة ما بين 10 و12 درجة مئوية.
وحذرت منار غانم، من الشبورة المائية صباحًا على الطرق الزراعية السريعة القريبة من المسطحات المائية، كما نبهت إلى ضرورة ارتداء الملابس الشتوية الثقيلة في فترات الليل، مضيفة أن نشاط الرياح قد يثير بعض الرمال والأتربة في الأماكن المكشوفة، خصوصًا في المناطق الصحراوية ذات الظاهر.
وشددت منار غانم، على أهمية متابعة النشرات الجوية خلال الأسبوع لمتابعة تفاصيل الأمطار وكمياتها، وخاصة في السواحل الشمالية الغربية وشمالي الوجه البحري، مشيرة إلى أن الفترة الحالية تتطلب الحذر وعدم الانخداع بالاستقرار المؤقت للطقس خلال النهار.",2026-01-11
تتجاوز التريليون جنيه زيادة ميزانية الصحة لتلبية احتياجات المواطن,https://elbashayer.com/%d8%aa%d8%aa%d8%ac%d8%a7%d9%88%d8%b2-%d8%a7%d9%84%d8%aa%d8%b1%d9%8a%d9%84%d9%8a%d9%88%d9%86-%d8%ac%d9%86%d9%8a%d9%87-%d8%b2%d9%8a%d8%a7%d8%af%d8%a9-%d9%85%d9%8a%d8%b2%d8%a7%d9%86%d9%8a%d8%a9-%d9%88/,elbashayer.com,"كشف الدكتور خالد عبد الغفار، نائب رئيس الوزراء للتنمية البشرية ووزير الصحة والسكان، أن الدكتور مصطفى مدبولي رئيس مجلس الوزراء، قام خلال الشهور القليلة الماضية بالعديد من الجولات الميدانية على المستشفيات والمنشآت الصحية، لمتابعة مستوى الخدمات المقدمة للمواطنين.
وأضاف خالد عبد الغفار، خلال لقائه مع هاني النحاس مراسل برنامج «على مسئوليتي»، الذي يقدمه الإعلامي أحمد موسى، والمذاع على قناة صدى البلد، أن هذه الزيارات الميدانية تشمل المنشآت الصحية الكبرى، موضحًا أنه لا يمكن تغطية جميع المشروعات دفعة واحدة.
وأوضح نائب رئيس الوزراء أن عدد المشروعات الصحية التي تم تنفيذها منذ عام 2014 يتجاوز 1230 مشروعًا صحيًا، مؤكدًا أن جميع المحافظات شهدت مشروعات صحية، سواء من خلال رفع كفاءة المنشآت القائمة أو إنشاء مشروعات صحية جديدة.
وتابع أن موازنة قطاع الصحة شهدت زيادات كبيرة منذ عام 2014، حيث تم ضخ كميات كبيرة من الاستثمارات لتلبية احتياجات المواطن المصري البسيط، إلى جانب إطلاق العديد من المبادرات الصحية.
وأشار إلى أن حجم الاستثمار في القطاع الصحي منذ عام 2014 تجاوز تريليون جنيه، ما يعكس اهتمام الدولة بتطوير المنظومة الصحية وتحسين جودة الخدمات الطبية المقدمة للمواطنين.",2026-01-11
مدبولي نسابق الزمن لإدخال أكبر عدد من الصروح الطبية العملاقة داخل التأمين الشامل,https://elbashayer.com/%d9%85%d8%af%d8%a8%d9%88%d9%84%d9%8a-%d9%86%d8%b3%d8%a7%d8%a8%d9%82-%d8%a7%d9%84%d8%b2%d9%85%d9%86-%d9%84%d8%a5%d8%af%d8%ae%d8%a7%d9%84-%d8%a3%d9%83%d8%a8%d8%b1-%d8%b9%d8%af%d8%af-%d9%85%d9%86-%d8%a7/,elbashayer.com,"أدلى الدكتور مصطفى مدبولي، رئيس مجلس الوزراء، بتصريحات تليفزيونية، فى ختام الجولة الميدانية التى قام بها صباح اليوم لتفقد أعمال إنشاء ورفع كفاءة عدد من المنشآت الصحية في محافظتي القاهرة والجيزة.
وأشار رئيس الوزراء إلى أن زيارة اليوم ترد على التساؤل الخاص بمدى اهتمام الدولة بقطاعى الصحة والتعليم، مؤكداً فى هذا الصدد أن قطاعي الصحة والتعليم يمثلان أولوية قصوى على أجندة عمل الحكومة خلال هذه المرحلة، موضحاً أن زيارة اليوم تأتي كجزء من الإجابة عن هذا التساؤل، حيث تم تفقد وزيارة خمسة مشروعات لمنشآت صحية فى محافظتي القاهرة والجيزة، منوها إلى أنه على الرغم من أن ترتيب هاتين المحافظتين فيما يتعلق بتطبيق منظومة التأمين الصحي الشامل هو ترتيب متأخر، إلا أنه يتم العمل على تطوير ورفع كفاءة المنشآت الصحية بهما، تمهيداً لدخولها منظومة التأمين الصحي الشامل، واعتمادها، موضحاً أن المنشآت التى تم زيارتها اليوم من المقرر الانتهاء من أعمال تطويرها خلال هذا العام، أو على الاكثر مع بداية العام القادم، وذلك سعياً لاتاحة خدماتها لمواطني القاهرة ومختلف المحافظات الجمهورية.
ولفت الدكتور مصطفى مدبولي إلى أن الصعوبة التى تواجه أعمال التطوير بالمشروعات التى تم زيارتها، تكمن في تنفيذ أعمال تطوير ورفع كفاءة وإقامة مبان جديدة في مستشفيات قائمة بالفعل، وهو ما يعنى الاستمرار فى تقديم الخدمات الصحية بالمستشفيات القائمة بالتزامن مع أعمال التطوير ورفع الكفاءة والبناء الجديد، وذلك أصعب بكثير من إقامة مستشفى جديد فى مكان خال من أى تواجدات.
ونوه رئيس الوزراء إلى أن المشروعات الخمسة التى تم زيارتها اليوم وتفقد الأعمال بها تتجاوز تكلفتها الاستثمارية الـ 25 مليار جنيه، حيث تتضمن هذه المشروعات رفع كفاءة وإقامة توسعات بمستشفى أورام دار السلام (هرمل سابقا)، والذى تحويل إلى مستشفي جوستاف روسي لعلاج الأورام، وذلك فى إطار الشراكة الموقعة مع هذا الصرح العالمي الذي يعتبر من أفضل صروح العالم فى مجال علاج الأورام، مضيفا: كما تتضمن المشروعات إقامة مستشفى بولاق أبو العلا الجديد، فى قلب القاهرة، وكذا إنشاء المدينة الطبية بمعهد ناصر، هذا المعهد الذي يتحول إلى مدينة طبية متكاملة، حيث سيتم مضاعفة طاقته الاستيعابية التى تصل الان إلى 680 سريرا، والوصول بها إلى أكثر من 1700 سرير، وذلك من خلال مبان على أحدث مستوى، تقدم خدمات صحية للمواطن المصري البسيط تضارع فى جودتها أرقى المستشفيات العالمية، بنفس التكلفة البسيطة التى تقدم بها الخدمات حالياً.
ولفت رئيس الوزراء إلى حجم الانفاق الذي تنفذه الدولة لكي تقدم جودة عالية جداً تخدم بها المواطن المصري.
وتابع رئيس الوزراء: شاهدنا مستشفي أم المصريين بمحافظة الجيزة، وأعمال التطوير الجارية بها، والتى منها إنشاء مبان كاملة جديدة، كما لفت رئيس الوزراء إلى أن زيارة اليوم تضمنت أيضا تفقد مستشفي بولاق الدكرور، قائلاً :”كما ترون المستشفي أمامكم، وأرجو أن يكون هناك تركيز اعلامي على المستشفي من الداخل، لأنها تضارع أحسن مستشفي قطاع خاص في مصر وفي المنطقة، وذلك من حيث جودة التجهيزات وأحدث الأجهزة في العالم، وكذا تجهيزات التأثيث بها، والخدمات التي ستقدم للمواطنين”، مضيفاً: مع كل ذلك، هناك كوادر طبية على أعلي مستوي يتم تدريبها وتجهيزها من أجل تقديم مختلف الخدمات الطبية للمواطنين على مدار 24 ساعة.
وأضاف: كل هذا يمثل نموذجاً مشرفاً لما تعمل عليه الدولة اليوم في هذا القطاع شديد الأهمية، والذي نوليه أولوية قصوى طبقاً لتوجيهات فخامة السيد الرئيس عبدالفتاح السيسي، رئيس الجمهورية، بما يتضمنه من مشروعات الصحة والتعليم والمشروعات المهمة التي ترفع من مستوي جودة الحياة للمواطنين، مثلما ذكرت في المؤتمر الصحفي الأسبوعي الماضي، المبادرة الرئاسية “حياة كريمة”، ومنظومة التأمين الصحي الشامل.
وقال رئيس الوزراء: اليوم مع هذه المشروعات المهمة، يتضح أننا كحكومة نسابق الزمن لإدخال أكبر عدد من الصروح الطبية العملاقة داخل منظومة التأمين الصحي الشامل، على الرغم من أن محافظتي القاهرة والجيزة غير مدرجتين في هذه المرحلة من المنظومة، إلا أن كل هذه المباني ستكون معتمدة في منظومة التأمين الصحي الشامل، وستقدم الخدمة سواء لسكان القاهرة أو أي محافظة أخري لا تتوافر فيها بعد هذه النوعية من الخدمات.
وفي الختام، توجه الدكتور مصطفى مدبولي، بالشكر لنائب رئيس مجلس الوزراء للتنمية البشرية، وزير الصحة والسكان، والسادة المحافظين، وكل من عمل بهذه المشروعات، قائلاً: شددت على كل شركات المقاولات للإسراع بمعدلات التنفيذ في بعض المشروعات المتأخرة نتيجة لتعقيد الموقع وطبيعة المكان كما ذكرنا سابقاً، إلى جانب وجود مستشفيات تعمل وتقدم خدماتها وتجري بها أعمال التطوير في نفس الوقت، ولكن الجميع وعد بتدارك هذه التأخيرات وسيتم تلبية البرنامج الزمني الموضوع، وبمجرد دخول هذه الصروح إلى الخدمة ستغير من شكل الخدمات الطبية إلى الأحسن.",2026-01-11
وزير الإسكان يتابع موقف تنفيذ أبراج الداون تاون بالعلمين الجديدة,https://elbashayer.com/%d9%88%d8%b2%d9%8a%d8%b1-%d8%a7%d9%84%d8%a5%d8%b3%d9%83%d8%a7%d9%86-%d9%8a%d8%aa%d8%a7%d8%a8%d8%b9-%d9%85%d9%88%d9%82%d9%81-%d8%aa%d9%86%d9%81%d9%8a%d8%b0-%d8%a3%d8%a8%d8%b1%d8%a7%d8%ac-%d8%a7%d9%84/,elbashayer.com,"تفقد المهندس شريف الشربيني، وزير الإسكان والمرافق والمجتمعات العمرانية، حيث تابع موقف تنفيذ مشروع أبراج “الداون تاون” بمدينة العلمين الجديدة، يرافقه مسئولو الوزارة وهيئة المجتمعات العمرانية الجديدة، وجهاز مدينة العلمين الجديدة.
واطَّلع وزير الإسكان، خلال الجولة على معدلات التنفيذ وجميع أعمال الواجهات للأبراج، ومكونات مشروع أبراج “الداون تاون” بمدينة العلمين الجديدة، والذي يتم تنفيذه على غرار أبراج منطقة الأعمال المركزية بالعاصمة الإدارية الجديدة.
ويتكون المشروع من برج أيقوني واحد بعدد 67 طابقًا ارتفاع ٣٠٧م ، بالإضافة إلى عدد (2) طابق بدروم، بإجمالي مساحة بنائية قدرها 460,720 مترًا مربعًا. ويشمل البرج على عدد 743 وحدة سكنية، ووحدات تجارية، وكبائن فندقية بعدد 80 كابينة ومواقف للسيارات.
كنا يتضمن المشروع الأبراج السكنية بواقع أربعة أبراج سكنية ارتفاع ٢٠٠ م بعدد 54 طابقًا لكل برج، بعدد 1,888 وحدة سكنية، بواقع 472 وحدة لكل برج، ووحدات تجارية.
وصعد وزير الإسكان إلى الدور ٦٦ بالبرج الأيقونى، وتابع الأعمال الجاري تنفيذها بالموقع وتشطيب الواجهات في البرج، والتشطيبات الداخلية، كما تابع الموقف الخاص بأعمال المرافق بالمشروع.
كما تابع الوزير الموقف التنفيذي لمشروع بحيرات دارن تاون “اللاجونز” وهو تطوير سياحي وترفيهي فاخر في مدينة العلمين الجديدة، يمتد على 745 فدانًا، مع مساحة تطوير 350 فدانًا ومساحة إجمالية قدرها 636,207 م²، ويعتمد المشروع على شبكة مترابطة من 11 بحيرة صناعية بمساحة مياه إجمالية 226,530 م²، وسبع جزر وظيفية تشمل وحدات إقامة فاخرة، مرافق رياضية وترفيهية، مسرحًا، حدائق مائية، ومناطق فعاليات، ويضم كورنيش بمساحة 222,084 م² للأنشطة التجارية والترفيهية والمسطحات الخضراء، كما يضم 109 مبنى بتصميم متكامل مع المسطحات المائية.
وخلال الجولة، وجه الوزير بحصر الفرص الإستثمارية بالمشروع، وبالأراضي المحيطة به لتعظيم الاستفادة منها وتحقيق المستهدف من تنمية تلك المنطقة.",2026-01-11
وزير الخارجية يتوجه إلى جدة للمشاركة في دورة مجلس وزراء منظمة التعاون الإسلامي,https://elbashayer.com/%d9%88%d8%b2%d9%8a%d8%b1-%d8%a7%d9%84%d8%ae%d8%a7%d8%b1%d8%ac%d9%8a%d8%a9-%d9%8a%d8%aa%d9%88%d8%ac%d9%87-%d8%a5%d9%84%d9%89-%d8%ac%d8%af%d8%a9-%d9%84%d9%84%d9%85%d8%b4%d8%a7%d8%b1%d9%83%d8%a9-%d9%81/,elbashayer.com,"توجه د. بدر عبد العاطي وزير الخارجية والهجرة وشئون المصريين بالخارج، اليوم السبت إلى جدة، وذلك للمشاركة في الدورة الاستثنائية لمجلس وزراء منظمة التعاون الإسلامي حول تطورات الوضع في جمهورية الصومال الفيدرالية.
ومن المقرر أن يلقى وزير الخارجية بيان مصر خلال الاجتماع، ويعقد سلسلة من اللقاءات الثنائية مع عدد من المسؤولين على هامش أعمال الاجتماع.",2026-01-11
ترتيب هدافي كأس الأمم الإفريقية بعد هدف محمد صلاح,https://elbashayer.com/%d8%aa%d8%b1%d8%aa%d9%8a%d8%a8-%d9%87%d8%af%d8%a7%d9%81%d9%8a-%d9%83%d8%a3%d8%b3-%d8%a7%d9%84%d8%a3%d9%85%d9%85-%d8%a7%d9%84%d8%a5%d9%81%d8%b1%d9%8a%d9%82%d9%8a%d8%a9-%d8%a8%d8%b9%d8%af-%d9%87%d8%af/,elbashayer.com,"واصل محمد صلاح تألقه في كأس أمم إفريقيا بعدما قاد منتخب مصر إلى نصف النهائي لمواجهة نارية مع منتخب السنغال.
وحقق منتخب مصر فوزًا مثيرًا على كوت ديفوار في ربع النهائي بنتيجة 3-2، حيث ساهم محمد صلاح في صناعة الهدف الثاني وتسجيل الهدف الثالث.
ونال محمد صلاح جائزة رجل مباراة مصر وكوت ديفوار بعدما رفع رصيده من الأهداف في هذه النسخة إلى 4 أهداف.
https://twitter.com/i/status/2010082833692287403
وبذلك ارتفع رصيد محمد صلاح من الأهداف في تاريخه بكأس أمم إفريقيا إلى 11 هدفًا خلال خمس نسخ شارك فيها.
تساوى محمد صلاح مع فيكتور أوسيمين لاعب منتخب نيجيريا في المركز الثاني بترتيب هدافي كأس أمم إفريقيا 2025 برصيد 4 أهداف، خلف المتصدر إبراهيم دياز الذي سجل 5 أهدافًا في 5 مباريات.
ترتيب هدافي كأس أمم إفريقيا بعد مباراة مصر وكوت ديفوار
إبراهيم دياز (المغرب) – 5 أهداف.
محمد صلاح (مصر) – 4 أهداف.
فيكتور أوسيمين (نيجيريا) – 4 أهداف.
أديمولا لوكمان (نيجيريا) – 3 أهداف.
أماد ديالو (كوت ديفوار) – 3 أهداف.
رياض محرز (الجزائر) – 3 أهداف.
لاسين سينايوكو (مالي) – 3 أهداف.
أيوب الكعبي (المغرب) – 3 أهداف.",2026-01-11
الليلة عيد شوف المهرجان المصري في قلب أغادير,https://elbashayer.com/%d8%a7%d9%84%d9%84%d9%8a%d9%84%d8%a9-%d8%b9%d9%8a%d8%af-%d8%b4%d9%88%d9%81-%d8%a7%d9%84%d9%85%d9%87%d8%b1%d8%ac%d8%a7%d9%86-%d8%a7%d9%84%d9%85%d8%b5%d8%b1%d9%8a-%d9%81%d9%8a-%d9%82%d9%84%d8%a8/,elbashayer.com,"احتفل لاعبو منتخب مصر بالفوز المثير على كوت ديفوار والتأهل إلى نصف نهائي كأس الأمم الإفريقية، عقب مباراة قوية انتهت بنتيجة 3-2، وأقيمت على ملعب أدرار بمدينة أغادير المغربية، ضمن منافسات الدور ربع النهائي.
شاهد الفيديو من هنا
وشهدت المباراة أداءً قتاليًا من لاعبي الفراعنة، تُوج بتحقيق الفوز وحجز بطاقة العبور إلى الدور نصف النهائي، وسط أجواء من الفرحة الكبيرة داخل أرض الملعب عقب صافرة النهاية.
وبهذا الانتصار، يستعد منتخب مصر لخوض مواجهة قوية أمام منتخب السنغال في نصف نهائي البطولة القارية، في لقاء مرتقب يسعى خلاله الفراعنة لمواصلة مشوارهم نحو اللقب.
ومن المقرر أن تُقام مباراة مصر والسنغال يوم الأربعاء 14 يناير، في تمام الساعة السابعة مساءً بتوقيت القاهرة، على أن يتم الإعلان رسميًا عن الملعب المستضيف للمباراة في وقت لاحق.",2026-01-11
جبنالك مواعيد مباريات نصف نهائي كأس أمم إفريقيا 2025,https://elbashayer.com/%d8%ac%d8%a8%d9%86%d8%a7%d9%84%d9%83-%d9%85%d9%88%d8%a7%d8%b9%d9%8a%d8%af-%d9%85%d8%a8%d8%a7%d8%b1%d9%8a%d8%a7%d8%aa-%d9%86%d8%b5%d9%81-%d9%86%d9%87%d8%a7%d8%a6%d9%8a-%d9%83%d8%a3%d8%b3-%d8%a3%d9%85/,elbashayer.com,"وصلت بطولة كأس أمم إفريقيا 2025 إلى المرحلة الأهم والأكثر إثارة في البطولة، حيث يشهد الجمهور مواجهات حاسمة بين أفضل المنتخبات الأفريقية.
بعد فوز منتخب مصر على كوت ديفوار بنتيجة 3-2 في ربع النهائي، تأهل الفراعنة إلى نصف النهائي لمواجهة صعبة أمام السنغال، في مباراة ينتظرها عشاق الكرة الأفريقية على أحر من الجمر.
نظام البطولة وطريقة التأهل
تقام كأس أمم إفريقيا 2025 بنظام جديد يشمل 24 منتخبًا، مقسمين على ست مجموعات، تضم كل مجموعة أربعة فرق. يخوض كل منتخب ثلاث مباريات في دور المجموعات، وتحدد النتائج المنتخبات المتأهلة إلى الدور الإقصائي.
يتأهل إلى دور الـ16 كل من: أصحاب المركز الأول والثاني في كل مجموعة، إضافة إلى أفضل أربع فرق احتلت المركز الثالث. هذا النظام يمنح الفرصة للفرق الأقل حظًا في البداية لمواصلة المنافسة، ويجعل كل مباراة في دور المجموعات لها وزنها الخاص.
مرحلة الإقصاء تبدأ بدور الـ16، تليها مباريات ربع النهائي ونصف النهائي، ثم المباراة النهائية في حال انتهاء الوقت الأصلي لأي مباراة بالتعادل، يلعب الفريقان شوطين إضافيين مدة كل منهما 15 دقيقة، وإذا استمر التعادل تُحسم النتيجة بركلات الترجيح.
الفرق المتأهلة إلى نصف النهائي
تأهل رسميًا إلى نصف نهائي البطولة أربعة منتخبات قوية، وهي: مصر بعد فوزها على كوت ديفوار، والسنغال، والمغرب، ونيجيريا.
منتخب مصر، الذي قدم أداءً رائعًا في ربع النهائي، يسعى لمواصلة الانتصارات أمام السنغال، بينما يتطلع كل فريق من الفرق الثلاثة الأخرى لمنافسة قوية للوصول إلى المباراة النهائية.
القنوات الناقلة لمباريات نصف النهائي
ستتم إذاعة مباريات نصف النهائي عبر شبكة beIN SPORTS، التي خصصت عدة قنوات لبث البطولة، بما في ذلك: beIN MAX 1، وbeIN MAX 2، وbeIN MAX 3، وbeIN MAX 4.
كما يمكن لعشاق الكرة متابعة المباريات عبر الإنترنت من خلال منصتي beIN connect وTOD، لضمان تجربة مشاهدة متكاملة في جميع أنحاء الشرق الأوسط وشمال أفريقيا.
مواعيد مباريات نصف النهائي
مباراة مصر والسنغال
يستعد منتخب مصر لمواجهة السنغال يوم الأربعاء 14 يناير 2026، في مباراة نصف النهائي المرتقبة على ملعب طنجة، وتبدأ المباراة في تمام الساعة 18:00 بتوقيت المغرب و19:00 بتوقيت القاهرة و20:00 بتوقيت السعودية. بعد الفوز المثير على كوت ديفوار، يسعى الفراعنة لتقديم أداء مميز والحفاظ على حظوظهم في الوصول إلى المباراة النهائية.
مباراة المغرب ونيجيريا
وفي نفس اليوم، يخوض منتخب المغرب مواجهة قوية أمام نيجيريا على ملعب الأمير مولاي عبد الله، في تمام الساعة 21:00 بتوقيت المغرب و22:00 بتوقيت القاهرة و23:00 بتوقيت السعودية.
تعتبر هذه المباراة حاسمة لكل من الفريقين، خاصة مع الضغط الجماهيري الكبير على الفريق المغربي على أرضه وبين جماهيره.
موعد نهائي كأس أمم إفريقيا 2025
تم تحديد موعد المباراة النهائية ليكون يوم الأحد 18 يناير 2026، في تمام الساعة 20:00 بتوقيت المغرب 21 بتوقيت القاهرة و22:00 بتوقيت السعودية، على ملعب الأمير مولاي عبد الله.",2026-01-11
مصر وصلت المربع ومكافأة الـ118 مليون في الطريق,https://elbashayer.com/%d9%85%d8%b5%d8%b1-%d9%88%d8%b5%d9%84%d8%aa-%d8%a7%d9%84%d9%85%d8%b1%d8%a8%d8%b9-%d9%88%d9%85%d9%83%d8%a7%d9%81%d8%a3%d8%a9-%d8%a7%d9%84%d9%80118-%d9%85%d9%84%d9%8a%d9%88%d9%86-%d9%81%d9%8a-%d8%a7/,elbashayer.com,"تأهل منتخب مصر إلى نصف نهائي كأس أمم أفريقيا (المغرب 2025) عقب الفوز على منتخب كوت ديفوار بثلاثة أهداف مقابل هدفين.
ومن المقرر أن يلعب المنتخب المصري في دور نصف النهائي ضد منافسه السنغالي، مساء الأربعاء المقبل، حيث صعد “أسود التيرانجا” على حساب منتخب مالي بالفوز بهدف دون رد.
وضمن المنتخب المصري الحصول على 2.5 مليون دولار، ما يعادل (118 مليون جنيه مصري وفقًا لسعر الصرف في البنك المركزي).
وسيكون نصف النهائي الآخر بين منتخب المغرب (المستضيف) ومنافسه النيجيري، حيث سيقام هذا اللقاء يوم الأربعاء في العاشرة مساءً بتوقيت القاهرة.
وكان منتخب المغرب تأهل للمربع الذهبي بالفوز على منتخب الكاميرون بهدفين دون رد، في المقابل صعد المنتخب النيجيري بالفوز على نظيره الجزائري بهدفين دون رد.
ويحصل بطل كأس أمم أفريقيا على مقابل مالي يصل إلى 7 ملايين دولار، في المقابل سيحصل الوصيف على 4 ملايين دولار.",2026-01-11
الاتحاد الأوروبي يعلن صرف الشريحة الثانية من حزمة الدعم المالي لمصر,https://elbashayer.com/%d8%a7%d9%84%d8%a7%d8%aa%d8%ad%d8%a7%d8%af-%d8%a7%d9%84%d8%a3%d9%88%d8%b1%d9%88%d8%a8%d9%8a-%d9%8a%d8%b9%d9%84%d9%86-%d8%b5%d8%b1%d9%81-%d8%a7%d9%84%d8%b4%d8%b1%d9%8a%d8%ad%d8%a9-%d8%a7%d9%84%d8%ab/,elbashayer.com,"استقبل السيد الرئيس عبد الفتاح السيسي، اليوم، السيدة كايا كالاس، الممثلة العليا للشؤون الخارجية والسياسة الأمنية للاتحاد الأوروبي، وذلك بحضور الدكتور بدر عبد العاطي وزير الخارجية والهجرة وشؤون المصريين في الخارج، والسفيرة أنجلينا إيخهورست رئيسة بعثة الاتحاد الأوروبي بالقاهرة، وكريستين أودويسر عضو مكتب الممثل الأعلى للاتحاد الأوروبي للشؤون الخارجية والسياسة الأمنية، وروزاماريا جيلي نائب المدير العام للشرق الأوسط وشمال أفريقيا، وكريستوف بيجو، مبعوث الاتحاد الأوروبي لعملية السلام في الشرق الأوسط.
وصرح المتحدث الرسمي باسم رئاسة الجمهورية بأن السيد الرئيس استهلّ اللقاء بالإعراب عن تقديره للتطور الملحوظ في العلاقات المصرية الأوروبية، مؤكداً أهمية مواصلة العمل على تعزيز مختلف جوانب التعاون، خاصة بعد الارتقاء بهذه العلاقات إلى مستوى الشراكة الاستراتيجية الشاملة.
ومن جانبها، أعربت الممثلة العليا للشؤون الخارجية والسياسة الأمنية للاتحاد الأوروبي عن تقدير الجانب الأوروبي للتعاون القائم مع مصر في مختلف المجالات، وهو ما انعكس خلال انعقاد القمة المصرية الأوروبية الأولى ببروكسل في أكتوبر ٢٠٢٥، وأشارت إلى أنه سيتم صرف الشريحة الثانية من حزمة الدعم المالي المقدمة من الاتحاد الأوروبي إلى مصر خلال الأيام القادمة.
وأشار السفير محمد الشناوي، المتحدث الرسمي، إلى أن اللقاء تناول مجمل أوجه العلاقات بين الجانبين، حيث شدد السيد الرئيس على أهمية تنفيذ مخرجات القمة المصرية الأوروبية الأولى، وتعزيز التشاور والتنسيق في القضايا ذات الاهتمام المشترك، ولا سيما في المجالات السياسية والأمنية، دعماً للأمن والاستقرار الإقليمي.
كما تم بحث سبل دفع التعاون في مكافحة الإرهاب والجريمة المنظمة والتصدي للهجرة غير الشرعية. وفي السياق ذاته، أكد السيد الرئيس ضرورة تعزيز العلاقات التجارية والاستثمارية بين مصر والاتحاد الأوروبي، في ضوء الفرص الواعدة المتاحة للاستثمار في مصر، بما يحقق مصالح مشتركة للطرفين. وقد أعربت المسؤولة الأوروبية عن تطلع الاتحاد الأوروبي إلى مواصلة تطوير التعاون الاقتصادي، بما يفتح آفاقاً أرحب للعلاقات الثنائية، فضلاً عن استمرار التنسيق في الملفات السياسية ذات الاهتمام المتبادل، مثمنة الدور الفاعل الذي تضطلع به مصر في إرساء السلام والاستقرار بالمنطقة، معربة في ذات السياق عن تطلع الاتحاد الأوروبي لبدء أول حوار بين مصر والاتحاد الأوروبي في مجالات الأمن والدفاع في مارس ٢٠٢٦.
وأضاف المتحدث الرسمي أن اللقاء تناول أيضاً مستجدات الأوضاع الإقليمية والدولية، وفي مقدمتها الوضع في قطاع غزة، حيث أعرب السيد الرئيس عن تقدير مصر لدعم الاتحاد الأوروبي للجهود المصرية الرامية إلى التوصل لاتفاق وقف إطلاق النار.
وفي هذا الإطار، شدد السيد الرئيس والسيدة كالاس على ضرورة التنفيذ الكامل للاتفاق، وضمان تدفق المساعدات الإنسانية إلى القطاع بشكل منتظم ودون قيود. وفي ذات السياق، تم التشديد على رفض أي مساعٍ لتهجير الفلسطينيين من أرضهم، والتأكيد على ضرورة الإسراع في بدء تنفيذ المرحلة الثانية من اتفاق وقف إطلاق النار في قطاع غزة وعملية إعادة إعمار القطاع.
كما تم التشديد على ضرورة مواصلة العمل لاستئناف العملية السياسية وصولاً إلى تحقيق سلام شامل وعادل ودائم، وفقاً لحل الدولتين.
وارتباطاً بالوضع في ليبيا والسودان وسوريا ولبنان وإيران وأوكرانيا، تم التأكيد على ضرورة تسوية الأزمات ذات الصلة بالطرق السلمية وبما يحافظ على وحدة وسلامة تلك الدول ومقدرات شعوبها، مع التشديد على ضرورة تجنب أي تصعيد عسكري لما سوف يترتب على ذلك من تداعيات وخيمة ستؤثر على الجميع.",2026-01-11
الضربة الأمريكية على إيران تقترب مؤشرات تؤكد قرب التصعيد,https://elbashayer.com/%d8%a7%d9%84%d8%b6%d8%b1%d8%a8%d8%a9-%d8%a7%d9%84%d8%a3%d9%85%d8%b1%d9%8a%d9%83%d9%8a%d8%a9-%d8%b9%d9%84%d9%89-%d8%a5%d9%8a%d8%b1%d8%a7%d9%86-%d8%aa%d9%82%d8%aa%d8%b1%d8%a8-%d9%85%d8%a4%d8%b4%d8%b1/,elbashayer.com,"الوضع في إيران يتجه نحو التصعيد بشكل كبير، مع استمرار المظاهرات والاحتجاجات في مختلف المدن، مشيرة إلى أن قرار توجيه ضربة عسكرية أمريكية إلى إيران قد تم اتخاذه، والمتوقع أن يتم تنفيذه في القريب العاجل.
وقال الإعلامي مصطفى بكري إن خلال برنامج حقائق وأسرار المذاع على قناة صدى البلد أن هناك مؤشرات عديدة تدل على قرب الضربة، منها انقطاع الإنترنت في أنحاء إيران، وإلغاء عدد من شركات الطيران رحلاتها إلى طهران وبقية المدن الإيرانية، بالإضافة إلى تقارير تؤكد تجهيز الولايات المتحدة لمصادر نفط بديلة في حال تعطل إمدادات النفط من الخليج.
وتابع قائلا: أي ضربة أمريكية ستقابل برد إيراني شديد، إذ يدرك النظام الإيراني أن المعركة قد تكون الأخيرة له، مشيرة إلى احتمال استهداف القواعد العسكرية الأمريكية في المنطقة بأسلحة متطورة مثل الصواريخ والطائرات المسيرة، متوقعة أيضًا ارتفاعًا كبيرًا في أسعار النفط عالمياً في حال حدوث أي تصعيد.",2026-01-11
رئيس كولومبيا حديثي مع ترامب جمد تهديده باعتقالي خشيت مصير مادورو,https://elbashayer.com/%d8%b1%d8%a6%d9%8a%d8%b3-%d9%83%d9%88%d9%84%d9%88%d9%85%d8%a8%d9%8a%d8%a7-%d8%ad%d8%af%d9%8a%d8%ab%d9%8a-%d9%85%d8%b9-%d8%aa%d8%b1%d8%a7%d9%85%d8%a8-%d8%ac%d9%85%d8%af-%d8%aa%d9%87%d8%af%d9%8a%d8%af/,elbashayer.com,"قال الرئيس الكولومبي، إن نظيره الأمريكي دونالد ترامب أخبره خلال الاتصال أنه كان يفكر في القيام بأشياء سيئة في كولومبيا، حسبما أفادت قناة “القاهرة الإخبارية”، في خبر عاجل.
وقال الرئيس الكولومبي: “أعتقد أن المكالمة التي جمعتني بترمب جمدت التهديد باعتقالي”.
وواصل الرئيس الكولومبي: “كنت أخشى مصير مادورو وأن يتم القبض علي ولهذا دعوت لمقاومة شعبية”.",2026-01-11
100 ألف دولار من ترامب لكل مواطن بجرينلاند للانفصال عن الدنمارك,https://elbashayer.com/100-%d8%a3%d9%84%d9%81-%d8%af%d9%88%d9%84%d8%a7%d8%b1-%d9%85%d9%86-%d8%aa%d8%b1%d8%a7%d9%85%d8%a8-%d9%84%d9%83%d9%84-%d9%85%d9%88%d8%a7%d8%b7%d9%86-%d8%a8%d8%ac%d8%b1%d9%8a%d9%86%d9%84%d8%a7%d9%86/,elbashayer.com,"ناقش مسؤولون أمريكيون إمكانية إرسال دفعات مالية كبيرة إلى سكان جزيرة جرينلاند في محاولة لإقناعهم بالانفصال عن الدنمارك والانضمام المحتمل إلى الولايات المتحدة، وذلك وفقًا لأربعة مصادر مطلعة على الأمر.
وفي حين لم تتضح بعد قيمة الدفعة المالية بالدولار الأمريكي أو تفاصيلها اللوجستية، فقد ناقش مسؤولون أمريكيون، بمن فيهم مساعدون في البيت الأبيض، مبالغ تتراوح بين 10,000 دولار أمريكي (17,000 دولار نيوزيلندي) و100,000 دولار أمريكي (170,000 دولار نيوزيلندي) للشخص الواحد، بحسب مصدرين طلبا عدم الكشف عن هويتهما لمناقشة المداولات الداخلية.
وتُعدّ فكرة الدفع المباشر لسكان جرينلاند، وهي إقليم دنماركي ما وراء البحار، أحد التفسيرات المحتملة لمحاولة الولايات المتحدة “شراء” الجزيرة التي يبلغ عدد سكانها 57,000 نسمة، على الرغم من إصرار السلطات في كوبنهاجن على أن جرينلاند ليست للبيع.
وتُعدّ هذه الخطة من بين عدة خطط يناقشها البيت الأبيض للاستحواذ على جرينلاند، بما في ذلك إمكانية استخدام الجيش الأمريكي.
لكن هذا قد يُنظر إليه على أنه إجراءٌ نفعيٌّ بحت، بل ومُهينٌ لشعبٍ لطالما ناقش استقلاله وتبعيته الاقتصادية للدنمارك.
وكتب رئيس وزراء جرينلاند، ينس فريدريك نيلسن، في منشورٍ على فيسبوك يوم الأحد، بعد أن صرّح الرئيس الأمريكي دونالد ترامب مجدداً للصحفيين بأن الولايات المتحدة بحاجةٍ إلى ضمّ الجزيرة: “كفى… لا مزيد من أوهام الضم”.
وأعرب قادة كوبنهاجن وعموم أوروبا عن استيائهم من تصريحات ترامب ومسؤولين آخرين في البيت الأبيض، التي أكدوا فيها حقهم في جرينلاند خلال الأيام الماضية، لا سيما وأن الولايات المتحدة والدنمارك حليفتان في حلف الناتو تربطهما اتفاقية دفاع مشترك.
أصدرت فرنسا وألمانيا وإيطاليا وبولندا وإسبانيا وبريطانيا والدنمارك، يوم الثلاثاء، بيانًا مشتركًا، أكدت فيه أن جرينلاند والدنمارك هما فقط من يملكان الحق في البتّ في مسائل علاقاتهما.
وعند سؤال البيت الأبيض عن مناقشات شراء الجزيرة، بما في ذلك إمكانية تقديم مدفوعات مباشرة لسكان جرينلاند، أحال وكالة رويترز إلى تصريحات أدلت بها المتحدثة باسم البيت الأبيض، كارولين ليفيت، ووزير الخارجية الأمريكي ماركو روبيو، يوم الأربعاء.
وخلال مؤتمر صحفي، أقرت ليفيت بأن ترامب ومساعديه في الأمن القومي “يدرسون شكل عملية الشراء المحتملة”.
وقال روبيو إنه سيلتقي نظيره الدنماركي الأسبوع المقبل في واشنطن لمناقشة قضية جرينلاند.
وامتنعت السفارة الدنماركية عن التعليق، ولم يردّ مكتب تمثيل جرينلاند في واشنطن على طلب للتعليق.",2026-01-11
أحلى معسكر في حياتي محمد صلاح يتكلم من قلبه,https://elbashayer.com/%d8%a3%d8%ad%d9%84%d9%89-%d9%85%d8%b9%d8%b3%d9%83%d8%b1-%d9%81%d9%8a-%d8%ad%d9%8a%d8%a7%d8%aa%d9%8a-%d9%85%d8%ad%d9%85%d8%af-%d8%b5%d9%84%d8%a7%d8%ad-%d9%8a%d8%aa%d9%83%d9%84%d9%85-%d9%85%d9%86/,elbashayer.com,"أعرب نجم منتخب مصر، محمد صلاح، عن فخره الكبير باللعب إلى جانب زملائه في المنتخب، مشيرًا إلى الروح العالية والتقارب بين اللاعبين خلال معسكر الفريق الحالي بالمغرب استعدادًا لنصف نهائي كأس الأمم الأفريقية.
في تصريحات حصرية بعد الفوز على كوت ديفوار، قال صلاح: “أنا فخور أني لعبت مع اللعيبة دول. كلنا عايزين نعمل حاجة لبلدنا ونفرح الجمهور. المعسكر ده لو اتصور كله كان هيكون أجمل معسكر عشته في حياتي. إحنا قريبين من بعض وبنحب بعض”.
وتطرق نجم ليفربول الإنجليزي للقاء المقبل ضد السنغال قائلاً: “أتمنى في الماتش الجاي ربنا يوفقنا ونكسب، وبعدين نفكر في الله بعده”.
وأضاف عن طموحه الشخصي: “أنا أكثر واحد عايز يكسب اللقب ده. أنا كسبت كل حاجة إلا اللقب ده، بس الضغط على اللعيبة مش هيؤدي لحاجة، سبوني أنا شايل الضغط ده”.
وأكد صلاح على قوة لاعبي المنتخب المصري ومصداقيتهم، رغم أنهم معظمهم من الدوري المحلي: “أنت بتلاعب منتخبات كلها محترفين، وشوف كل اللعيبة بتلعب فين. إحنا لعيبتنا محترمين ورجالة، بس قوام المنتخب من الدوري المصري”.
وأضاف بخفة دم: “من ساعة ما كابتن حسام حسن قال المنتخب فيه محترفين اثنين وربع، إحنا بقينا ثلاث أربع، محدش فينا بقى بيلعب”.
واختتم محمد صلاح حديثه بالتعبير عن سعادته بالأجواء العامة في المغرب، قائلًا: “أنا مبسوط إني هنا ومع اللعيبة دول والجهاز الفني ده، وبشكر المغرب على التنظيم والأجواء. كل شيء روعه، ودي من أحلى المعسكرات اللي عيشتها”.",2026-01-11
منتجي الدواجن عن ارتفاع الاسعار مؤخرا كيلو الجبنة يجيب 3 فرخات,https://elbashayer.com/%d9%85%d9%86%d8%aa%d8%ac%d9%8a-%d8%a7%d9%84%d8%af%d9%88%d8%a7%d8%ac%d9%86-%d8%b9%d9%86-%d8%a7%d8%b1%d8%aa%d9%81%d8%a7%d8%b9-%d8%a7%d9%84%d8%a7%d8%b3%d8%b9%d8%a7%d8%b1-%d9%85%d8%a4%d8%ae%d8%b1/,elbashayer.com,"قال محمود العناني، رئيس الاتحاد العام لمنتجي الدواجن، إن مع جهود الدولة وتوفير الأعلاف بشكل مستمر، وتوافر العملة الصعبة، توافرت كميات كبيرة من الجدود، وهي أساس الصناعة، وزاد الإنتاج في مصر بدرجة كبيرة جدًا، وأصبح الإنتاج يفوق الاستهلاك، فتراجعت الأسعار إلى 55 جنيهًا للكيلو في فراخ التسمين، وهو أقل بكثير من التكلفة التي تصل إلى 70 جنيهًا، كما وصل سعر البيض إلى 105–110 جنيهات.”
وأوضح، خلال مداخلة هاتفية ببرنامج «الصورة» الذي تقدمه الإعلامية لميس الحديدي على شاشة النهار، أنه مع إفطار المسيحيين بعد الصيام الصغير في عيد الميلاد المجيد، وتزامن ذلك مع إشهار الطلب خلال شهري رجب وشعبان، وانتظار شهر رمضان المبارك، وتزامن كل ذلك مع فصل الشتاء، الذي يشهد في المعتاد ارتفاعًا في التكلفة الإنتاجية مع زيادة عمليات التدفئة وتكلفة الوقود، إلى جانب تراجع أداء المزارع قليلًا في فصل الشتاء.
ولفت إلى أن كل العوامل السابقة أدت إلى تحسن التوازن بين العرض والطلب، ومع زيادة الطلب ارتفعت الأسعار بعض الشيء من 55 جنيهًا للكيلوجرام إلى 65 جنيهًا للكيلو، ثم 75 جنيهًا.
أردف: «السعر اليوم وصل إلى 70 جنيهًا للكيلوجرام، وهو سعر المزرعة، ويتم إضافة ما بين 8 إلى 10 جنيهات وصولًا للمستهلك».
وقاطعته الحديدي قائلة: «برضه كتير، حتى لو أسعار الدواجن ارتفعت بعض الشيء لتعويض تراجع الأسعار، مش ممكن تبقى بمقدار 16%، كتير وإحنا داخلين على شهر رمضان المبارك، متعوضوش الخسارة من جيب المواطن؟» ليرد: «مافيش مبالغة في الأسعار، لأن 70 جنيهًا للكيلوجرام في المزرعة و80 جنيهًا للمستهلك سعر عادل وليس به مبالغة، ويكفي أن سعر كيلو الجبنة يجيب ثلاث فراخ»ن مردفًا: “تكلفة الكتكوت تقترب إلى 20 جنيهًا، وسعره وصل إلى 25–27 جنيهًا، ثم عاد وانخفض مرة أخرى بسبب زيادة الطلب من قبل المنتجين في دورات رمضان الإنتاجية، فكل الناس تريد الدخول في دورة إنتاجية تغطي السوق حتى العاشر من رمضان.
واصل: ” «الناس كانت متخوفة من ارتفاع الأسعار في رمضان، ولكن أعد الناس بعدم المبالغة في رمضان، ولن يحدث ذلك، وما يحدد الأسعار هو عملية العرض والطلب، والجيد هذه المرة أن العرض عالٍ جدًا، وكمية الكتاكيت في مصر أعلى بنسبة 20% مقارنة بنفس الفترة من العام الماضي، وهذا معناه أن الأسعار ستبقى منضبطة».
ووعن تلويح وزارة الزراعة بفتح باب الاستيراد في حال استمرار ارتفاع الأسعار، علّق قائلًا:”مافيش اي مخلوق في إيده ينزل ويطلع الاسعار الفراخ منتج طازج لابد أن يباع في يومه ولايمكن تخزينها ولا إحتكارها وأنا مطمئن أن العرض عالي مقارنة بالعام الماضي الاسعار اقل من 15-20% و‘د المواطنين لأأن كميات الدوواجن ستكون متاحة بشكل كبير في شهر رمضان “",2026-01-11
ظاهرة الديجافو هل شعرت بتكرار موقف معك من قبل جبنالك التفسير العلمي,https://elbashayer.com/%d8%b8%d8%a7%d9%87%d8%b1%d8%a9-%d8%a7%d9%84%d8%af%d9%8a%d8%ac%d8%a7%d9%81%d9%88-%d9%87%d9%84-%d8%b4%d8%b9%d8%b1%d8%aa-%d8%a8%d8%aa%d9%83%d8%b1%d8%a7%d8%b1-%d9%85%d9%88%d9%82%d9%81-%d9%85%d8%b9%d9%83/,elbashayer.com,"أكدت الدكتورة شيماء البهي، أستاذ مساعد الأدوية والسموم وعلم الأعصاب السلوكي بكلية الصيدلة، أن ظاهرة الديجافو (الشعور بأن الموقف تكرر من قبل) ليست مرتبطة بما يُتداول عن رؤيتها أثناء وجود الإنسان في رحم الأم، مشددة على أن هذه التفسيرات غير علمية وتنتمي إلى النظريات الروحانية فقط.
وأضافت شيماء البهي، أن التفسير العلمي للديجافو يرجع إلى خلل مؤقت في كهرباء المخ داخل منطقة معينة مسؤولة عن الإحساس بالألفة.
وأوضحت أن من بين النظريات الشائعة والخاطئة، الاعتقاد بأن المخ يقوم بتسجيل الحدث الحالي مرتين في نفس الوقت، مؤكدة أن هذا التفسير غير دقيق علميًا، مشيرة إلى أن الفارق بين تسجيل التجربة كحدث حي وتخزينها كذكرى قد لا يتجاوز أجزاء من الثانية.
وتابعت أن الإنسان قد يكون موجودًا في مكان معين، لكن المخ يسجل المشهد مرتين بشكل متقارب جدًا، ما يولد إحساسًا قويًا بأن هذا الموقف حدث سابقًا بكل تفاصيله، رغم أنه يحدث للمرة الأولى.
وأشارت إلى أن الديجافو قد يكون مخيفًا للبعض، خاصة أصحاب الحساسية الانفعالية، إلا أنه في الغالب لحظي ولا يستمر طويلًا، موضحة أن السبب يعود إلى أن المنطقة الأمامية في المخ المسؤولة عن التخطيط والتفكير الواعي تعمل ببطء نسبي مقارنة بالذاكرة والمسارات الحسية، ما يؤدي إلى ارتباك مؤقت في الإحساس بالواقع.
وحذرت الدكتورة شيماء البهي من أن الديجافو قد يتحول إلى مؤشر مرضي في حالات نادرة، خاصة إذا كان متكررًا بشكل مبالغ فيه ومصحوبًا بأعراض أخرى مثل القيء، فقدان الوعي، أو الصداع النصفي الشديد.",2026-01-11
يوم حاسم النهاردة لمستأجري الإيجار القديم الحكم في وقف تنفيذ القانون الجديد,https://elbashayer.com/%d9%8a%d9%88%d9%85-%d8%ad%d8%a7%d8%b3%d9%85-%d8%a7%d9%84%d9%86%d9%87%d8%a7%d8%b1%d8%af%d8%a9-%d9%84%d9%85%d8%b3%d8%aa%d8%a3%d8%ac%d8%b1%d9%8a-%d8%a7%d9%84%d8%a5%d9%8a%d8%ac%d8%a7%d8%b1-%d8%a7%d9%84/,elbashayer.com,"تنظر محكمة القضاء الإداري اليوم السبت، ثاني جلسات الدعوى التي طالب بوقف تنفيذ وإلغاء تعديلات قانون الإيجار القديم رقم 164 لسنة 2025، بدعوى عدم دستوريتها ومخالفتها لمبدأ المساواة والحق في السكن.
وطالبت الدعوى بقبولها شكلًا، وبصفة مستعجلة بوقف تنفيذ القانون رقم 164 لسنة 2025 بشأن بعض الأحكام المتعلقة بقوانين إيجار الأماكن وتنظيم العلاقة بين المؤجر والمستأجر.
وأكد مقيم الدعوى أن تطبيق هذه المادة من شأنه أن يؤدي إلى طرد آلاف الأسر من مساكنها بعد انتهاء مدة السبع سنوات، دون توفير بدائل مناسبة أو حماية كافية للمستأجرين القدامى، وهو ما اعتبره مخالفة للدستور الذي يكفل حق المواطن في السكن اللائق والأمن.",2026-01-11
13 صورة لملكة الدانمارك أثناء زيارتها الأهرامات والمتحف المصري الكبير,https://elbashayer.com/13-%d8%b5%d9%88%d8%b1%d8%a9-%d9%84%d9%85%d9%84%d9%83%d8%a9-%d8%a7%d9%84%d8%af%d8%a7%d9%86%d9%85%d8%a7%d8%b1%d9%83-%d8%a3%d8%ab%d9%86%d8%a7%d8%a1-%d8%b2%d9%8a%d8%a7%d8%b1%d8%aa%d9%87%d8%a7-%d8%a7%d9%84/,elbashayer.com,نشر الحساب الملكي للدنمارك صور الملكة مارى ملكة الدنمارك لجولتها في الأهرامات والمتحف المصري الكبير.,2026-01-11
لقطات من الجمعية العمومية بالنادي الأهلي لانتخاب مجلس إدارة جديد,https://elbashayer.com/%d9%84%d9%82%d8%b7%d8%a7%d8%aa-%d9%85%d9%86-%d8%a7%d9%84%d8%ac%d9%85%d8%b9%d9%8a%d8%a9-%d8%a7%d9%84%d8%b9%d9%85%d9%88%d9%85%d9%8a%d8%a9-%d8%a8%d8%a7%d9%84%d9%86%d8%a7%d8%af%d9%8a-%d8%a7%d9%84%d8%a3/,elbashayer.com,"توافد أعضاء الجمعية العمومية بالنادي الأهلي، منذ صباح اليوم الجمعة، على النادي من أجل المشاركة في عملية التصويت، لانتخاب مجلس إدارة جديدة لمدة 4 سنوات، وذلك حتى عام 2029
انتخابات الأهلي 
وتم فتح باب التسجيل من التاسعة صباح اليوم حيث تستمر عملية التصويت حتى السابعة مساء، ويحق لرئيس اللجنة القضائية مدها حتى التاسعة مساءً، وفقًا لظروف العملية الانتخابية.
ويشهد اليوم الاجتماع الثاني للجمعية العمومية والتي بدأت أمس الخميس، وذلك بسبب عدم اكتمال النصاب القانوني، حيث كان مُقررًا فيه حضور أكثر من 75 ألف عضو، فيما يتطلب اليوم حضور خمسة آلاف عضو من أجل اكتمال النصاب القانوني.
ويأتي على رأس جدول أعمال الجمعية العمومية اليوم انتخاب مجلس إدارة جديدة، بالإضافة إلى التصديق على محضر اجتماع مجلس الإدارة مفوضًا في سلطات الجمعية العمومية بتاريخ 8ـ12ـ2024، والنظر في تقرير مجلس الإدارة عن أعماله للسنة المالية المنتهية في 30ـ6ـ2025 عن الفترة من 1ـ 7 ـ 2024 حتى 30ـ 6 ـ 2025، وبرنامج النشاط وخطة العمل للعام المالي الجديد.
وتتصدر قائمة محمود الخطيب، المشهد في انتخابات الأهلي بالدورة الجديدة 2025-2029، حيث لم يترشح سوى مرشح واحد فقط فوق السن، بعيدًا عن قائمة الرئيس الحالي.
وتضم قائمة محمود الخطيب كلا من: ياسين منصور نائبًا لرئيس النادي، وخالد مرتجي أمين صندوق النادي، بالإضافة إلى محمد الجارحي ومحمد الغزاوي إلى جانب محمد الدماطي وحازم هلال وسيد عبد الحفيظ وأحمد حسام عوض على مقعد العضوية فوق السن.
بينما يوجد كل من: إبراهيم العامري فاروق، ورويدا هشام، على مقاعد تحت السن، ضمن قائمة محمود الخطيب.
فيما يترشح حسن طنطاوي بشكل مستقل على عضوية المجلس فوق السن، خارج قائمة محمود الخطيب، وهو المرشح الوحيد الذي واصل السباق الانتخابي ورفض سحب أوراق ترشحه.",2026-01-11
من قلب الجزيرة الجماهير تلتقط السيلفي في انتخابات الأهلي,https://elbashayer.com/%d9%85%d9%86-%d9%82%d9%84%d8%a8-%d8%a7%d9%84%d8%ac%d8%b2%d9%8a%d8%b1%d8%a9-%d8%a7%d9%84%d8%ac%d9%85%d8%a7%d9%87%d9%8a%d8%b1-%d8%aa%d9%84%d8%aa%d9%82%d8%b7-%d8%a7%d9%84%d8%b3%d9%8a%d9%84%d9%81%d9%8a/,elbashayer.com,"انطلقت عملية التصويت على انتخاب مجلس إدارة جديد في النادي الأهلي، للدورة المقبلة 2025-2029، حيث تجري العملية الانتخابية في مقر القلعة الحمراء بالجزيرة.
ودعا مجلس إدارة النادي الأهلي، الجمعية العمومية للحضور اليوم الجمعة الموافق 31 من شهر أكتوبر الجاري، لانتخاب مجلس جديد.
شاهد الصور..",2026-01-11
من قلب الجيزة إلى عيون العالم شوف المتحف المصري الكبير,https://elbashayer.com/%d9%85%d9%86-%d9%82%d9%84%d8%a8-%d8%a7%d9%84%d8%ac%d9%8a%d8%b2%d8%a9-%d8%a5%d9%84%d9%89-%d8%b9%d9%8a%d9%88%d9%86-%d8%a7%d9%84%d8%b9%d8%a7%d9%84%d9%85-%d8%b4%d9%88%d9%81-%d8%a7%d9%84%d9%85%d8%aa/,elbashayer.com,"قبل أيام قليلة من الافتتاح المنتظر للمتحف المصري الكبير، نستعرض مجموعة جديدة من الصور كشفت عن ملامح التحفة المعمارية الأضخم في تاريخ مصر الحديث.
الصور أظهرت واجهات زجاجية مذهلة وتماثيل ضخمة لرموز الحضارة المصرية القديمة، إلى جانب لقطات من القاعات الداخلية التي تضم تجهيزات عرض عالمية المستوى. التصميم العصري المتكامل للمتحف يُبرز تمازجًا بين التاريخ والحداثة، مع إطلالة مهيبة مباشرة على أهرامات الجيزة.
ويُعد المتحف المصري الكبير أكبر متحف مخصص لحضارة واحدة في العالم، حيث يضم أكثر من 57 ألف قطعة أثرية من مختلف عصور التاريخ المصري، بينها معروضات تُعرض لأول مرة للجمهور.
شاهد الصور..",2026-01-11
خطة عمل أمنية بين المغرب وإسرائيل,https://elbashayer.com/%d8%ae%d8%b7%d8%a9-%d8%b9%d9%85%d9%84-%d8%a3%d9%85%d9%86%d9%8a%d8%a9-%d8%a8%d9%8a%d9%86-%d8%a7%d9%84%d9%85%d8%ba%d8%b1%d8%a8-%d9%88%d8%a5%d8%b3%d8%b1%d8%a7%d8%a6%d9%8a%d9%84/,elbashayer.com,"في خطوة تعكس استمرار مسار التعاون الدفاعي بين إسرائيل والمغرب، أعلن الجيش الإسرائيلي عن توقيع خطة عمل عسكرية مشتركة مع المملكة لعام 2026، وذلك في ختام الاجتماع الثالث للجنة العسكرية المشتركة بين البلدين. ورغم حساسية السياقين الإقليمي والدولي، لا سيما في ظل تداعيات الحرب في غزة، جاء هذا الإعلان ليعيد تسليط الضوء على هذا التعاون وحدوده، بين من يراه امتدادا لمسار استراتيجي، ومن يعتبره خطوة إشكالية على المستويين السياسي والشعبي. فما هي خلفيات الخطة الجديدة؟ وما دلالاتها الأمنية والاستراتيجية؟.
وأعلنت إسرائيل الجمعة، عن توقيع خطة عمل عسكرية مشتركة مع المغرب لعام 2026، وذلك في ختام الاجتماع الثالث للجنة العسكرية المشتركة بين البلدين، والذي عُقد بتل أبيب بداية يناير/ كانون الثاني.
الإعلان لم يتحدث عن “معاهدة دفاع” أو “تحالف عسكري”، بل استخدم توصيفا دقيقا هو Joint Work Plan، ما يعكس طبيعة تنظيمية وتنسيقية أكثر من كونها التزاما عملياتيا مفتوحا.
يأتي التوقيع تزامنا مع خمس سنوات على استئناف العلاقات الدبلوماسية بين البلدين في ديسمبر/ كانون الأول 2020، ضمن ما يُعرف بـ “اتفاقيات أبراهام”، ويمثل وفقا لمراقبين خطوة إلى الأمام في مسار التعاون الدفاعي، لا قفزة مفاجئة.
وفقا للجيش الإسرائيلي، فقد جاءت الخطة تتويجا للقاءات عمل مهنية جرت خلال الأسبوع المنصرم إلى جانب زيارات مشتركة إلى وحدات مختلفة في جيش الدفاع الإسرائيلي والصناعات الأمنية. وبلغت الزيارة ذروتها خلال حلقة نقاش خاصة تناولت بناء القدرات من وجهة النظر الاستراتيجية والأهداف المشتركة للتعاون بين جيشي البلدين.
في هذا السياق، اعتبر الناطق باسم الجيش الإسرائيلي، أفيخاي أدرعي الزيارة محطة مهمة أخرى في مسار تعميق التعاون الأمني بين إسرائيل والمغرب، الذي قال إنه “يعد من أبرز وأهم الشركاء للحفاظ على الاستقرار والأمن في المنطقة”.
“محطة مهمة لتعزيز التعاون الأمني والعسكري”
تم إقرار الخطة في إطار اللجنة العسكرية المشتركة (JMC) بدون نشر أي ملاحق تقنية أو تفاصيل عملياتية.
هذا التوصيف يكتسي أهميته اعتبارا لما يترتب عليه من دلالات سياسية وعسكرية، فالإعلان تجنب استخدام مصطلحات مثل “اتفاق دفاعي” أو تحالف” واكتفى بالحديث عن التنسيق والتخطيط وتبادل الخبرات في إطار برامج للتعاون العسكري.
في هذا السياق، يرى الخبير العسكري المغربي والأستاذ بجامعة ديجون بفرنسا، عبد الرحمن مكاوي، أن إعلان الجيش الإسرائيلي عن انعقاد الاجتماع “يندرج في إطار توضيح مستوى التعاون القائم بين الطرفين، ويأتي ردا عمليا على التساؤلات التي أُثيرت حول طبيعة هذا المسار”.
وأوضح مكاوي أن هذا الاجتماع “يشكل محطة مهمة لتعزيز التعاون الأمني والعسكري مع المغرب، الذي يُنظر إليه من الجانب الإسرائيلي باعتباره شريكا أساسيا يتمتع بثقل إقليمي ودور مؤثر في الاستقرار على المستويين الجهوي والدولي، خصوصا في حوض البحر الأبيض المتوسط والقارة الأفريقية”.
في المقابل، أشار المتحدث ذاته إلى أن الإعلان عن الخطة المرتبطة بهذا الاجتماع “لم يتطرق إلى تفاصيلها، لا سيما فيما يتعلق بمجال التصنيع الدفاعي”، وهو ما يعكس، حسب تعبيره، “طابعا استراتيجيا للتعاون القائم، المرتبط بالأهداف المشتركة بين الجيش الملكي المغربي وقوات الدفاع الإسرائيلية”.
من جانبه، أكد الخبير الإسرائيلي في الشؤون الأمنية يوحنان صوريف أن هذه الخطة المشتركة تعد امتدادا لاتفاقية التعاون الموقَّعة بين الطرفين عام 2021، وتشكل، من وجهة النظر الإسرائيلية، “خطوة متقدمة ومهمة في مسار تطوير العلاقات الثنائية بين البلدين”.
وبحسب المتحدث “فإن إسرائيل تنظر إلى المغرب باعتباره شريكا إقليميا ذا ثقل وتجربة راسخة في بناء العلاقات، وقوة فاعلة قادرة على الإسهام في تعزيز الاستقرار الإقليمي. كما أن الروابط التاريخية والإنسانية بين الجالية اليهودية في المغرب ويهود من أصول مغربية في إسرائيل تلعب دورا إيجابيا في دعم هذه العلاقات وتطويرها”.
تقدم في مسار التعاون
لا تعد اللجنة العسكرية المشتركة المغربية–الإسرائيلية هيئة طارئة، ولكنها آلية مؤسسية استراتيجية، تعقد اجتماعاتها بانتظام، ما يعني أن اجتماعها الأخير نتاج لمسار تراكمي وليس حدثا معزولا.
من بين أهم أهداف اللجنة تقييم التعاون القائم ووضع برامج سنوية مشتركة ثم تنظيم الزيارات المهنية وتبادل إرسال واستقبال الوفود العسكرية.
قبل الخطة الحالية، عمل الجانبان على تعميق التعاون العسكري بينهما منذ استئناف علاقاتهما الدبلوماسية.
هذا التعاون شكل محطة مفصلية بعد الزيارة التي قام بها وزير الدفاع الإسرائيلي السابق بيني غانتس إلى المغرب في نوفمبر/ تشرين الثاني 2021 حيث تُوّجت بتوقيع مذكرة تفاهم في المجال الأمني والعسكري تُعد الأولى من نوعها بين إسرائيل ودولة عربية.
هذه المذكرة أرست إطارا مؤسسيا للتعاون يشمل تبادل المعلومات، والتنسيق العملياتي، والتكوين، والبحث والتطوير، بما فتح الباب أمام شراكة دفاعية متعددة المستويات بين الرباط وتل أبيب.
منذ ذلك الحين، وقع المغرب عدة صفقات مع شركات دفاع إسرائيلية، من بينها صفقة لاقتناء نظام الدفاع الجوي باراك 8 التابع لشركة الصناعات الجوية الإسرائيلية، ومدفعية ATMOS من شركة إلبيت سيستمز، و20 رادارا من تصنيع شركة إلتا لمقاتلات F-5E، إضافة إلى صواريخ EXTRA من إنتاج إلبيت.
وفي نوفمبر/ تشرين الثاني 2025، افتتحت شركة BlueBird Aerosystems الإسرائيلية مصنعا في مدينة بنسليمان، بضواحي الدار البيضاء، لإنتاج طائرات SpyX المسيّرة الهجومية ذات الاستخدام الواحد.
وكانت شركة الصناعات الجوية الإسرائيلية (IAI) قد استحوذت في أواخر عام 2020 على 50 في المئة من أسهم BlueBird، بحسب موقعها الرسمي.
شراكة متينة رغم التحديات؟
كثير من الصحف الإسرائيلية التي تناولت الموضوع، التزمت الحذر في عرض مجالات التعاون المفترضة، لكنها تحدثت عن التخطيط العسكري والتدريب والتنسيق بين الخبراء ثم الزيارات المهنية للوحدات العسكرية، غير أنها لم تشر إلى بناء قواعد عسكرية، أو نشر قوات أو التزامات دفاع مشترك أو أي عمليات عسكرية مشتركة خارج إطار التدريب.
هذا الغياب ليس عرضيا بحسب خبراء عسكريين، بل يعكس رغبة في إبقاء التعاون، في الوقت الحالي على الأقل، ضمن الإطار المؤسسي والتقني.
وفقا للخبير الإسرائيلي يوحنان صوريف فإن الأهم في توقيع إطار التفاهم بين البلدين، “الإقرار بعدم حدوث أي تغيير في طبيعة العلاقات رغم الظرف الصعب الذي تمر به المنطقة”.
وأضاف أن غالبية اتفاقات أبراهام لم تتضرر رغم السياق الإقليمي القائم والحرب في غزة، معتبرا أن هذه الخطوة بحد ذاتها دليل على ذلك”.
صوريف أكد أن “الجانب الإسرائيلي لا يمكن إلا أن يعبر عن ارتياحه للتوصل إلى هذه الخطة في ظل ظرف دولي وإقليمي دقيق، معتبرا أن إنجازها في هذه المرحلة يعكس متانة العلاقات وقدرتها على الصمود والتقدم رغم التحديات”.
من جانبه، خلص مكاوي إلى أن اجتماع اللجنة العسكرية المشتركة “مثّل نقلة نوعية في مسار التقارب العسكري بين الجانبين، وأسهم في تعميق التعاون في مجالي الدفاع والأمن، دون الخوض في معطيات تقنية أو عملياتية لم يتم الإعلان عنها رسميا”.
المقاربة الواقعية” و”المزاج الشعبي”
تعميق المغرب تعاونه العسكري وعلاقاته الاستراتيجية مع إسرائيل لا يحظى بالضرورة بالإجماع على المستوى الداخلي، إذ فيما يثني عليه البعض باعتباره ضرورة ملحة في ظل سياق إقليمي متوتر وتنامي التحديات الأمنية في المنطقة، يرى آخرون أنه يصطدم بالإرادة الشعبية المغربية ويؤثر سلبا على صورة المغرب الحقوقية في مجال حقوق الإنسان.
في هذا السياق، يرى عزيز هناوي، الكاتب العام للمرصد المغربي لمناهضة التطبيع أن الخطة “شكلت صدمة كبيرة، ليس فقط للشعب الفلسطيني، خاصة أن الحرب في غزة بالكاد انتهت، ونظرا لما يحدث في الضفة الغربية المحتلة ومناطق أخرى من فلسطين”.
ويضيف “من جانب آخر، فقد تابعنا تمرير تشريعات تهدم كل الاتفاقيات الدولية الأخيرة، مما ينفي أي مبرر حتى للاجتماعات البروتوكولية التقليدية، فكيف بخطة عمل مشترك، وهي كلمة تتناقض مع الثوابت الوطنية ومع المزاج الشعبي المحلي”.
يمضي هناوي متسائلا: “ما هو التهديد المشترك بين إسرائيل والمغرب؟ الحديث عن تهديدات مشتركة وخطة عمل مشتركة يحتاج إلى تفسير واضح، وإلا فهو يعكس تناقضا بين الخطاب الرسمي والساحة الشعبية، ويضع علامات استفهام حول أولويات القيادة وسبل التعامل مع القضايا الوطنية والدولية الحساسة”.
خلافا لما ذهب إليه هناوي، يعتقد الباحث المغربي في الشؤون الأمنية والاستراتيجية عبد الحق الصنايبي أن الاتفاق، “أعاد رسم موقع المغرب داخل معادلة الأمن القومي، سواء على المستوى الإقليمي أو الدولي”، مشددا على أن “المملكة لا يمكن اتهامها بالتحرك بدافع الاصطفاف الإيديولوجي أو منطق الاستفزاز أو الابتزاز، بل وفق مقاربة واقعية في العلاقات الدولية، تقوم على منطق الدولة والمصلحة الوطنية، ونظريتي التوازن والقوة، باعتبارهما من الركائز الأساسية لضمان الأمن القومي”.
في هذا الإطار، يقول الصنايبي إن “المغرب يعتمد في هذا الإطار على قراءة ذكية لبيئته الاستراتيجية، في ظل محيط إقليمي ودولي شديد الاضطراب، يتميز بتصاعد التهديدات غير التقليدية، وسباق التسلح في المنطقة، والهشاشة الأمنية في الساحل والصحراء، فضلا عن الحروب بالوكالة التي لم تعد تقتصر على المواجهات العسكرية الكلاسيكية، بل باتت تشمل مجالات التكنولوجيا والإعلام والاستخبارات”.
وعلى المستوى الداخلي، أشار المتحدث إلى أن “جزءا مهما من الرأي العام المغربي بات يدرك، في ظل التطورات الراهنة، أن حماية الأمن القومي لا تتحقق بالشعارات، بل بالجاهزية، والردع، والقدرة على التكيف مع التحولات السريعة وطبيعة التهديدات الجديدة”.",2026-01-11
السعودية تبدي أسفها لأضرار لحقت بسفارة قطر في كييف,https://elbashayer.com/%d8%a7%d9%84%d8%b3%d8%b9%d9%88%d8%af%d9%8a%d8%a9-%d8%aa%d9%8f%d8%a8%d8%af%d9%8a-%d8%a3%d8%b3%d9%81%d9%87%d8%a7-%d9%84%d8%a3%d8%b6%d8%b1%d8%a7%d8%b1-%d9%84%d8%ad%d9%82%d8%aa-%d8%a8%d8%b3%d9%81%d8%a7/,elbashayer.com,"أعربت المملكة العربية السعودية عن بالغ أسفها إزاء الأضرار التي طالت مبنى سفارة دولة قطر الشقيقة، نتيجة القصف الذي شهدته العاصمة الأوكرانية كييف خلال التطورات الأخيرة للأزمة الروسية الأوكرانية.
وأكدت وزارة الخارجية السعودية، في بيان رسمي، أهمية الالتزام التام بحماية البعثات الدبلوماسية ومقارّها، وضرورة ضمان سلامة العاملين فيها، وذلك وفقًا لما تنص عليه اتفاقية فيينا المنظمة للعلاقات الدبلوماسية بين الدول.
وجددت المملكة موقفها الثابت الداعم لكافة الجهود والمساعي الدبلوماسية الرامية إلى التوصل لحل سلمي للأزمة الروسية الأوكرانية، بما يسهم في خفض التصعيد وحماية المدنيين والمصالح الدبلوماسية، ويعزز الأمن والاستقرار على المستويين الإقليمي والدولي.",2026-01-11
قافلة مساعدات سعودية جديدة تعبر منفذ رفح لدعم قطاع غزة,https://elbashayer.com/%d9%82%d8%a7%d9%81%d9%84%d8%a9-%d9%85%d8%b3%d8%a7%d8%b9%d8%af%d8%a7%d8%aa-%d8%b3%d8%b9%d9%88%d8%af%d9%8a%d8%a9-%d8%ac%d8%af%d9%8a%d8%af%d8%a9-%d8%aa%d8%b9%d8%a8%d8%b1-%d9%85%d9%86%d9%81%d8%b0-%d8%b1/,elbashayer.com,"عبرت قافلة مساعدات سعودية إغاثية جديدة مقدمة من مركز الملك سلمان للإغاثة والأعمال الإنسانية منفذ رفح الحدودي، متجهة إلى منفذ كرم أبو سالم جنوب شرقي قطاع غزة، تمهيدًا لإيصالها إلى المتضررين من أبناء الشعب الفلسطيني، ضمن إطار الحملة الشعبية السعودية لإغاثة الشعب الفلسطيني الشقيق.
وضمّت القافلة كميات كبيرة من السلال الغذائية، التي تهدف إلى تلبية الاحتياجات الأساسية للأسر المتضررة داخل القطاع، في ظل التحديات الإنسانية والظروف المعيشية القاسية التي يواجهها السكان.
وفي سياق متصل، نفّذ المركز السعودي للثقافة والتراث، الشريك المنفذ لمركز الملك سلمان للإغاثة في قطاع غزة، عددًا من المبادرات الميدانية، شملت إقامة مخيمات إيواء للنازحين في منطقة القرارة جنوب القطاع، ومنطقة المواصي بمحافظة خان يونس، بالتزامن مع دخول فصل الشتاء وتزايد الاحتياجات الإنسانية.
وتأتي هذه الجهود امتدادًا للدعم الإنساني المتواصل الذي تقدمه المملكة العربية السعودية عبر مركز الملك سلمان للإغاثة، تأكيدًا على وقوفها الدائم إلى جانب الشعب الفلسطيني، وحرصها على تخفيف معاناته وتوفير مقومات العيش الكريم في مختلف الظروف.",2026-01-11
مركز الملك سلمان للإغاثة يوقع اتفاقية لتشغيل مركز الأطراف الصناعية في سيئون باليمن,https://elbashayer.com/%d9%85%d8%b1%d9%83%d8%b2-%d8%a7%d9%84%d9%85%d9%84%d9%83-%d8%b3%d9%84%d9%85%d8%a7%d9%86-%d9%84%d9%84%d8%a5%d8%ba%d8%a7%d8%ab%d8%a9-%d9%8a%d9%88%d9%82%d9%91%d8%b9-%d8%a7%d8%aa%d9%81%d8%a7%d9%82%d9%8a/,elbashayer.com,"وقّع مركز الملك سلمان للإغاثة اتفاقية تعاون مشترك لتشغيل مركز الأطراف الصناعية وإعادة التأهيل في محافظة سيئون اليمنية، وذلك ضمن جهوده الإنسانية المتواصلة لدعم المتضررين وذوي الاحتياجات الخاصة في اليمن، وتنفيذ المرحلة السابعة من المشروع الإنساني الحيوي.
وجرى توقيع الاتفاقية عبر الاتصال المرئي بين مساعد المشرف العام على المركز للعمليات والبرامج المهندس أحمد بن علي البيز، ورئيس مجلس إدارة الجمعية الدولية لرعاية ضحايا الحروب والكوارث الدكتور معاوية محمود حرصوني، بما يعكس الشراكة الفاعلة في تنفيذ البرامج الإغاثية المتخصصة.
وتهدف الاتفاقية إلى تقديم خدمات شاملة في مجال التأهيل الجسدي، تشمل تقييم الحالات الصحية، ووضع خطط علاجية فردية، وتركيب الأطراف الصناعية بمختلف أنواعها، إلى جانب توفير خدمات إعادة التأهيل الوظيفي للأطراف الصناعية والتقويمية، بما يساعد المستفيدين على الاندماج في المجتمع وممارسة حياتهم اليومية بصورة أفضل.
كما تتضمن الاتفاقية تطوير الكفاءات الطبية والفنية من خلال برامج تدريبية متخصصة، تسهم في رفع كفاءة الكوادر العاملة وتمكينها من التعامل مع الحالات المعقدة، حيث يُتوقع أن يستفيد من المشروع نحو (7,200) فرد من أبناء محافظة سيئون والمناطق المجاورة.
وتأتي هذه الخطوة في إطار الدور الإنساني الذي تضطلع به المملكة العربية السعودية عبر مركز الملك سلمان للإغاثة، تأكيدًا لالتزامها بدعم الشعب اليمني الشقيق، والمساهمة في تحسين الخدمات الصحية والتأهيلية في المناطق المتضررة.",2026-01-11
نجوم المهرجانات يشاركون أحمد عبده الاحتفال بخطوبته وهنا متعشوهاش تريند للشهر الثاني,https://elbashayer.com/%d9%86%d8%ac%d9%88%d9%85-%d8%a7%d9%84%d9%85%d9%87%d8%b1%d8%ac%d8%a7%d9%86%d8%a7%d8%aa-%d9%8a%d8%b4%d8%a7%d8%b1%d9%83%d9%88%d9%86-%d8%a3%d8%ad%d9%85%d8%af-%d8%b9%d8%a8%d8%af%d9%87-%d8%a7%d9%84%d8%a7/,elbashayer.com,"احتفل المطرب الشعبي أحمد عبده بحفل خطوبته، في أجواء مبهجة جمعت بين العائلة والأصدقاء وعدد كبير من نجوم الفن والطرب وزملائه من الوسط الفني، وبحضور عدد من الأهل والأصدقاء والمقربين، الذين حرصوا على مشاركته تلك اللحظة المميزة وتقديم التهاني للعروسين.
وشهد حفل خطوبة المطرب الشعبي أحمد عبده حضورًا لافتًا لعدد من نجوم الفن والطرب، الذين حرصوا على تهنئته في هذه المناسبة السعيدة، حيث تواجد كل من حودة بندق، وعلي قدورة، وحمو بيكا، ومحمود معتمد، وعمر الكروان، وأحمد فريد، ومصطفى الدجوي، ومحمد الدوو، مما أضفى على الحفل أجواءً مميزة وسط تفاعل كبير من الحضور ومحبي الفنان، فيما لاقت الصور ومقاطع الفيديو المتداولة من الحفل تفاعلًا كبيرًا من الجمهور على السوشيال ميديا.
ويعيش أحمد عبده حالة من الانتعاشة الفنية خلال الفترة الحالية، خاصة بعد النجاح الكبير الذي حققته أحدث أغانيه “هنا متعشوهاش”، والتي تتصدر الترند على منصات التواصل الاجتماعي منذ أكثر من شهرين، محققة انتشارًا واسعًا عبر مختلف التطبيقات الموسيقية.
ويعد أحمد عبده واحدًا من أبرز مطربي الطرب الشعبي خلال السنوات الأخيرة، بعدما نجح في تكوين قاعدة جماهيرية واسعة عبر منصات السوشيال ميديا وتطبيقات الاستماع المختلفة، بفضل تقديمه عددًا من الأغاني التي لاقت انتشارًا كبيرًا وتفاعلًا لافتًا من الجمهور، من بينها يا ريحانة، بحر شر، سقفه ليكي، لون الخد كاستر، صنع الصين، هابي بلوك، سالك مع الأوباش، قلبي استوى، شجر الوجع، وغيرها من الأعمال التي اتسمت بالطابع الشعبي السريع والإيقاع المتنوع.
وعلى الجانب الفني، واصل أحمد عبده نشاطه المكثف خلال الفترة الأخيرة، حيث طرح أغنية «متحسبونيش»، إلى جانب دويتو غنائي سابق جمعه بالمطرب محمد رشاد، كما أصدر أغنية «أنا مش شمتان» التي جاءت من كلمات كوثر حجازي، وألحان محمد النادي، وتوزيع طارق عبد الجابر.
كما تعاون مؤخراً مع الموزع رامي المصري في مجموعة من الأعمال الجديدة، من بينها: «هطير أخضر»، «مريض زهايمر»، و«يالا بينا»، في إطار خطة فنية تستهدف تقديم محتوى متجدد ومتنوع يتماشى مع تطلعات جمهوره وتطور سوق الموسيقى الشعبية.
ومن المنتظر أن يواصل أحمد عبده طرح عدد من المفاجآت الفنية خلال العام المقبل، بالتزامن مع بداية مرحلة جديدة في حياته الشخصية بعد إعلان الخطوبة، في خطوة تعكس حالة الاستقرار والدافع المعنوي الذي يعيشه في الوقت الراهن.",2026-01-11
ولاد البلد تطلق استراتيجية جديدة في عالم الإنتاج الفني وتنظيم الفعاليات,https://elbashayer.com/%d9%88%d9%84%d8%a7%d8%af-%d8%a7%d9%84%d8%a8%d9%84%d8%af-%d8%aa%d8%b7%d9%84%d9%82-%d8%a7%d8%b3%d8%aa%d8%b1%d8%a7%d8%aa%d9%8a%d8%ac%d9%8a%d8%a9-%d8%ac%d8%af%d9%8a%d8%af%d8%a9-%d9%81%d9%8a-%d8%b9/,elbashayer.com,"أعلنت شركة «ولاد البلد»، المتخصصة في الإنتاج الفني وإدارة أعمال المشاهير، عن إطلاق استراتيجيتها الجديدة لتطوير قطاع الترفيه وتنظيم الحفلات والفاعليات، وذلك تحت رؤية وإشراف مديرها التنفيذي محمد زلزال، في خطوة تستهدف تعزيز حضور الشركة داخل السوقين الفني والترفيهي.
وتأتي هذه الاستراتيجية لترسيخ مكانة «ولاد البلد» كإحدى الشركات الرائدة التي تقدم حلولًا متكاملة بنظام «360 درجة» في صناعة الفن والفعاليات، مستندة إلى مزيج يجمع بين الأصالة الفنية والاحترافية التنظيمية.
وترتكز أنشطة الشركة على ثلاثة محاور رئيسية، أولها الإنتاج الفني، حيث تعمل على تبني المواهب الشابة وتقديم محتوى غنائي وموسيقي يواكب التطور العالمي مع الحفاظ على الهوية المحلية.
أما المحور الثاني فيتمثل في إدارة أعمال المطربين، من خلال توفير خطط استراتيجية شاملة تشمل التسويق، والتعاقدات، وبناء الهوية الفنية، بما يضمن استدامة النجاح للفنانين، ويأتي المحور الثالث في إدارة حفلات الزفاف، عبر تحويل ليلة العمر إلى تجربة فنية متكاملة، من خلال تجهيزات صوتية وضوئية عالمية، واختيار نخبة من النجوم لإحياء المناسبات بأسلوب عصري ومنظم.
وفي هذا السياق، صرح محمد زلزال، المدير التنفيذي لشركة «ولاد البلد»، قائلاً: «نحن لا نقدم مجرد خدمات تنظيمية أو إنتاجية، بل نصنع تجارب لا تُنسى.
هدفنا هو خلق بيئة فنية تحتضن المبدعين، وتقديم أعلى معايير الجودة في إدارة الحفلات بما يتناسب مع تطلعات عملائنا، ونؤمن بأن الاحترافية هي مفتاح النجاح في هذا السوق المتطور».
وأشار زلزال إلى أن الشركة تستعد خلال الفترة المقبلة لإطلاق سلسلة من التعاونات الفنية مع كبار النجوم، إلى جانب التوسع في تنظيم المهرجانات الكبرى والفعاليات الجماهيرية، اعتمادًا على فريق عمل يضم خبراء في مجالات الصوت، والصورة، والإدارة الفنية.
ويُذكر أن شركة «ولاد البلد» تُعد من الشركات الرائدة في مجال الإنتاج الفني وإدارة الفعاليات، ويقع مقرها في محافظة الشرقية، وتسعى إلى تقديم مفهوم جديد للترفيه وإدارة المواهب في الوطن العربي، من خلال الدمج بين الخبرة الإدارية والشغف الفني.",2026-01-11
السينما العراقية تخسر مليار دولار سنويا بسبب القرصنة,https://elbashayer.com/%d8%a7%d9%84%d8%b3%d9%8a%d9%86%d9%85%d8%a7-%d8%a7%d9%84%d8%b9%d8%b1%d8%a7%d9%82%d9%8a%d8%a9-%d8%aa%d8%ae%d8%b3%d8%b1-%d9%85%d9%84%d9%8a%d8%a7%d8%b1-%d8%af%d9%88%d9%84%d8%a7%d8%b1-%d8%b3%d9%86%d9%88/,elbashayer.com,"أكبر مشكلة تخصنا في العراق هي القرصنة المؤسساتية»، يقول يوسف الألوسي، مدير التسويق في مؤسسة «1001» العراقية.
يكمل: «هناك أكثر من جهة مؤسساتية تحتكر المحتوى وتوفره مجاناً لكل أنحاء العالم بما في ذلك السوق العراقية طبعاً».‬
وُلدت القرصنة مع أواخر القرن الماضي ورغم محاولات عديدة لمنعها لا تزال نشطة تمنع الأفلام والكتب والمحتويات المختلفة من تحقيق أضعاف أرباحها ما يؤثر في دول ما زالت تطمح لبناء صناعة سينمائية دائمة من تحقيق غاياتها.
يُضيف: «بذلك لم يعد هناك حافز للمنتج لكي ينجز فيلماً مدركاً، إنه من اليوم الثاني لعرضه سوف يدخل البيوت مجاناً. وبذلك لا يمكن الحديث عن حضور ما لسينما عراقية حديثة ومتقدّمة لأنه محكوم على هذه المبادرات بالفشل بسبب القرصنة».
إلى ذلك يلفت الألوسي النظر إلى أن هناك قوانين صادرة عن الجهات الحكومية لحفظ حقوق المؤلفين وأصحاب المحتوى في أي شكل لكن لا أحد يتابع.
يقول: «الخسارة تبلغ أكثر من مليار دولار سنوياً لأنك لا تتحدث عن قرصنة الأفلام فقط بل قرصنة الكتب وكل النشاطات المجتمعية والإبداعية.
المتضررون متعددون منهم المغنون والفنانون المختلفون أيضاً.
لا توجد منظومة تحميهم». > ما هو مطلوب التواصل مع دول مجاورة نجحت في محاربة القرصنة (كما الحال مع دول الخليج العربي) لأجل القضاء على هذا التسيّب الخطير. هذا سيكون في مصلحة الوطن والمواطن ودفعة قوية لإحياء سينما عراقية حقيقية.",2026-01-11
الديهي يكشف موقف حكومة مصطفى مدبولي من الرحيل,https://elbashayer.com/%d8%a7%d9%84%d8%af%d9%8a%d9%87%d9%8a-%d9%8a%d9%83%d8%b4%d9%81-%d9%85%d9%88%d9%82%d9%81-%d8%ad%d9%83%d9%88%d9%85%d8%a9-%d9%85%d8%b5%d8%b7%d9%81%d9%89-%d9%85%d8%af%d8%a8%d9%88%d9%84%d9%8a-%d9%85%d9%86/,elbashayer.com,"وجه الإعلامي مصطفى مدبولي، حقيقة ما يتردد بشأن رحيل حكومة الدكتور مصطفى مدبولي.
وقال “الديهي” خلال تقديم برنامجه “بالورقة والقلم” المذاع على فضائية “Ten”، مساء السبت، “بقول لحكومة الدكتور مصطفى معرفش هتكمل ولا لا، اسم الدكتور مصطفى مطروح أنه ممكن يكمل”.
وأضاف “وفيه أسماء كثيرة وما يتم ترديده أن الدكتور مصطفى مكمل أو الفريق كامل أو الدكتور خالد عبد الغفار أو الوزير أحمد كجوك أو عمرو طلعت، كفانا ترويجا للشائعات يا أخي معندكش معلومة تسكت عالطول”.
وتابع “انتظر لمتخذ القرار انه يقول والله هنعمل حكومة جديدة هنقول متشكرين يا دكتور عملت ما تستطيع وأكثر مما يستطيع، ولو هيكمل يبقى دي رؤية القيادة السياسية هنقول كمل يا دكتور وربنا يوقفك”.
واستطرد “بقول نسيب الأمر لرأس الدولة يتخذ ما يراه مش عايزين نخش في لغط لأن الشائعات كثيرة جدا، وده عامل حالة من اللا استقرار واللغلط مينفعش أقول أن الحكومة لا يسمعوا ولا يتأثروا دول بشر”.",2026-01-11
عمرو اديب عن مباراة مصر وكوت ديفوار  كعبنا عالي عليهم من أيام دروجبا,https://elbashayer.com/%d8%b9%d9%85%d8%b1%d9%88-%d8%a7%d8%af%d9%8a%d8%a8-%d8%b9%d9%86-%d9%85%d8%a8%d8%a7%d8%b1%d8%a7%d8%a9-%d9%85%d8%b5%d8%b1-%d9%88%d9%83%d9%88%d8%aa-%d8%af%d9%8a%d9%81%d9%88%d8%a7%d8%b1-%d9%83%d8%b9/,elbashayer.com,عمرو اديب عن مباراة مصر وكوت ديفوار : كعبنا عالي عليهم من أيام دروجبا,2026-01-11
7 آلاف مش كفاية  مصطفى بكري للحكومة عايزين إجراء يخفف عن الناس,https://elbashayer.com/7000-%d9%85%d8%b4-%d9%83%d9%81%d8%a7%d9%8a%d8%a9-%d9%85%d8%b5%d8%b7%d9%81%d9%89-%d8%a8%d9%83%d8%b1%d9%8a-%d9%84%d9%84%d8%ad%d9%83%d9%88%d9%85%d8%a9-%d8%b9%d8%a7%d9%8a%d8%b2%d9%8a%d9%86-%d8%a5/,elbashayer.com,"أكد النائب والإعلامي مصطفى بكري، أن الخطط الحكومية لخفض الدين العام، رغم أهميتها، تظل محل تساؤل لدى المواطن البسيط، الذي ينتظر أن تنعكس هذه الوعود على حياته اليومية بشكل مباشر، خاصة في ظل ارتفاع الأسعار وتزايد الأعباء المعيشية.
وأضاف مصطفى بكري، خلال تقديمه برنامج «حقائق وأسرار» المذاع على قناة صدى البلد، أن تصريحات رئيس الوزراء الدكتور مصطفى مدبولي حول الخطة الطموحة لخفض الدين العام تهدف إلى تخفيف الضغط عن المواطنين، وتحسين مستويات الدخل، وضبط الأسعار، وخلق بيئة اقتصادية أكثر استقرارًا، إلا أن المواطن يتساءل: متى سيشعر فعليًا بنتائج هذه السياسات على أرض الواقع؟
وأوضح بكري أن المواطن الذي يتقاضى الحد الأدنى للأجور، والبالغ نحو 7 آلاف جنيه، يواجه صعوبة حقيقية في تلبية احتياجات أسرته الأساسية، من إيجار وسكن وفواتير مياه وكهرباء وغاز، فضلًا عن الطعام والعلاج ومصروفات المعيشة الأخرى، متسائلًا: كيف يمكن لهذا الدخل أن يكفي أسرة مكونة من أربعة أفراد في ظل هذه الظروف؟
وأشار إلى أن متوسط دخل العامل في الوقت الحالي يتراوح بين 7 و9 آلاف جنيه، بينما لا يقل الإيجار في كثير من المناطق عن 3 آلاف جنيه، إضافة إلى نحو ألف جنيه لفواتير الخدمات، ما يترك دخلًا محدودًا لا يكفي لتغطية باقي متطلبات الشهر.",2026-01-11
افطار رمضاني في نيويورك,https://elbashayer.com/%d8%a7%d9%81%d8%b7%d8%a7%d8%b1-%d8%b1%d9%85%d8%b6%d8%a7%d9%86%d9%8a-%d9%81%d9%8a-%d9%86%d9%8a%d9%88%d9%8a%d9%88%d8%b1%d9%83/,elbashayer.com,"احمد محارم  :  يكتب من نيويورك
إفطار رمضاني في نيويورك يشعل روح الوحدة والتضامن بين الجالية المصرية والعربية
في مشهد يتجاوز حدود اللقاءات الاجتماعية ويجسد قوة الهوية والانتماء  وعظمة التضامن وروح الأخوة، نظم النادي الثقافي المصري الأمريكي في نيويورك حفل إفطار رمضاني استثنائي جمع أبناء الجالية المصرية والعربية من ولايات الساحل الشرقي للولايات المتحدة، بما في ذلك نيويورك، نيوجيرسي، وكونيتيكت.
جاءت هذه المبادرة بقيادة المهندس طارق سليمان، رئيس النادي، والأستاذ ثروت أحمد، مؤسس جمعية جوزيف أحمد في نيوجيرسي، حيث تم تقديم مائدة عامرة بأشهى المأكولات التقليدية التي حملت معها عبق الأصالة وروح رمضان المضيئة.
ولم تكن هذه الأمسية مجرد مائدة طعام، بل كانت لوحة وطنية نابضة بروح الأخوة والتكاتف، رسمها أبناء الجالية بقلوبهم قبل حضورهم انطلقت الأمسية بآذان المغرب الذي أعلن بداية احتفال يفوق الوصف، تبعه أداء صلاة المغرب بإمامة الدكتور أحمد دويدار، رئيس المركز الإسلامي بوسط مانهاتن، مما أعطى للحفل بعدًا روحانيًا فريدًا. وقد تميز الحدث بحضور كبير  جمع بين الأصدقاء والمحبين من أبناء الوطن، سواء مسلمين أو أقباط، إلى جانب نخبة من رموز الجاليات العربية التي حملت راية الوحدة والفخر.
ومن بين الشخصيات اللامعة التي أضاءت سماء الحفل، برز الدكتور حبيب جودة، رئيس الجمعية العربية الأمريكية في نيويورك، والإعلامية إنعام الطحان من سوريا، والكاتبة اليمنية نجلاء العمري، والسيدة لمياء محمد من الجزائر، مديرة مكتب متروبوليتان للرعاية المنزلية. كما حضر الإعلاميون البارزون، منهم محمد السماك من جريدة الوفد المصرية، وأمجد مكي من موقع رؤية نيوز، وأحمد محارم من جريدة عرب أستوريا ومجلة مرآة الغرب، ليضيفوا بعدًا إعلاميًا يعكس قوة الحدث.
عكس هذا الإفطار صورة حية لتماسك الجالية العربية، حيث توافد رجال الأعمال والسيدات القويات والكتاب والمثقفون والمهنيون من كافة التخصصات ؛ مثل جوزيف بطرس، والدكتور جورج عبد السيد، والدكتور علاء الدين فرج، ومحمد محجوب، ومحمد حامد، والأستاذ ميلاد حنس، والحاجين حسن وحسين إمام، والمذيع البارز الدكتور عصام البدري مع أسرته، والأستاذ مايكل ليون، والسيدتان جيجي ومنى عباسي، والمهندس عبد المنعم الجندي، لتكون هذه الأمسية شهادة على وحدة قوية لا تلين.
ولم تخلُ الأمسية من لمسة فنية ساحرة، حيث أبهرت المرنمة نعمة الحضور بصوتها العذب وأدائها الراقي، مقدمة مجموعة من الأغاني الوطنية التي أعادت لذكريات الوطن عبيرها.
كما تحدثت الدكتورة هالة سالم عن أهمية الشهر الكريم في الوجدان الشعبي، مؤكدًة على الدور الحيوي لهذه الفعاليات في ترسيخ الروابط الاجتماعية والثقافية بين أبناء الجالية.
ولا يفوتنا الثناء على جهود الدكتورة نهى عدلي والتي كانت العمود الفقري لتنظيم وترتيب هذا الحدث الراقي، إذ كانت لمساتها الإبداعية حاضرة في كل تفاصيل الحفل سواء في التنسيق أو الديكور  واختيار الألوان والإضاءة  والتصميمات والتي جاءت بطابع رمضاني استثنائي متفرد.
كما لا يفوتنا أيضا الحضور المميز  للمهندس مجدي دوس، ومدام نسرين فاروق، مؤسسة “السعادة”، ومدام سوزان، والأستاذ نبيل مجلع وضيوفه ذكا زكا فايز، مقار فوزي، واستيف مقار،  إلى جانب المهندس بهاء إيميل، والسيدة الفاضلة وداد الشناوي شقيقة الفنان الراحل كمال الشناوي مما أضفى على الأمسية رونقًا لا يُضاهى.
وثمن الحضور برنامج الحفل وفقراته الرمضانية الشيقة معتبرين أنه ليس مجرد مناسبة عابرة، بل هو إعلان صريح عن وحدة وإرادة الجالية المصرية والعربية في المهجر للحفاظ على تقاليدهم وإرثهم العريق، وصناعة مستقبل مشرق ينبض بروح التضامن والإخاء عبر الحدود.",2026-01-11
الناس مرعوبة من هبة مجدي ملكة الظلام,https://elbashayer.com/%d8%a7%d9%84%d9%86%d8%a7%d8%b3-%d9%85%d8%b1%d8%b9%d9%88%d8%a8%d8%a9-%d9%85%d9%86-%d9%87%d8%a8%d8%a9-%d9%85%d8%ac%d8%af%d9%8a-%d9%85%d9%84%d9%83%d8%a9-%d8%a7%d9%84%d8%b8%d9%84%d8%a7%d9%85/,elbashayer.com,"في الموسم الخامس ، وبعد عودته من الموت، يواصل ( صابر المداح ) حروبه ضد الجن ، ويضطر لمواجهة بنات إبليس كعدو جديد بأهداف خبيثة، ويسعى بكل عزمه للتغلب عليهم والتخلص من شرورهم كما اعتاد مسبقًا، كما تشهد حياته الشخصية العديد من التطورات المختلفة.
المداح هو مسلسل تلفزيوني مصري عُرض في شهر رمضان عام 1442 هـ ( 13 أبريل 2021 )، من بطولة حمادة هلال و هبة مجدي وخالد سرحان ودنيا عبد العزيز ومحمد عز، من تأليف أمين جمال ووليد أبو المجد وشريف يسري  ومن ا :  أحمد سمير فرج",2026-01-11
أتسلطن و شاهد أغنية بنك مصر في رمضان,https://elbashayer.com/%d8%a3%d8%aa%d8%b3%d9%84%d8%b7%d9%86-%d9%88-%d8%b4%d8%a7%d9%87%d8%af-%d8%a3%d8%ba%d9%86%d9%8a%d8%a9-%d8%a8%d9%86%d9%83-%d9%85%d8%b5%d8%b1-%d9%81%d9%8a-%d8%b1%d9%85%d8%b6%d8%a7%d9%86/,elbashayer.com,"كل سنه وانتم بألف خير 
والشكر الجزيل علي هذا التقدير 
العرفان البالغ لكل أطراف العمل  ” بنك مصر رمضان ٢٠٢٥  “
المخرج الكبير العظيم / تامر مهدي  علي إبداعه المذهل واخراج ومشاركه في الكلمات قلب الاحساس المبهر علي فتح الله
Brandworx Agency بأفكرها المذهله 
Begad Omran مفيش حاجه تكفيك
فريق عمل بنك مصر 
الفنان تامر عشور الذي يتصدر المشهد علي أنغامي ويحظي بالمركز الاولي والتاني والثالث متضمنه إعلان بنك مصر
مذهل مدهش مبهر 
بـ 300 ألف اعجاب في 24 ساعه
بنك مصر يتصدر المشهد الرمضاني 2025 بإصداره المبكر
ويصبح ترند علي يوتيوب وأنغامي وتويتر
الإعلان، الذي يشارك فيه الفنان تامر عاشور ونوران ابو طالب، لم يكن مجرد عرض ترويجي، بل كان رسالة قوية تبرز روح الإصرار، العزيمة، والتحدي التي تميز الشعب المصري. استطاع بنك مصر، كعادته، أن يلمس مشاعر الجمهور ويحيي الأمل في قدرة كل فرد على تحقيق النجاح رغم التحديات, هذا وقد تم الاستماع للاغنيه 150 ألف مرة في 12 ساعه علي أنغامي متصدره المشهد ويسبقها أغنيتين للفنان تامر عاشور.
وقد تفاعل رواد مواقع التواصل الاجتماعي بحماس، مشيدين بجودة الإعلان ورسائله الملهمة، مما جعله حديث الساعة ومصدر إلهام للكثيرين. يبدو أن بنك مصر قد نجح مرة أخرى في تحويل إعلانه الرمضاني إلى حدث سنوي منتظر يترقبه الجمهور بشغف، مؤكدًا مكانته كواحد من أكثر العلامات التجارية تأثيرًا في مصر.
Tamer Mahdy
Aly Fathalla
Haytham Mustafa Abdel Bassit
Tamer Ashour | تامر عاشور
Ahmed Assem مفيش حاجه حلوه من غير مجهودك
وشكر موصول للفنان محمود العسيلي انه دفع القرض اللي عليه Mahmoud El Esseily
أنا مین زي أنا مذھل مدھش
لو ھدوا الدنیا انا متھدش
عشت و شوفت و لسة مخوفتش
علشان مذھل مبھر مدھش
كل سنة وانتم طيبين ورمضان كريم 
#بنك_مصر
#رمضان_2025
#مذهل_مدهش
#مين_زيك",2026-01-11
عمدة نيويورك يدين الاسلاموفوبيا,https://elbashayer.com/%d8%b9%d9%85%d8%af%d8%a9-%d9%86%d9%8a%d9%88%d9%8a%d9%88%d8%b1%d9%83-%d9%8a%d8%af%d9%8a%d9%86-%d8%a7%d9%84%d8%a7%d8%b3%d9%84%d8%a7%d9%85%d9%88%d9%81%d9%88%d8%a8%d9%8a%d8%a7/,elbashayer.com,"أمجد مكي : يكتب من نيويورك
اتخذ عمدة مدينة نيويورك إريك آدامز موقفًا قويًا ضد الإسلاموفوبيا وجميع أشكال التعصب، معلنًا أن الكراهية لن يتم التسامح معها في المدينة.
وفي بيان، أكد آدامز للمجتمعات المسلمة وغيرها من المجتمعات الدينية أن لها الحق في العبادة في سلام، مؤكدًا أن شرطة نيويورك ستعمل على ضمان سلامتهم.
وردًا على الحوادث الأخيرة من الخطاب البغيض خارج مسجد نور الإسلام في بروكلين، أعلن آدامز أن فريقه سيجمع قادة الدين في مسجد نور الإسلام للتنديد بمثل هذه الأعمال.
ومن جانبه علق المحقق محمد أمين، مستشار عمدة نيويورك للشؤون الإسلامية، على الأمر قائلاً: “إن سلامة وكرامة مجتمعنا المسلم هي أولوية قصوى. لن نسمح للكراهية بتقسيمنا. إن شرطة مدينة نيويورك تقف إلى جانب جميع الجماعات الدينية في ضمان حقها في العبادة دون خوف”.
وتعزز هذه الخطوة التزام المدينة بالتسامح الديني والتضامن المجتمعي.",2026-01-11
تميمة نجاح الانفلونسر وقوة تأثيرهم اللي سيطرت على 72 من قرارات الجمهور,https://elbashayer.com/%d8%aa%d9%85%d9%8a%d9%85%d8%a9-%d9%86%d8%ac%d8%a7%d8%ad-%d8%a7%d9%84%d8%a7%d9%86%d9%81%d9%84%d9%88%d9%86%d8%b3%d8%b1-%d9%88%d9%82%d9%88%d8%a9-%d8%aa%d8%a3%d8%ab%d9%8a%d8%b1%d9%87%d9%85-%d8%a7%d9%84/,elbashayer.com,"في البلوج دة..  حتكتشف تميمة نجاح الانفلونسر، وقوة تأثيرهم اللي سيطرت على 72% من قرارات الجمهور وخلقوا انماط مستهلكين بثقافة رقمية متطورة
#عالم_المؤثرين
#قوة_التأثير
#صناع_المحتوى
#التسويق_الرقمي",2026-01-11
إزاي من أكلات بسيطة التكلفة خلقوا ترندات وغيروا في أنماط استهلاك المصريين للطعام ,https://elbashayer.com/%d8%a5%d8%b2%d8%a7%d9%8a-%d9%85%d9%86-%d8%a3%d9%83%d9%84%d8%a7%d8%aa-%d8%a8%d8%b3%d9%8a%d8%b7%d8%a9-%d8%a7%d9%84%d8%aa%d9%83%d9%84%d9%81%d8%a9-%d8%ae%d9%84%d9%82%d9%88%d8%a7-%d8%aa%d8%b1%d9%86%d8%af/,elbashayer.com,"“أسرار محدش حيقولهالك عن فود بلوجر الغلابة غير في #كوكب_المؤثرين! إزاي من أكلات بسيطة التكلفة خلقوا ترندات وغيروا في أنماط استهلاك المصريين للطعام !
#نفوذ_المؤثرين
#صناع_المحتوي
#التسوق_الرقمي
https://youtu.be/GNXsdb0emMk",2026-01-11
حقولك  إزاي الإنفلونسر بيكسب فلوس من السوشيال ميديا,https://elbashayer.com/%d8%ad%d9%82%d9%88%d9%84%d9%83-%d8%a5%d8%b2%d8%a7%d9%8a-%d8%a7%d9%84%d8%a5%d9%86%d9%81%d9%84%d9%88%d9%86%d8%b3%d8%b1-%d8%a8%d9%8a%d9%83%d8%b3%d8%a8-%d9%81%d9%84%d9%88%d8%b3-%d9%85%d9%86-%d8%a7/,elbashayer.com,"حقولك .. إزاي الإنفلونسر بيكسب فلوس من السوشيال ميديا ويحوله من مجرد محتوى، لبيزنس حقيقي!
#كوكب_المؤثرين
#نفوذ_المؤثرين
#صناع_المحتوي
#التسوق_الرقمي
https://youtu.be/S3TC6FpJ7Wc",2026-01-11
صندوق الدين العام بتاع الإحتلال البريطاني يلد حفيدا بإسم صندوق تصفير ديون مصر,https://elbashayer.com/%d8%b5%d9%86%d8%af%d9%88%d9%82-%d8%a7%d9%84%d8%af%d9%8a%d9%86-%d8%a7%d9%84%d8%b9%d8%a7%d9%85-%d8%a8%d8%aa%d8%a7%d8%b9-%d8%a7%d9%84%d8%a5%d8%ad%d8%aa%d9%84%d8%a7%d9%84-%d8%a7%d9%84%d8%a8%d8%b1%d9%8a/,elbashayer.com,"صندوق الدين العام بتاع الإحتلال البريطاني يلد حفيدا بإسم صندوق تصفير ديون مصر
حسن عامر
عام ١٨٧٩شكلت في مصر حكومة مختلطة بضغط شديد من الحكومتين الفرنسية والبريطانية ، القوي العظمي آنذاك . وضمت التشكيلة وزيرا للمالية بريطاني ووزيرا للمصروفات فرنسي . الأول مهمته التحكم في موارد الدولة ، والثاني التحكم في مصروفات الحكومة .
تذكرت الواقعة كما قرأتها بكل كواليس الضغوط التي مورست علي الخديوي إسماعيل ..
الواقعة الآن تتكرر بما يتفق مع العصر ..
حسن باشا هيكل شغال ماشاء الله للترويج لمشروع تصفير ديون مصر ( حلو العنوان وكلمة تصفير يعني خليها صفر )  ..
إزاي ياسي حسن ؟.
أجاب تنتقي الدولة عددا من الأصول الثقيله ، وتحول ملكيتها الي صندوق سيادي ( غير الصندوق اللي عندنا ) . ويكون الصندوق تابعا للبنك المركزي . علي أن يلتزم البنك المركزي سداد الديون وتحرير الموازنة العامة من الأقساط والفوائد والضغوط المزعجة التي يتحملها وزير المالية ، أخويا وحبيبي ..
المشروع قدم لأول مرة أمام إجتماع حضره عدد من المصرفيين العظام وبينهم هشام عز العرب رئيس التجاري الدولي ..
هشام كعبل الفكرة من أول جلسة ، وقال أمام الإجتماع ، هذا يعني وضع ٤٠٪ من الأصول تحت تصرف الأجانب ، لأن ٤٠٪ من الدين الداخلي عبارة عن مشتريات الأجانب للأوراق المالية التي تصدرها وزارة المالية . لا ياعم حسن هيكل هذا المشروع لا يصلح لمواجة أزمة الديون ، لأنه يشكل تهديدا للأمن القومي .
ونام المشروع حوالي ٦ شهور ..
وفجأة أصابته صحوة الموت  ..
إزاي؟
إتحادالغرفالتجاريةبرئاسةأحمدالوكيلزعيمإحتكاراتالأرز،دعااليمؤتمرللإستماعومناقشةصندوقالدينالذييقترحهحسنباشاهيكل ..
واليوم تردد فجأة الإقتراح كثيرا في حوارات فيس بوك ، وكأنه رسالة من السماء : ياللا إتفقوا يامصريين علي كلمة سوء يقدمها لكم حسن باشا هيكل ..
ودخلت أستاذ كرسي النفسنة الدكتورة علياء المهدي وسجلت رأيها اليوم علي صفحتها بالفيس بوك علي النحو التالي :
د. علياء المهدي : خلينانبتديالحكايةمنأولها
مصر في يناير ٢٠١١ كانت مديونيتها الخارجية ٣٥ مليار دولار أمريكي و الدين الداخلي  اقل من ترليون جنيه.
استمرّت في الاستدانة حتي بلغ الدين الأجنبي حوالي ١٦١ مليار دولار و الدين المحلي حوالي ١٢ ترليون جنيه او اكثر قليلا…في ٢٠٢٥.
الحكومة اصبحت في مأزق و تواجه صعوبة سداد المديونية…
فواحد اقتصادي اقترح أننا نصفر المديونية الحكومية !!! يعني نخليها صفر!!!!
ازاي؟؟؟
ننقل كل المديونية للبنك المركزي المصري ( اللي مفروض انه هيئة مستقلة تماما عن الحكومة)  ليتحملها هو
و في مقابل ذلك نعطيه نسبة حوالي ٧٠٪؜ من أصول الصندوق السيادي مش متأكدة من النسبة) و هو يتصرف فيها بالبيع و التحصيل و سداد الدين
طيبماذالوواجهالبنكالمركزيصعوبةفيالبيعكماواجهتالحكومةوالصندوقالسيادي؟
هل حــ يسحب ودائع الأفراد علشان يسدد بها و إلا حـ يعمل إيه بالضبط؟؟
المسألة جد : الجماعة تروج لمشروع صندوق الدين ، وتجيب واحد مش ضروري خواجة ، ممكن مصري يحمل جنسية الخواجات ومصالحهم ، وتختاره وزيرا للمالية ( مبروك عليك ياأبو علي لأنه يحمل الجنسيه البريطانية ) ، وواحد للمصروفات مصري ويحمل الجنسية الأمريكية .
وكده يبقي قفلنا مشروع مصر قد الدنيا الذي يقوده زعيمنا وقائدنا وملهمنا …
باي باي يامصريين .
ملاحظة أخيره للجماعة التي تسير الي الجحيم بإذن الله :
مش عارفين إن أزمة الديون إتحلت وإترتبت . وأن الحكومة اللي مش عجباكم نجحت في تفريغ الضغوط وترتيب المدفوعات بوتيرة مريحة . الديون الضاغطة جدا تصل نسبتها الي ٣٠٪  . وهي الديون التجارية لشركات التوريد لمحطات الكهرباء والغاز والسكة الحديد والمترو والمونوريل ومعدات الحفر العملاقة ومحطات تحلية المياة .
كل هذه الشركات والدول سوف تحصل علي حقوقها بالكامل من موارد السياحة والصادرات والخدمات اللوجستيه ..
ومش عارفين ياشطار إن ٣٠٪ من الديون جاءت من المؤسسات الدولية مثل البنك الدولي للتنمية والبنك الآسيوي للتنمية والبنك العربي للتنمية والصندوق العربي للتنمية والبنك الإفريقي للتنمية وبنك الأوبك للتنمية . كل هذه القروض حصلت عليها مصر بآجال طويلة المدي ٣٠ سنة ومعدلات فائدة لا تتجاوز ٤٪ .
وأعتقد أن نصف مليار دولار كاف سنويا لسداد الأقساط والفوائد لكل هذه المؤسسات .
القسم الثالث قروض حكومية من حكومة لحكومة مثل قرض مشروع محطة الضبعة النووية : قيمته ٢٩ مليار دولار . ويسدد من عائدات السياحة الروسية والخدمات اللوجستيه للسفن الروسية المارة بقناة السويس .
قرض المتحف الكبير وقيمته ٢ مليار دولار يسدد علي عشر سنوات .
قروض من الحكومة الصينية ويسدد خدمات وأقساط ..
هل مازالت القضية قائمة أم هي لعبة اللهو الخفي ضد مصر ..
إشجونا مرة أخري بدعواتكم السخيفة ..",2026-01-11
الريال السعودي بـ 1262 جنيه النهاردة,https://elbashayer.com/%d8%a7%d9%84%d8%b1%d9%8a%d8%a7%d9%84-%d8%a7%d9%84%d8%b3%d8%b9%d9%88%d8%af%d9%8a-%d8%a8%d9%80-12-62-%d8%ac%d9%86%d9%8a%d9%87-%d8%a7%d9%84%d9%86%d9%87%d8%a7%d8%b1%d8%af%d8%a9/,elbashayer.com,"الريال السعودي بـ 12.62 جنيه النهاردة
سعر الريال السعودى فى البنك الأهلى المصرى
12.54 جنيه للشراء.
12.62 جنيه للبيع.
سعر الريال السعودى فى بنك مصر
12.54 جنيه للشراء.
12.62 جنيه للبيع.
سعر الريال السعودى فى بنك الإسكندرية
12.56 جنيه للشراء.
12.60 جنيه للبيع.
سعر الريال السعودى فى البنك التجارى الدولى cib
12.56 جنيه للشراء.
12.61 جنيه للبيع.",2026-01-11
الدولار ثابت عند 4723 جنيه من اول امس الاجازة السبب,https://elbashayer.com/%d8%a7%d9%84%d8%af%d9%88%d9%84%d8%a7%d8%b1-%d8%ab%d8%a7%d8%a8%d8%aa-%d8%b9%d9%86%d8%af-47-23-%d8%ac%d9%86%d9%8a%d9%87-%d9%85%d9%86-%d8%a7%d9%88%d9%84-%d8%a7%d9%85%d8%b3-%d8%a7%d9%84%d8%a7%d8%ac%d8%a7/,elbashayer.com,"اليوم السبت عطلة رسمية في البنوك وعشان كدة الدولار لم يتغير منذ الخميس الماضي.
سعر الدولار في البنك الأهلي المصري
47.23 جنيه للشراء.
47.33 جنيه للبيع.
سعر الدولار في بنك مصر
47.23 جنيه للشراء.
47.33 جنيه للبيع.
سعر الدولار في بنك الإسكندرية
47.18 جنيه للشراء.
47.28 جنيه للبيع.
سعر الدولار في البنك التجاري الدولي “cib”
47.22 جنيه للشراء.
47.32 جنيه للبيع.
سعر الدولار في مصرف أبو ظبي الإسلامي
47.24 جنيه للشراء.",2026-01-11
كذب المنجمون حتى لو قطط توقعات نيمبوس تنهار أمام الفراعنة,https://elbashayer.com/%d9%83%d8%b0%d8%a8-%d8%a7%d9%84%d9%85%d9%86%d8%ac%d9%88%d9%86-%d8%ad%d8%aa%d9%89-%d9%84%d9%88-%d9%83%d8%a7%d9%86%d9%88%d8%a7-%d9%82%d8%b7%d8%b7-%d8%aa%d9%88%d9%82%d8%b9%d8%a7%d8%aa-%d9%86%d9%8a/,elbashayer.com,"نجح منتخب مصر في التأهل إلى نصف نهائي بطولة كأس الأمم الإفريقية بعد الفوز على حامل اللقب منتخب كوت ديفوار بنتيجة 3-2 للفراعنة، ضمن منافسات الدور ربع النهائي من بطولة كأس الأمم الإفريقية 2025.
وكان رواد مواقع التواصل الاجتماعي، قد تداولوا فيديو للقط الشهير نيمبوس، الذي اشتهر بتوقع نتائج المباريات الكبرى، حيث ظهر وهو يتنبأ بفوز منتخب كوت ديفوار على حساب منتخب مصر، في المواجهة المرتقبة بينهما ضمن منافسات الدور ربع النهائي لبطولة كأس الأمم الإفريقية المقامة حاليًا في المغرب.
ادعاء علم الغيب
وعن حقيقة معرفة القط بالتنبؤ بالمستقبل، قالت الدكتورة فتحية الحنفي، أستاذ الفقه بجامعة الأزهر، إنَّه من المعلوم شرعًا أنَّ من يدعي علم الغيب حرام شرعًا، لأن معرفة الغيبيات أمر لا يعلمه إلا الله سبحانه وتعالى، فلا يجوز لأي إنسان أو مخلوق الادعاء بعلم الغيب.
واستدلت «الحنفي» في تصريح صحفي، بما روِي عن أبي مسعود رضي الله عنه: ««أن رسول الله -صلى الله عليه وسلم- عن ثمن البيع وحلوان الكاهن وأمر البغي»، والمقصود بـ«حلوان الكاهن»: أي ما يتخذه العراف في ادعاء علمه للغيب مقابل المال.
وأوضحت العالمة الأزهرية، أن الحيوانات لا تنطق ولا تتكلم، ولكن قد تصدر عنها حركات تعكس ما تشعر به، وقال الله تعالى: «وَإِن مِّن شَيْءٍ إِلَّا يُسَبِّحُ بِحَمْدِهِ وَلَٰكِن لَّا تَفْقَهُونَ تَسْبِيحَهُمْ ۗ إِنَّهُ كَانَ حَلِيمًا غَفُورًا» (الإسراء: 44).
وتابعت: أن الادعاء بأن هناك قطًّا يتنبأ بعلم الغيب مستحيل منطقيًا، لأن القط لا ينطق، ولا أحد يترجم إشاراته بدقة لتأكيد معرفة الغيب، مضيفة: أن أي تكهنات تصدر عن إنسان أو حيوان لا يؤخذ بها ولا تصدق، حتى لو صادف وحدثت كما توقعوا، وذلك لليقين التام بأن الغيبيات لا يعلمها إلا الله سبحانه وتعالى، قال الله تعالى: «يَسْأَلُونَكَ عَنِ السَّاعَةِ أَيَّانَ مُرْسَاهَا ۖ قُلْ إِنَّمَا عِلْمُهَا عِندَ رَبِّي» (الأعراف: 187).
وأكدت أن النبي -صلى الله عليه وسلم- لا يعلم الغيب إلا ما علمه الله، وأن الحيوانات قد تدرك بعض الأمور بحواسها وقدراتها الفطرية، مثل استشعار تغيّرات جوية أو زلزالية، وهذا ليس علمًا بالغيب.
واختتمت أستاذ الفقه بجامعة الأزهر، بأن الغيب لا يعلمه إلا الله الواحد الأحد، فاطر السماوات والأرض، وأن الادعاء بعكس ذلك هو كذب وافتراء.",2026-01-11
ظاهرة الديجافو هل شعرت بتكرار موقف معك من قبل جبنالك التفسير العلمي,https://elbashayer.com/%d8%b8%d8%a7%d9%87%d8%b1%d8%a9-%d8%a7%d9%84%d8%af%d9%8a%d8%ac%d8%a7%d9%81%d9%88-%d9%87%d9%84-%d8%b4%d8%b9%d8%b1%d8%aa-%d8%a8%d8%aa%d9%83%d8%b1%d8%a7%d8%b1-%d9%85%d9%88%d9%82%d9%81-%d9%85%d8%b9%d9%83/,elbashayer.com,"أكدت الدكتورة شيماء البهي، أستاذ مساعد الأدوية والسموم وعلم الأعصاب السلوكي بكلية الصيدلة، أن ظاهرة الديجافو (الشعور بأن الموقف تكرر من قبل) ليست مرتبطة بما يُتداول عن رؤيتها أثناء وجود الإنسان في رحم الأم، مشددة على أن هذه التفسيرات غير علمية وتنتمي إلى النظريات الروحانية فقط.
وأضافت شيماء البهي، أن التفسير العلمي للديجافو يرجع إلى خلل مؤقت في كهرباء المخ داخل منطقة معينة مسؤولة عن الإحساس بالألفة.
وأوضحت أن من بين النظريات الشائعة والخاطئة، الاعتقاد بأن المخ يقوم بتسجيل الحدث الحالي مرتين في نفس الوقت، مؤكدة أن هذا التفسير غير دقيق علميًا، مشيرة إلى أن الفارق بين تسجيل التجربة كحدث حي وتخزينها كذكرى قد لا يتجاوز أجزاء من الثانية.
وتابعت أن الإنسان قد يكون موجودًا في مكان معين، لكن المخ يسجل المشهد مرتين بشكل متقارب جدًا، ما يولد إحساسًا قويًا بأن هذا الموقف حدث سابقًا بكل تفاصيله، رغم أنه يحدث للمرة الأولى.
وأشارت إلى أن الديجافو قد يكون مخيفًا للبعض، خاصة أصحاب الحساسية الانفعالية، إلا أنه في الغالب لحظي ولا يستمر طويلًا، موضحة أن السبب يعود إلى أن المنطقة الأمامية في المخ المسؤولة عن التخطيط والتفكير الواعي تعمل ببطء نسبي مقارنة بالذاكرة والمسارات الحسية، ما يؤدي إلى ارتباك مؤقت في الإحساس بالواقع.
وحذرت الدكتورة شيماء البهي من أن الديجافو قد يتحول إلى مؤشر مرضي في حالات نادرة، خاصة إذا كان متكررًا بشكل مبالغ فيه ومصحوبًا بأعراض أخرى مثل القيء، فقدان الوعي، أو الصداع النصفي الشديد.",2026-01-11
إحصائية صادمة 30  من السيدات يضربن أزواجهن,https://elbashayer.com/%d8%a5%d8%ad%d8%b5%d8%a7%d8%a6%d9%8a%d8%a9-%d8%b5%d8%a7%d8%af%d9%85%d8%a9-30-%d9%85%d9%86-%d8%a7%d9%84%d8%b3%d9%8a%d8%af%d8%a7%d8%aa-%d9%8a%d8%b6%d8%b1%d8%a8%d9%86-%d8%a3%d8%b2%d9%88%d8%a7%d8%ac/,elbashayer.com,"علق الدكتور جمال فرويز، استشاري الطب النفسي، على أن هناك 30 % من السيدات المتزوجات يضربن الأزواج، وأن هناك احصائية منشورة بهذه الأرقام.
وقال استشاري الطب النفسي، إنه بالفعل هذا الأمر موجود وأن الزوجات التي يضربن أزواجهن، يكونوا بصفات معينة، منها أن الزوجة بصحة قوية عن الرجل، وأن هناك حالات تكون بسبب تناول الزوج للمواد المخدرة، ويقوم بسرقة الأموال من زوجته وبعد ذلك تقوم بضربه.
وأضاف استشاري الطب النفسي، أن من بين السيدات اللواتي يضربن الأزواج، هي من تستقوي بأفراد أسرتها، وأن أحد أفراد أسرتها يعيش بجوارها.
ولفت إلى أن النوع الرابع يكون هناك بعض السيدات تعاني من أمراض نفسية وتقوم بضرب الزوج، في حالة عدم الحصول على العلاج، وأن هناك سيدات تضرب الزوج  بسبب مرض الزوج وأن النسبة الأخيرة قليلة جدا.",2026-01-11
كفاح محمود يكتب من العراق  حين تصبح المكونات العدو الأقرب,https://elbashayer.com/%d9%83%d9%81%d8%a7%d8%ad-%d9%85%d8%ad%d9%85%d9%88%d8%af-%d9%8a%d9%83%d8%aa%d8%a8-%d9%85%d9%86-%d8%a7%d9%84%d8%b9%d8%b1%d8%a7%d9%82-%d8%ad%d9%8a%d9%86-%d8%aa%d9%8f%d8%b5%d8%a8%d8%ad-%d8%a7%d9%84/,elbashayer.com,"حين تُصبح المكوّنات العدو الأقرب!
كفاح محمود
كاتب سياسي ومناضل كردي
في منطقتنا مفارقة تُشبه الكوميديا السوداء: أنظمةٌ تُظهر براعةً مذهلة في فتح القنوات مع خصومها الخارجيين، وتُتقن لغة الصفقات حين يتعلق الأمر بالخارج… لكنها تتلعثم وتتصلّب وتُفرط في التعقيد عندما يصل الحديث إلى شعوبها ومكوّناتها، كأن المصالحة مع الآخر البعيد أسهل من التفاهم مع الشريك القريب، وكأن الدولة لا تُدار كمظلّة مواطنة، بل كحلبة لإدارة التناقضات وتأجيل الحلول.
لننظر إلى المشهد بلا رتوش، في سوريا، وبينما تُرفع شعارات الوحدة وإعادة البناء، تتواصل اليوم في حلب أحداثٌ مأساوية: نزوحٌ جديد، أحياءٌ تتبدّل السيطرة عليها تحت ضغط السلاح، وقلقٌ جماعي من تكرار دورات الانتقام والعقاب الجماعي، والأشدّ ألمًا أن الإدارة السورية الجديدة تُظهر مرونةً محسوبة حين يتصل الأمر بخصوم الخارج أو بتفاهمات الضرورة، لكنها تُحسن استخدام لغة الشروط الأمنية حين تُطرح أسئلة الشراكة الداخلية.
وقبل حلب، كانت العلاقة مع الدروز والعلويين شاهدًا إضافيًا على اختلال البوصلة: بدل بناء عقد مواطنة يطمئن الجميع، تتقدّم لغة التخوين والفرز الاجتماعي، فتتعاظم المخاوف، وتُؤجَّل المصالحة، ويُستبدل الحوار الحقيقي بإدارة أزمة طويلة الأمد، أما مع الكورد، فتتكرر المعادلة ذاتها: مطالبُ بالحقوق والاعتراف والضمانات تُقابل بالتماهل والتشدد، وكأن الداخل لا يستحق ما يُمنح للخارج من حسابات باردة.
وفي العراق، تُدار العلاقات مع واشنطن ضمن مصالح وتشابكات معروفة، لكن حين يصل الملف إلى إقليم كوردستان وحقوقه الدستورية ولقمة عيش مواطنيه، تُستولد إشكاليات لا تنتهي: رواتبٌ تُقطع أو تُؤجَّل، وميزانياتٌ تُستخدم كورقة ضغط، وخطابٌ سياسي يُزايد على الشراكة بدل أن يصونها، ومع صعود التيارات الطائفية، يتحوّل الإقليم من شريكٍ دستوري إلى خصمٍ داخلي، وتصبح لغة الحقوق أقل حضورًا من لغة المناكفة والابتزاز.
ثم تأتي تركيا وإيران كنسختين متقاربتين في جوهر السلوك: مرونةٌ واسعة مع من يسمّونهم أعداء حين تتطلب المصالح ذلك، وخشونةٌ مفرطة حين يتعلق الأمر بالكورد وغيرهم داخل الحدود أو حولها، تركيا قد تُدير علاقاتٍ معقّدة وتفاهماتٍ إقليمية متغيّرة، لكنها كثيرًا ما تعود في ملف الكورد إلى مربع الأمننة بدل المواطنة، وإيران، في لحظات الحاجة، تُجيد لغة التفاوض والتهدئة مع الخارج، لكنها تُضيّق على الداخل حين تتصل المسألة بالحقوق والتمثيل والحريات.
السؤال إذن ليس: لماذا تتفاوض هذه الأنظمة؟ فالتفاوض أداة دولة وقد يكون ضرورة، السؤال الأدق: لماذا تتحول مطالب الداخل إلى تهديد وجودي، بينما يُعامل الخارج كطرف يمكن احتواؤه أو مقايضته؟ ولماذا يُقدَّم الأمن ذريعةً دائمة لتعليق السياسة وتعطيل الشراكة وشيطنة أي اختلاف؟
الجواب غالبًا يرتبط بفلسفة الحكم، الخارج يُدار بمعادلات مصالح وضمانات وأوراق ضغط، ثم اتفاق أو تهدئة، أما الداخل فيطلب حقوقًا واعترافًا وتوزيعًا عادلًا للسلطة والثروة ضمن دولة مواطنة، وهذه مطالب إن تحققت تُضعف منطق السلطة المطلقة، وتُقلّص نفوذ الأجهزة، وتُربك شبكات الزبائنية والامتيازات، وتفتح باب المساءلة؛ لذلك تُفضّل بعض الأنظمة إبقاء الداخل في حالة نزاع مُدار: أزمة لا تنتهي، ملف لا يُغلق، وتفاهمٌ بلا سقف.
الخلاصة المُرّة: عندما يصبح المواطن آخر الأولويات، تتحول المكوّنات إلى شماعات، وتغدو الدولة ساحة صراع دائم بدل أن تكون مظلة جامعة، والمخرج ليس في مزيد من الشعارات، بل في قاعدة بسيطة: اعتراف متبادل، شراكة دستورية واضحة، ومؤسسات تقيس الولاء بالكفاءة لا بالهوية، حينها فقط يصبح الداخل أولى بالاتفاق من الخارج… ويعود الوطن إلى أصحابه.",2026-01-11
تحركات نيابية جديدة دعم لأصحاب المعاشات في ملف الإيجار القديم,https://elbashayer.com/%d8%aa%d8%ad%d8%b1%d9%83%d8%a7%d8%aa-%d9%86%d9%8a%d8%a7%d8%a8%d9%8a%d8%a9-%d8%ac%d8%af%d9%8a%d8%af%d8%a9-%d8%af%d8%b9%d9%85-%d9%84%d8%a3%d8%b5%d8%ad%d8%a7%d8%a8-%d8%a7%d9%84%d9%85%d8%b9%d8%a7%d8%b4/,elbashayer.com,"قانون الإيجار القديم عاد لصدارة الاهتمام النيابي قبل بدء الفصل التشريعي الجديد، وسط تحركات لتعديل بعض بنوده بما يحقق توازنًا بين حقوق الملاك والاعتبارات الاجتماعية للمستأجرين، خاصة الفئات الأضعف.
وكشف النائب أكمل فاروق، وكيل لجنة الإسكان بمجلس الشيوخ، عن التقدم بمقترح تشريعي يستثني المستأجر الأصلي وزوجته من الإخلاء، على أن تقتصر مدد الإخلاء من 5 إلى 7 سنوات على الأبناء والأحفاد فقط، حفاظًا على استقرار كبار السن وأصحاب المعاشات.
وفيما يخص القيمة الإيجارية، شدد فاروق على رفض الزيادات الموحدة، مطالبًا بربط الزيادة بظروف كل حالة اجتماعيًا واقتصاديًا، من خلال لجان حصر تشارك فيها وزارة التضامن لتحديد زيادة عادلة لا تضر محدودي الدخل.
من جانبه، أكد النائب إيهاب منصور أن أصحاب المعاشات في مقدمة الفئات المتضررة من تطبيق القانون، إلى جانب المرأة المعيلة وذوي الإعاقة، مطالبًا بتدخل الدولة لتحمل الزيادة الإيجارية عن هذه الفئات مؤقتًا، لحين توفير وحدات سكنية بديلة، لضمان تطبيق عادل ومستقر للقانون.",2026-01-11
بكري مجلس النواب القادم هيحاسب الحكومة إن أخطأت,https://elbashayer.com/%d8%a8%d9%83%d8%b1%d9%8a-%d9%85%d8%ac%d9%84%d8%b3-%d8%a7%d9%84%d9%86%d9%88%d8%a7%d8%a8-%d8%a7%d9%84%d9%82%d8%a7%d8%af%d9%85-%d9%87%d9%8a%d8%ad%d8%a7%d8%b3%d8%a8-%d8%a7%d9%84%d8%ad%d9%83%d9%88%d9%85/,elbashayer.com,"قال الإعلامي مصطفى بكري، إن هناك أمل كبير لدى الشعب المصري في مجلس النواب القادم، خاصة مع ترشح عدد من القامات الكبيرة التي تحظى بالاحترام والتقدير، مشيراً إلى أن الرئيس السيسي له الحق الدستوري في تعيين 28 اسمًا ضمن مجلس النواب.
وأضاف مصطفى بكري خلال برنامج حقائق وأسرار المذاع على قناة صدى البلد أن دور الانعقاد السادس قد انتهى، وأن الجميع الآن بانتظار تحديد موعد انعقاد المجلس لممارسة مهامه التنظيمية والبرلمانية، مع توقع وجود جدل ونقاش واستجوابات لمحاسبة الحكومة إذا قصرت، معلقا: مجلس النواب هيحاسب الحكومة إن أخطأت.. وهيكون فيه تحرك برلماني وسياسي كبير.
وأشار إلى أن مصر منذ تولي الرئيس الحكم في يونيو 2014، حرصت على تنفيذ الاستحقاقات الدستورية، بدءاً بانتخابات مجلس النواب 2015، وصولاً لتعديلات 2019 التي أنشأت مجلس الشيوخ، مؤكداً أن المجلس الجديد سيكون منصة للحراك البرلماني والسياسي ومحاسبة الحكومة عند الحاجة.",2026-01-11
شركة النادي الأهلي دخلت نشاط الحج والعمرة مكسب بالهبل,https://elbashayer.com/%d8%b4%d8%b1%d9%83%d8%a9-%d8%a7%d9%84%d9%86%d8%a7%d8%af%d9%8a-%d8%a7%d9%84%d8%a3%d9%87%d9%84%d9%8a-%d8%af%d8%ae%d9%84%d8%aa-%d9%86%d8%b4%d8%a7%d8%b7-%d8%a7%d9%84%d8%ad%d8%ac-%d9%88%d8%a7%d9%84%d8%b9/,elbashayer.com,تعلن شركة النادي الأهلي للخدمات الرياضيه عن برامج العمره لشهر شعبان ورمضان..,2026-01-11
كذب المنجمون حتى لو قطط توقعات نيمبوس تنهار أمام الفراعنة,https://elbashayer.com/%d9%83%d8%b0%d8%a8-%d8%a7%d9%84%d9%85%d9%86%d8%ac%d9%88%d9%86-%d8%ad%d8%aa%d9%89-%d9%84%d9%88-%d9%83%d8%a7%d9%86%d9%88%d8%a7-%d9%82%d8%b7%d8%b7-%d8%aa%d9%88%d9%82%d8%b9%d8%a7%d8%aa-%d9%86%d9%8a/,elbashayer.com,"نجح منتخب مصر في التأهل إلى نصف نهائي بطولة كأس الأمم الإفريقية بعد الفوز على حامل اللقب منتخب كوت ديفوار بنتيجة 3-2 للفراعنة، ضمن منافسات الدور ربع النهائي من بطولة كأس الأمم الإفريقية 2025.
وكان رواد مواقع التواصل الاجتماعي، قد تداولوا فيديو للقط الشهير نيمبوس، الذي اشتهر بتوقع نتائج المباريات الكبرى، حيث ظهر وهو يتنبأ بفوز منتخب كوت ديفوار على حساب منتخب مصر، في المواجهة المرتقبة بينهما ضمن منافسات الدور ربع النهائي لبطولة كأس الأمم الإفريقية المقامة حاليًا في المغرب.
ادعاء علم الغيب
وعن حقيقة معرفة القط بالتنبؤ بالمستقبل، قالت الدكتورة فتحية الحنفي، أستاذ الفقه بجامعة الأزهر، إنَّه من المعلوم شرعًا أنَّ من يدعي علم الغيب حرام شرعًا، لأن معرفة الغيبيات أمر لا يعلمه إلا الله سبحانه وتعالى، فلا يجوز لأي إنسان أو مخلوق الادعاء بعلم الغيب.
واستدلت «الحنفي» في تصريح صحفي، بما روِي عن أبي مسعود رضي الله عنه: ««أن رسول الله -صلى الله عليه وسلم- عن ثمن البيع وحلوان الكاهن وأمر البغي»، والمقصود بـ«حلوان الكاهن»: أي ما يتخذه العراف في ادعاء علمه للغيب مقابل المال.
وأوضحت العالمة الأزهرية، أن الحيوانات لا تنطق ولا تتكلم، ولكن قد تصدر عنها حركات تعكس ما تشعر به، وقال الله تعالى: «وَإِن مِّن شَيْءٍ إِلَّا يُسَبِّحُ بِحَمْدِهِ وَلَٰكِن لَّا تَفْقَهُونَ تَسْبِيحَهُمْ ۗ إِنَّهُ كَانَ حَلِيمًا غَفُورًا» (الإسراء: 44).
وتابعت: أن الادعاء بأن هناك قطًّا يتنبأ بعلم الغيب مستحيل منطقيًا، لأن القط لا ينطق، ولا أحد يترجم إشاراته بدقة لتأكيد معرفة الغيب، مضيفة: أن أي تكهنات تصدر عن إنسان أو حيوان لا يؤخذ بها ولا تصدق، حتى لو صادف وحدثت كما توقعوا، وذلك لليقين التام بأن الغيبيات لا يعلمها إلا الله سبحانه وتعالى، قال الله تعالى: «يَسْأَلُونَكَ عَنِ السَّاعَةِ أَيَّانَ مُرْسَاهَا ۖ قُلْ إِنَّمَا عِلْمُهَا عِندَ رَبِّي» (الأعراف: 187).
وأكدت أن النبي -صلى الله عليه وسلم- لا يعلم الغيب إلا ما علمه الله، وأن الحيوانات قد تدرك بعض الأمور بحواسها وقدراتها الفطرية، مثل استشعار تغيّرات جوية أو زلزالية، وهذا ليس علمًا بالغيب.
واختتمت أستاذ الفقه بجامعة الأزهر، بأن الغيب لا يعلمه إلا الله الواحد الأحد، فاطر السماوات والأرض، وأن الادعاء بعكس ذلك هو كذب وافتراء.",2026-01-11
تعمل ايه لو ظهرت كلمة أحمال على شاشة عداد الكهرباء الكارت,https://elbashayer.com/%d8%aa%d8%b9%d9%85%d9%84-%d8%a7%d9%8a%d9%87-%d9%84%d9%88-%d8%b8%d9%87%d8%b1%d8%aa-%d9%83%d9%84%d9%85%d8%a9-%d8%a3%d8%ad%d9%85%d8%a7%d9%84-%d8%b9%d9%84%d9%89-%d8%b4%d8%a7%d8%b4%d8%a9-%d8%b9%d8%af-3/,elbashayer.com,"فى حالة ظهور كلمة “أحمال” علي شاشة عداد الكهرباء الكارت مسبق الدفع
هذا يعني زيادة أحمال العميل وتعدي الحمل لأقصي قدرة للعداد ويُلزم العميل تخفيض أحماله لإستمرار التيار ..
قدرة العداد الأحادي مسبق الدفع 80 أمبير أي يتحمل تركيب عدد 4 تكيفات بقدرة 1.5 حصان … ” دون مشاكل “
في حالة زيادة الأحمال عن قدرة العداد .. يتم فصل التيار الكهربي لمدة خمس دقائق( للتنبيه ) ثم يعود للتيار . ويُلزم العميل تخفيض أحماله لإستمرار التيار ..
مع إستمرار الأحمال يتم فصل وعودة التيار لعدد ٣ مرات ثم يفصل ولا يتم عودة التيار إلا من خلال شركة الكهربا .
الأمر الذي يتطلب تغيير العداد ( بعداد أقصي قدرة عداد ثلاثي الأواجة )
وذلك بعد تصفية مديونية العداد القديم ..، وسداد الرسوم وتكاليف المقايسة المقررة ..، وتتحدد وفق القدرة المطلوبة والمقايسة الفنية.",2026-01-11
خناقة شوارع في الدقهلية والحصيلة 5 مصابين  عيب عليكم,https://elbashayer.com/%d8%ae%d9%86%d8%a7%d9%82%d8%a9-%d8%b4%d9%88%d8%a7%d8%b1%d8%b9-%d9%81%d9%8a-%d8%a7%d9%84%d8%af%d9%82%d9%87%d9%84%d9%8a%d8%a9-%d9%88%d8%a7%d9%84%d8%ad%d8%b5%d9%8a%d9%84%d8%a9-5-%d9%85%d8%b5%d8%a7%d8%a8/,elbashayer.com,"كشفت الأجهزة الأمنية بوزارة الداخلية ملابسات مقطع فيديو تم تداوله بمواقع التواصل الاجتماعي تضمن حدوث مشاجرة بين عدد من الأشخاص بالدقهلية.
بالفحص تبين أنه بتاريخ 7 الجاري تبلغ لمركز شرطة منية النصر بحدوث مشاجرة بين طرف أول: 3 أشخاص مصابين بجروح متفرقة، أحدهم محجوز بأحد المستشفيات لتلقى العلاج، وطرف ثان: شخصين وسيدة اثنين منهم مصابين بكدمات متفرقة، جميعهم مقيمين بدائرة المركز، لخلافات حول المصاهرة تعدى خلالها الطرفين على بعضهما باستخدام أسلحة بيضاء وعصى خشبية، محدثين إصابتهم المنوه عنها.
أمكن ضبط طرفي المشاجرة في حينه، وبمواجهتهم تبادلوا الاتهامات فيما بينهم، وأضافوا بتخلصهم من الأسلحة المستخدمة في التعدي، وتم اتخاذ الإجراءات القانونية، وتولت النيابة العامة التحقيق.",2026-01-11
مدبولي يتفقد اليوم أعمال إنشاء وتطوير عدد من المستشفيات بالقاهرة والجيزة,https://elbashayer.com/%d9%85%d8%af%d8%a8%d9%88%d9%84%d9%8a-%d9%8a%d8%aa%d9%81%d9%82%d8%af-%d8%a7%d9%84%d9%8a%d9%88%d9%85-%d8%a3%d8%b9%d9%85%d8%a7%d9%84-%d8%a5%d9%86%d8%b4%d8%a7%d8%a1-%d9%88%d8%aa%d8%b7%d9%88%d9%8a/,elbashayer.com,يتفقد الدكتور مصطفى مدبولي، رئيس مجلس الوزراء، بعد قليل أعمال إنشاء وتطوير عدد من المستشفيات بمحافظتي القاهرة والجيزة.,2026-01-11
انخفاض كبير في درجات الحرارة غدا الجمعة  تقل هدومك وشغل الدفاية,https://elbashayer.com/%d8%a7%d9%86%d8%ae%d9%81%d8%a7%d8%b6-%d9%83%d8%a8%d9%8a%d8%b1-%d9%81%d9%8a-%d8%af%d8%b1%d8%ac%d8%a7%d8%aa-%d8%a7%d9%84%d8%ad%d8%b1%d8%a7%d8%b1%d8%a9-%d8%ba%d8%af%d8%a7%d9%8b-%d8%a7%d9%84%d8%ac%d9%85/,elbashayer.com,"توقعت هيئة الأرصاد الجوية استقرارا نسبيا في حالة الطقس اليوم على أغلب الأنحاء مع طقس دافئ نهارا وشديد البرودة ليلا خاصة في الصباح الباكر.
وقالت الدكتورة منار غانم عضو المركز الإعلامي بهيئة الأرصاد الجوية، فى تصريحات للتليفزيون المصري، إن درجات الحرارة اليوم أعلى من المعدل الطبيعي بنحو خمس إلى ست درجات حيث تسجل العظمى في القاهرة الكبرى 25 درجة بينما تصل في محافظات الصعيد مثل الأقصر وأسوان إلى 30 و31 درجة.
وأوضحت الدكتورة منار غانم عضو المركز الإعلامي بهيئة الأرصاد الجوية أن المناطق الساحلية تسجل درجات حرارة أقل تتراوح بين 23 و24 درجة مع طقس دافئ شمالا ومائل للحرارة جنوبا نتيجة تأثر البلاد بكتل هوائية صحراوية وامتداد مرتفع جوي في طبقات الجو العليا.
وأضافت الدكتورة منار غانم عضو المركز الإعلامي بهيئة الأرصاد الجوية أن فترات الليل تشهد انخفاضا في درجات الحرارة مع تحسن نسبي في الصغرى مقارنة ببداية الأسبوع حيث تتراوح ما بين 12 و13 درجة مع استمرار الإحساس بالبرودة.
وأكدت الدكتورة منار غانم عضو المركز الإعلامي بهيئة الأرصاد الجوية بدء تأثير منخفض جوي سريع مساء اليوم على السواحل الشمالية الغربية يصاحبه سقوط أمطار خفيفة إلى متوسطة قد تكون غزيرة ورعدية ليلا خاصة على السواحل وشمال الوجه البحري.
وأشارت الدكتورة منار غانم عضو المركز الإعلامي بهيئة الأرصاد الجوية إلى أن حالة عدم الاستقرار تستمر 24 ساعة فقط يوم الجمعة وتشمل نشاطا قويا للرياح تصل سرعتها إلى 60 كم في الساعة على المحافظات الداخلية و70 كم في الساعة على البحر المتوسط مع ارتفاع الأمواج لأكثر من خمسة أمتار.
كما توقعت الدكتورة منار غانم عضو المركز الإعلامي بهيئة الأرصاد الجوية بأن تنخفض درجات الحرارة غدا بنحو ست إلى سبع درجات حيث تسجل العظمى في القاهرة الكبرى ما بين 18 و19 درجة مع زيادة الإحساس بالبرودة بسبب نشاط الرياح وسقوط الأمطار على أغلب محافظات شمال البلاد.",2026-01-11
شارل فؤاد المصري يكتب الزهار عين الحقيقة,https://elbashayer.com/%d8%b4%d8%a7%d8%b1%d9%84-%d9%81%d8%a4%d8%a7%d8%af-%d8%a7%d9%84%d9%85%d8%b5%d8%b1%d9%8a-%d9%8a%d9%83%d8%aa%d8%a8-%d8%a7%d9%84%d8%b2%d9%87%d8%a7%d8%b1-%d8%b9%d9%8a%d9%86-%d8%a7%d9%84%d8%ad%d9%82/,elbashayer.com,Not found,2026-01-11
شارل فؤاد المصري يكتب أحمد رفعت قلم في خدمة الوطن والإنسانية,https://elbashayer.com/%d8%b4%d8%a7%d8%b1%d9%84-%d9%81%d8%a4%d8%a7%d8%af-%d8%a7%d9%84%d9%85%d8%b5%d8%b1%d9%8a-%d9%8a%d9%83%d8%aa%d8%a8-%d8%a3%d8%ad%d9%85%d8%af-%d8%b1%d9%81%d8%b9%d8%aa-%d9%82%d9%84%d9%85-%d9%81%d9%8a/,elbashayer.com,Not found,2026-01-11
نبيل عمر يتأمل  العرب ومستقبل إيران الغامض,https://elbashayer.com/%d9%86%d8%a8%d9%8a%d9%84-%d8%b9%d9%85%d8%b1-%d9%8a%d8%aa%d8%a3%d9%85%d9%84-%d8%a7%d9%84%d8%b9%d8%b1%d8%a8-%d9%88%d9%85%d8%b3%d8%aa%d9%82%d8%a8%d9%84-%d8%a5%d9%8a%d8%b1%d8%a7%d9%86-%d8%a7%d9%84%d8%ba/,elbashayer.com,"لا يكاد يمر يوم في الإعلام الغربي والإسرائيلي صحفا وفضائيات ومواقع على الإنترنت دون حديث عن إيران، ونية الولايات المتحدة وإسرائيل في توجيه ضربات جديدة لها، ويبدو أن التفاخر الأمريكي الإسرائيلي بالضربة السابقة التي دامت 12 يوما على المنشآت الإيرانية النووية كان مبالغا فيه، ولم يرتق إلى «الأهداف» الاستراتيجية التي كانا يسعيان إليها!.
والكلام الآن يتجاوز المنشآت النووية وقواعد الصواريخ والقادة الكبار إلى تغيير النظام نفسه، وأن إيران ربما تكون على أعتاب قيادات مختلفة عن «الملالي» الذين حكموا لمدة قاربت على نصف قرن!.
وقد كتب كريم سجادبور وهو أمريكي من أصل إيراني، وباحث في مؤسسة كارنيجي للسلام الدولي، دراسة في «مجلة «فورين أفيرز»، بعنوان «خريف آيات الله: ما هو التغيير القادم إلى إيران؟»، وكارنيجي مؤسسة مستقلة كما تعلن عن نفسها، لكن لها روابط بالمخابرات المركزية الأمريكية تشي بها قرائن كثيرة، مثلا أن ويليام بارنز ترأس المؤسسة من عام 2015 إلى 2021، ثم أصبح بعدها رئيس المخابرات المركزية، وكان قبل الوظيفتين مساعدا لوزير الخارجية.. كما لو أنه كان ينتقل بين مناصب رسمية في إدارات حكومية.
يقول كريم: تشبه الجمهورية الإسلامية اليوم الاتحاد السوفيتي في مراحله الأخيرة، تحافظ على أيديولوجيتها المنهكة بالإكراه، وقياداتها المتصلبة تخشى الإصلاح، أما مجتمعها فقد انصرف عن الدولة، باختصار النظام مفلس سياسيا وماليا وعرضة للانهيار تحت وطأة الضغوط الخارجية والسخط الداخلي، وثمة احتمالات:
الأول: إذا استمر النظام على ما هو عليه، في تغليب الأيديولوجية على المصالح الوطنية، قد يشبه مستقبل إيران حاضر كوريا الشمالية، نظام لا يصمد بالشرعية الشعبية، بل بالوحشية والعزلة.
الثاني: أن ينتقل الحرس الثوري من الهيمنة إلى الحكم المطلق، ويتدخل باعتباره منقذ الأمة حارسا للوحدة الوطنية، وتحل القومية الإيرانية محل الايديولوجية الثورة الشيعية، ويحاول التوافق مع الغرب.
الثالث: تفكيك على غرار يوغوسلافيا على أسس عرقية، فقد ترى الأقليات في إضعاف مركز السلطة فرصة للثورة، وإن كانت الهوية في إيران أكثر تماسكا من التي كانت عليها في يوجوسلافيا، فـ80% من الإيرانيين إما فارسيون أو أذربيجانيون، ويتحدثون اللغة الفارسية، ويعد الأكراد أنفسهم دولة لها تاريخ متواصل لأكثر من 2500 سنة.
ومن المؤكد أن روسيا والصين سوف تعملان على استمرار الجمهورية الإسلامية شوكة دائمة في خاصرة الولايات المتحدة ومصدرا لعدم الاستقرار ونقطة خطر على الطاقة العالمية.
وبعيدا عن الصراع الغربي مع إيران بقيادة الولايات المتحدة، علينا نحن العرب أن نفكر ونسأل: ما الذي يمكن أن نفعله في ضوء هذه التصورات؟، سؤال مصيري، فإيران حتمية جغرافية في الإقليم، والعلاقات العربية الإيرانية معقدة متخمة بالتوترات والتداخلات والمناوشات السياسية والدينية لقرون طويلة، والمسألة ليست سنة وشيعة كما تبدو على السطح، فأصل الصراع منذ سقوط خلافة الإمام علي بن أبي طالب كان صراعا سياسيا على السلطة، ثم أخذ شكلا مذهبيا، يتخفى خلفه المتصارعون وهم يلحون بـ«نصوص دينية» فسروها لمصلحتهم،
وحين تفككت الدولة العباسية تحت سنابك خيول المغول، توارت الأسباب السياسية، وتصدرت «الخلافات المذهبية»، وراحت تتطور وتنتج أفكارا توسع الهوة بين الطرفين، في فهم الدين وعلاقته بالمصالح والعلاقات الحياتية، وحين نجحت ثورة آيات الله في إيران في عام 1979، وعاد الإمام الخوميني إلى طهران مكللا بالغار على سدة الحكم، عادت الأسباب السياسية تطل برأسها،وتبحث عن تصفية الحسابات القديمة، ومن هنا نبعت فكرة إيران في تصدير الثورة إلى العرب الجيران، ومغازلة المعتنقين منه
م المذهب الشيعي، فالإمام قد ظهر، وظفر بالسلطة والفتوى في طهران، فأصبح لهم «سندا»، في رفع المظالم التي يشكون منها طوال تاريخهم، وحان وقت تعويضهم بمكانة ونفوذ وسطوة!.
لعبت إيران على وتر «مناهضة إسرائيل»، حتى تكسب تأييدا شعبيا بين العرب، فالشعوب يعنيها «إيقاف» العدو الإسرائيلي عند حده، خاصة بعد غزوه لبنان، وتعديه بضرب سوريا مرات، وجرائمه ضد الفلسطينيين في الضفة وغزة والمسجد الأقصى!.
وفعلا بات لإيران وجود بارز مؤثر في صناعة القرار بعدة دول العربية، تجسده «جماعات» مسلحة موالية لها، وقد وصل الإحساس الإيراني بالقوة أن صرح على يونسي مستشار الرئيس الإيراني الأسبق حسن روحاني ( 2013-2021) في مارس 2015: «إيران اليوم إمبراطورية كما كانت عبر التاريخ، وعاصمتها بغداد حاليا».. ثم فصل العبارة وهو يضحك مع مجموعة من الطلبة: «نعم توجد سيطرة إيرانية على أربع عواصم عربية، هي بيروت ودمشق وبغداد وصنعاء».
شغل يونسي منصب وزير المخابرات الإيرانية في حكومة محمد خاتمي السابقة، أي كان يعرف ما يقول، وما يحدث في هذه الدول ويؤيد كلامه!.
قامت الدنيا وقتها ولم تقعد، إذ طلب 21 برلمانيا إيرانيا إقالته فورا، لأن تصريحاته تشكل خطرا على الأمن القومي لإيران، وشجبت بغداد التصريحات رافضة أي تدخل في شئونها الداخلية، بينما صمتت لبنان واليمن وسوريا!.
عموما، هذا التدخل الإيراني، دون أن نهمل دور الولايات المتحدة وإسرائيل، أدي إلى تفاقم الانقسامات داخل المجتمعات العربية وأسهم بدرجات مختلفة في إشعال حروب أهلية وفوضى سياسية وتمزيق النسيج الاجتماعي في اليمن وسوريا ولبنان والسلطة الفلسطينية!.
والسؤال الآن: ما الذي يمكن أن يحدث في المستقبل في حالة توجيه أمريكا وإسرائيل ضربة قوية لإيران؟.
العرب في حاجة إلى رؤية استراتيجية يجتمعون عليها ويتحركون على أساسها، لأن ضرب إيران يمكن أن ينتج تداعيات خطيرة على أمن المنطقة وسلامة دولها، خاصة الجيران المباشرين لها، فهل يفعلها العرب لو مرة دون أن ينتظروا حلولا تفرض عليهم؟.",2026-01-11
وبدأت نوات الثانوية العامة النوة الأولى تسجيل الاستمارات,https://elbashayer.com/%d9%88%d8%a8%d8%af%d8%a3%d8%aa-%d9%86%d9%88%d8%a7%d8%aa-%d8%a7%d9%84%d8%ab%d8%a7%d9%86%d9%88%d9%8a%d8%a9-%d8%a7%d9%84%d8%b9%d8%a7%d9%85%d8%a9-%d8%a7%d9%84%d9%86%d9%88%d8%a9-%d8%a7%d9%84%d8%a3%d9%88/,elbashayer.com,"تتيح غدا الأحد وزارة التربية والتعليم والتعليم الفنى، لطلاب الثانوية العامة تسجيل استمارة التقدم للامتحانات للعام الدراسى 2025،2026، ويمكن للطلاب الدخول على منصة الشهادات العامة عبر الرابط التالى لتسجيل البيانات إلكترونيا حتى 5 فبراير المقبل.
الأوراق المطلوبة لتسجيل استمارة الثانوية العامة 2026
– حافظة بلاستيكية لحفظ المستندات.
– شهادة ميلاد حديثة وصورتين منها.
– 6 صور شخصية حديثة مكتوب عليها الاسم بالكمبيوتر.
– طباعة الاستمارة الإلكترونية بالألوان مع صورة إضافية منها.
– طابعان من صندوق دعم المشروعات التعليمية فئة 10 جنيهات لكل منهما.
– صورة البطاقة الشخصية للطالب، وصورتان من بطاقة ولي الأمر مع تدوين رقم الهاتف.
– إيصالات سداد المصروفات، رسم دخول الامتحان، وتأمين التابلت (الأصل + صورتان لكل إيصال).
خطوات تسجيل الاستمارة إلكترونيًا
الدخول إلى الموقع الرسمي المخصص لتسجيل الاستمارة.
تسجيل الدخول باستخدام البريد الإلكتروني الموحد وكلمة المرور الخاصة بالطالب.
إدخال كافة البيانات الشخصية والتعليمية بدقة.
تحديد المواد الدراسية واللغة الأجنبية الثانية والمواد غير المضافة للمجموع.
مراجعة البيانات قبل الضغط على زر الحفظ.
طباعة الاستمارة وتسليمها للمدرسة لاعتمادها رسميًا وإتمام عملية التسجيل.",2026-01-11
التعليم تتيح تحميل ملفات تقييم الأداء لطلاب المصريين بالخارج الكترونيا,https://elbashayer.com/%d8%a7%d9%84%d8%aa%d8%b9%d9%84%d9%8a%d9%85-%d8%aa%d8%aa%d9%8a%d8%ad-%d8%aa%d8%ad%d9%85%d9%8a%d9%84-%d9%85%d9%84%d9%81%d8%a7%d8%aa-%d8%aa%d9%82%d9%8a%d9%8a%d9%85-%d8%a7%d9%84%d8%a3%d8%af%d8%a7/,elbashayer.com,"أكدت وزارة التربية والتعليم والتعليم الفنى، على أنه تم إتاحة تحميل النسخ الإلكترونية (PDF) من ملفات تقييم الأداء لطلاب مرحلة رياض الأطفال و طلاب الصف الأول والثاني الابتدائي وكذلك ملفات امتحانات طلاب أبناؤنا في الخارج من الصف الثالث الابتدائي وحتى الصف الثاني الثانوي ، عن طريق المنصة الإلكترونية لأبنائنا في الخارج من خلال الرابط: https://sabroad.emis.gov.eg/Exams، وذلك وفقا للجدول الرسمي المعتمد و المعلن لامتحانات الفصل الدراسي الأول 2025،2026.
وقالت وزارة التربية والتعليم، أنه تم إعلان التعليمات المنظمة لكيفية أداء الطلاب للامتحانات و كذلك كيفية التعامل مع ملفات تقييم الأداء وإرسالها بشكل إلكتروني من خلال المنصة وذلك في صفحة تحميل ملفات الامتحانات و تقييم الأداء.",2026-01-11
تظلمات وظيفة معلم مساعد بالأزهر اعرف النتيجة الآن,https://elbashayer.com/%d8%aa%d8%b8%d9%84%d9%85%d8%a7%d8%aa-%d9%88%d8%b8%d9%8a%d9%81%d8%a9-%d9%85%d8%b9%d9%84%d9%85-%d9%85%d8%b3%d8%a7%d8%b9%d8%af-%d8%a8%d8%a7%d9%84%d8%a3%d8%b2%d9%87%d8%b1-%d8%a7%d8%b9%d8%b1%d9%81-%d8%a7/,elbashayer.com,"كشف الجهاز المركزي للتنظيم والإدارة برئاسة المهندس حاتم نبيل، عن نتيجة التظلمات وقوائم الانتظار للمتقدمين في مسابقة وظيفة معلم مساعد رياض أطفال بالأزهر الشريف، إذ يمكن بسهولة الاستعلام عن نتيجة التظلمات الخاصة بوظيفة معلم مساعد وذلك عبر الدخول مباشرة إلى موقع بوابة الوظائف الحكومية من أجل الاستعلام عنها وذلك عبر اتباع عدد من الخطوات البسيطة.
خطوات الاستعلام عن نتيجة تظلمات وظيفة معلم مساعد
يمكن للمتقدمين بسهولة الاستعلام عن نتيجة تظلمات معلم مساعد، والتي توضح لهم موقفهم من عملية التقديم، وذلك عبر الدخول مباشرة إلى موقع بوابة الوظائف الحكومية، فيمكنهم الاستعلام عن موقفهم النهائي في نتيجة تظلمات وظيفة معلم مساعد عبر استخدام الرقم القومي وكود التسجيل من خلال الحساب الشخصي على بوابة الوظائف الحكومية من خلال هذا الرابط.
يمكنك الرجوع إلى قوائم الانتظار وذلك في عدة حالات والتي يمكن إيضاحها على النحو التالي:
عدم استكمال العدد المطلوب من المقبولين نهائيًا
اعتذار أحد المرشحين
عدم استيفاء أي من شروط التعيين وذلك بحسب الضوابط والقواعد المنظمة للمسابقة، لهذا يرجى الالتزام بالتعليمات المعلنة ومتابعة الموقع الرسمي للبوابة لمعرفة أي مستجدات",2026-01-11
خالد الجندي يحذر من الزواج من هذا الشخص به صفة يكرهها الله,https://elbashayer.com/%d8%ae%d8%a7%d9%84%d8%af-%d8%a7%d9%84%d8%ac%d9%86%d8%af%d9%8a-%d9%8a%d8%ad%d8%b0%d8%b1-%d9%85%d9%86-%d8%a7%d9%84%d8%b2%d9%88%d8%a7%d8%ac-%d9%85%d9%86-%d9%87%d8%b0%d8%a7-%d8%a7%d9%84%d8%b4%d8%ae%d8%b5/,elbashayer.com,"أكد الشيخ خالد الجندي، عضو المجلس الأعلى للشؤون الإسلامية، أن من أعظم ما يتقرب به العبد إلى الله حسن الخلق، مستشهدًا بموقف النبي صلى الله عليه وسلم مع أشج عبد القيس حين قال له: «إن فيك خصلتين يحبهما الله»، موضحًا أن هذا التشريف العظيم يتمناه كل إنسان، إذ أن يخبره رسول الله صلى الله عليه وسلم أن الله يحبه لصفة فيه، وكأنها رسالة من السماء بأن هذا الخلق سبب للمحبة الإلهية.
وأوضح الشيخ خالد الجندي، خلال حلقة برنامج “لعلهم يفقهون”، المذاع على قناة “dmc”، اليوم الخميس، أن الخصلتين اللتين أحبهما الله في أشج عبد القيس هما الحلم والأناة، فالحلم هو الصبر وضبط النفس، والأناة هي التروي وعدم التسرع، مؤكدًا أن هذه القيم أصبحت نادرة في زمن يغلب عليه الغضب والعصبية، مشيرًا إلى أن بعض الناس يفتخرون بعصبيتهم وكأنها ميزة، بينما هي في الحقيقة من الصفات التي يكرهها الله.
وحذر عضو المجلس الأعلى للشؤون الإسلامية من خطورة التهاون مع صفة العصبية في اختيار شريك الحياة، مؤكدًا أن من يتقدم للزواج ويصرّح بعصبيته إنما يمنح نفسه مبررًا جاهزًا للإيذاء والظلم، مشددًا على أن العصبية ليست صراحة ولا وضوحًا، بل خلل في الأخلاق يجب علاجه لا القبول به.
وأشار الشيخ خالد الجندي إلى أن النبي صلى الله عليه وسلم قال: «إن الله رفيق يحب الرفق في الأمر كله»، وقال أيضًا: «يسروا ولا تعسروا وبشروا ولا تنفروا»، موضحًا أن الرفق هو أساس الحياة الزوجية السعيدة، وأن البيوت لا تُبنى على الغضب والانفعال، وإنما على الحلم والسكينة وحسن المعاشرة.
وأكد على أن الأخلاق تُكتسب بالتعلم والتدريب كما قال النبي صلى الله عليه وسلم: «إنما العلم بالتعلم، وإنما الحلم بالتحلم»، داعيًا الشباب والفتيات إلى حسن الاختيار، وعدم الانخداع بالشعارات الزائفة، لأن الزواج مسؤولية عظيمة لا تحتمل العصبية ولا التهور، وإنما تقوم على المودة والرحمة والوقار.",2026-01-11
شيخان يكذب أحدهما الآخر فمن نصدق,https://elbashayer.com/%d8%b4%d9%8a%d8%ae%d8%a7%d9%86-%d9%8a%d9%83%d8%b0%d8%a8-%d8%a3%d8%ad%d8%af%d9%87%d9%85%d8%a7-%d8%a7%d9%84%d8%a2%d8%ae%d8%b1-%d9%81%d9%85%d9%86-%d9%86%d8%b5%d8%af%d9%82%d8%9f/,elbashayer.com,"معقول القرآن اتشالت منه آيات الصحابة شافوها وفاكرينها، الشيخ محمد حسان يؤكد ذلك.
ويقول الشيخ محمد حسان: قال عمر والحديث في اعلى درجة الصحة، كما بياننا أن الله تعالى رضي الله عنه بعث محمدا صلى الله عليه وسلم بالحق وانزل عليه الكتاب، فكان مما انزل الله عليه آية الرجم فين دي؟ (
وتابع حسان: اسمع اسمع الـثلاث  كلمة دول، يقول فقرأناها وعقلناها ووعيناها، والذي نفسي بيده والذي نفسي بيده، لولا أني اخشى ان يقول الناس زاد عمر بن الخطاب في كتاب الله لكتبتها بيدي، أي لكتبت اية الرجم بيدي، الشيخ والشيخة إذا زنيا فارجموهما البتة نكالا من الله والله عزيز حقكيم،  والذي نفسي بيده يقسم عمر.
وفي المقابل يرد الشيخ عثمان خميس قائلا: من ادعى ان القرآن زيد فيه حرف او نقص منه حرف، فانه كافر .
وبالحث والتحري، نوضح أن هذه الآية “الشيخ والشيخة إذا زنيا فارجموهما البتة نكالاً من الله والله عزيز حكيم” هي آية قرآنية كانت في الأصل جزءاً من سورة الأحزاب، تم نسخ لفظها (تلاوتها) وبقي حكمها الثابت شرعاً، كما ورد في الأحاديث الصحيحة عن النبي صلى الله عليه وسلم والخلفاء الراشدين، وهو ما يؤكد أن الرجم هو عقوبة ثابتة في الشريعة الإسلامية لمن زنى وهو محصن (متزوج)، وتُثبت الأدلة الشرعية الأخرى كالحديث الصحيح أن الحكم يشمل كل متزوج ومحصن وليس فقط الكبار في السن كما قد يوحي اللفظ المنسوخ، ومن ثم فإن القران الكريم حفظ من المولى عز وجل، ولم يتم تحريفه، كما يدعي ذلك الشخص الذي صمم الفيديو.",2026-01-11
هل آيات الحساب تهديد أم فرصة جديدة خالد الجندي يوضح,https://elbashayer.com/%d9%87%d9%84-%d8%a2%d9%8a%d8%a7%d8%aa-%d8%a7%d9%84%d8%ad%d8%b3%d8%a7%d8%a8-%d8%aa%d9%87%d8%af%d9%8a%d8%af-%d8%a3%d9%85-%d9%81%d8%b1%d8%b5%d8%a9-%d8%ac%d8%af%d9%8a%d8%af%d8%a9%d8%9f-%d8%ae%d8%a7/,elbashayer.com,"أكد الشيخ خالد الجندي، عضو المجلس الأعلى للشؤون الإسلامية، أن قول الله تعالى: «ووُضِعَ الكتابُ فترى المجرمين مشفقين مما فيه ويقولون يا ويلتنا ما لهذا الكتاب لا يغادر صغيرة ولا كبيرة إلا أحصاها ووجدوا ما عملوا حاضرًا ولا يظلم ربك أحدًا» يفتح باب الفهم العميق لمعنى التهديد الإلهي، موضحًا أن الآية قد يراها بعض الناس تهديدًا مباشرًا، بينما تحمل في حقيقتها معنى أوسع وأشمل.
وأوضح عضو المجلس الأعلى للشؤون الإسلامية، خلال حلقة خاصة بعنوان “حوار الأجيال”، ببرنامج “لعلهم يفقهون”، المذاع على قناة “dmc”، اليوم الأربعاء، أن التهديد والفرصة الجديدة لا يتعارضان ولا يتنافران، بل يجتمعان في سياق واحد، فكل تهديد هو في حقيقته تنبيه للإنسان ومنحه فرصة جديدة لمراجعة نفسه وتصحيح مساره قبل أن يأتي وقت الحساب الذي لا ينفع فيه اعتذار ولا ندم.
وضرب الشيخ خالد الجندي مثالًا لذلك بتنبيه رجل المرور لشخص بعدم المخالفة، مشيرًا إلى أن هذا التنبيه يبدو في ظاهره تهديدًا، لكنه في حقيقته إتاحة فرصة جديدة وعدم توقيع العقوبة، وكذلك حين يُطلب من شخص أن يخفض صوته، فالمعنى الظاهر تحذير، بينما الباطن مسامحة عما مضى إذا استُفيد من الفرصة.
وأشار إلى أن السياق القرآني في هذه الآيات جاء مترابطًا ومتصاعدًا، يبدأ بمشاهد كونية عظيمة ثم ينتقل إلى عرض الخلق على الله سبحانه وتعالى، وصولًا إلى وضع الكتاب، ليعيش الإنسان المشهد كاملًا وكأنه جزء من القصة، فيدرك خطورة اللحظة ويستعد لها.
ولفت الشيخ خالد الجندي إلى دقة التعبير القرآني في قوله تعالى «لا يغادر صغيرة ولا كبيرة»، حيث بدأ بالصغائر لأن الاستهانة بها هي التي تُهلك الإنسان، إذ تتراكم من كلمة ونظرة وابتسامة وسخرية حتى تثقل الميزان، موضحًا أن كلمة «يغادر» تعني يترك، أي أن هذا الكتاب لا يترك شيئًا إلا أحصاه، في رسالة واضحة بضرورة الانتباه لكل ما يصدر عن الإنسان صغيرًا كان أو كبيرًا.",2026-01-11
ترتيب هدافي كأس الأمم الإفريقية بعد هدف محمد صلاح,https://elbashayer.com/%d8%aa%d8%b1%d8%aa%d9%8a%d8%a8-%d9%87%d8%af%d8%a7%d9%81%d9%8a-%d9%83%d8%a3%d8%b3-%d8%a7%d9%84%d8%a3%d9%85%d9%85-%d8%a7%d9%84%d8%a5%d9%81%d8%b1%d9%8a%d9%82%d9%8a%d8%a9-%d8%a8%d8%b9%d8%af-%d9%87%d8%af/,elbashayer.com,"واصل محمد صلاح تألقه في كأس أمم إفريقيا بعدما قاد منتخب مصر إلى نصف النهائي لمواجهة نارية مع منتخب السنغال.
وحقق منتخب مصر فوزًا مثيرًا على كوت ديفوار في ربع النهائي بنتيجة 3-2، حيث ساهم محمد صلاح في صناعة الهدف الثاني وتسجيل الهدف الثالث.
ونال محمد صلاح جائزة رجل مباراة مصر وكوت ديفوار بعدما رفع رصيده من الأهداف في هذه النسخة إلى 4 أهداف.
https://twitter.com/i/status/2010082833692287403
وبذلك ارتفع رصيد محمد صلاح من الأهداف في تاريخه بكأس أمم إفريقيا إلى 11 هدفًا خلال خمس نسخ شارك فيها.
تساوى محمد صلاح مع فيكتور أوسيمين لاعب منتخب نيجيريا في المركز الثاني بترتيب هدافي كأس أمم إفريقيا 2025 برصيد 4 أهداف، خلف المتصدر إبراهيم دياز الذي سجل 5 أهدافًا في 5 مباريات.
ترتيب هدافي كأس أمم إفريقيا بعد مباراة مصر وكوت ديفوار
إبراهيم دياز (المغرب) – 5 أهداف.
محمد صلاح (مصر) – 4 أهداف.
فيكتور أوسيمين (نيجيريا) – 4 أهداف.
أديمولا لوكمان (نيجيريا) – 3 أهداف.
أماد ديالو (كوت ديفوار) – 3 أهداف.
رياض محرز (الجزائر) – 3 أهداف.
لاسين سينايوكو (مالي) – 3 أهداف.
أيوب الكعبي (المغرب) – 3 أهداف.",2026-01-11
الليلة عيد شوف المهرجان المصري في قلب أغادير,https://elbashayer.com/%d8%a7%d9%84%d9%84%d9%8a%d9%84%d8%a9-%d8%b9%d9%8a%d8%af-%d8%b4%d9%88%d9%81-%d8%a7%d9%84%d9%85%d9%87%d8%b1%d8%ac%d8%a7%d9%86-%d8%a7%d9%84%d9%85%d8%b5%d8%b1%d9%8a-%d9%81%d9%8a-%d9%82%d9%84%d8%a8/,elbashayer.com,"احتفل لاعبو منتخب مصر بالفوز المثير على كوت ديفوار والتأهل إلى نصف نهائي كأس الأمم الإفريقية، عقب مباراة قوية انتهت بنتيجة 3-2، وأقيمت على ملعب أدرار بمدينة أغادير المغربية، ضمن منافسات الدور ربع النهائي.
شاهد الفيديو من هنا
وشهدت المباراة أداءً قتاليًا من لاعبي الفراعنة، تُوج بتحقيق الفوز وحجز بطاقة العبور إلى الدور نصف النهائي، وسط أجواء من الفرحة الكبيرة داخل أرض الملعب عقب صافرة النهاية.
وبهذا الانتصار، يستعد منتخب مصر لخوض مواجهة قوية أمام منتخب السنغال في نصف نهائي البطولة القارية، في لقاء مرتقب يسعى خلاله الفراعنة لمواصلة مشوارهم نحو اللقب.
ومن المقرر أن تُقام مباراة مصر والسنغال يوم الأربعاء 14 يناير، في تمام الساعة السابعة مساءً بتوقيت القاهرة، على أن يتم الإعلان رسميًا عن الملعب المستضيف للمباراة في وقت لاحق.",2026-01-11
الأرصاد بتقولكم انخفاض جديد في الطقس الإثنين والثلاثاء المقبلين,https://elbashayer.com/%d8%a7%d9%84%d8%a3%d8%b1%d8%b5%d8%a7%d8%af-%d8%a8%d8%aa%d9%82%d9%88%d9%84%d9%83%d9%85-%d8%a7%d9%86%d8%ae%d9%81%d8%a7%d8%b6-%d8%ac%d8%af%d9%8a%d8%af-%d9%81%d9%8a-%d8%a7%d9%84%d8%b7%d9%82%d8%b3-%d8%a7/,elbashayer.com,"أكدت الدكتورة منار غانم، عضو المركز الإعلامي بهيئة الأرصاد الجوية، أن الأسبوع الحالي يشهد تقلبات جوية مهمة، مع بداية موسم الشتاء والفترة الأولى من طوبة، موضحة أن يومي الاثنين والثلاثاء المقبلين سيشهدان منخفضًا جويًا متعمقًا في طبقات الجو العليا، ما سيؤدي إلى أمطار متفاوتة الشدة على المحافظات الساحلية، خاصة المطلة على البحر المتوسط وشمالي الوجه البحري، مع نشاط ملحوظ للرياح واضطراب في الملاحة البحرية.
وأوضحت منار غانم، خلال مداخلة هاتفية مع الإعلامية كريمة عوض، ببرنامج “حديث القاهرة”، عبر شاشة “القاهرة والناس”، أن درجات الحرارة ستظل منخفضة، حيث تصل العظمى في القاهرة الكبرى خلال النهار إلى 19-20 درجة مئوية، لكنها تنخفض إلى 18 درجة خلال الاثنين والثلاث، مع برودة شديدة في الليل تصل إلى الصقيع في وسط سيناء والوادي الجديد، فيما تكون الصغرى بالقاهرة ما بين 10 و12 درجة مئوية.
وحذرت منار غانم، من الشبورة المائية صباحًا على الطرق الزراعية السريعة القريبة من المسطحات المائية، كما نبهت إلى ضرورة ارتداء الملابس الشتوية الثقيلة في فترات الليل، مضيفة أن نشاط الرياح قد يثير بعض الرمال والأتربة في الأماكن المكشوفة، خصوصًا في المناطق الصحراوية ذات الظاهر.
وشددت منار غانم، على أهمية متابعة النشرات الجوية خلال الأسبوع لمتابعة تفاصيل الأمطار وكمياتها، وخاصة في السواحل الشمالية الغربية وشمالي الوجه البحري، مشيرة إلى أن الفترة الحالية تتطلب الحذر وعدم الانخداع بالاستقرار المؤقت للطقس خلال النهار.",2026-01-11
سمك مصر ملك الأسواق اكتفاء ذاتي 93 والأول إفريقيا والسادس عالميا,https://elbashayer.com/%d8%b3%d9%85%d9%83-%d9%85%d8%b5%d8%b1-%d9%85%d9%84%d9%83-%d8%a7%d9%84%d8%a3%d8%b3%d9%88%d8%a7%d9%82-%d8%a7%d9%83%d8%aa%d9%81%d8%a7%d8%a1-%d8%b0%d8%a7%d8%aa%d9%8a-93-%d9%88%d8%a7%d9%84%d8%a3%d9%88/,elbashayer.com,"الدكتور محمد سلامة رئيس الإدارة المركزية للثروة السمكية، أكد إن مصر حققت اكتفاء ذاتي من الأسماك بنسبة 93%، وده نتيجة الاعتماد الكبير على الاستزراع السمكي اللي بيوفر حوالي 80% من إجمالي الإنتاج.
سلامة وضح إن السبب الرئيسي لارتفاع أسعار السمك في الأسواق هو العلف، لأنه بيمثل 80% من غذاء الأسماك أثناء التربية، غير كمان ارتفاع أسعار الطاقة اللي زوّد تكلفة الإنتاج وظهر تأثيره على السعر النهائي للمستهلك.
وأشار إن الاستزراع السمكي بقى ركيزة أساسية للأمن الغذائي، وإن تحسين نظم التربية وتوفير أعلاف بكفاءة أعلى هو الطريق الحقيقي للسيطرة على الأسعار، مع مراقبة التكاليف ورفع كفاءة الإنتاج علشان السمك يوصل للمواطن بسعر مناسب ومن غير ما الجودة تتأثر
كمان مصر بتحتل المركز الأول أفريقيًا والسادس عالميًا في الاستزراع السمكي، وده بيعكس حجم التطور اللي حصل في القطاع",2026-01-11
شاشات صنع في مصر تغزو بيوت الشرق الأوسط وإفريقيا,https://elbashayer.com/%d8%b4%d8%a7%d8%b4%d8%a7%d8%aa-%d8%b5%d9%86%d8%b9-%d9%81%d9%8a-%d9%85%d8%b5%d8%b1-%d8%aa%d8%ba%d8%b2%d9%88-%d8%a8%d9%8a%d9%88%d8%aa-%d8%a7%d9%84%d8%b4%d8%b1%d9%82-%d8%a7%d9%84%d8%a3%d9%88/,elbashayer.com,"تكاد لا تخلو دولة في منطقة الشرق الأوسط وشمال وشرق أفريقيا من تلفزيون يحمل شعار: صنع في مصر
ومن بين العلامات التجارية التي تصنعها سواعدنا المصرية: سامسونج، وإل جي، وكاجيتو، وهاير، وفريش، وتورنيدو، ولونج لايف، وبلوتو.
وهذه الصورة من المراحل النهائية لإنتاج تلفزيونات شاومي بمصنعها في مدينة السادس من أكتوبر، والذي تصل قياسات الشاشات التي يُنتجها إلى: ٨٥ بوصة",2026-01-11
غزو صناعي صيني لمصر 51 شركة تنتقل و7 قلاع عملاقة تستعد للهبوط,https://elbashayer.com/%d8%ba%d8%b2%d9%88-%d8%b5%d9%86%d8%a7%d8%b9%d9%8a-%d8%b5%d9%8a%d9%86%d9%8a-%d9%84%d9%85%d8%b5%d8%b1-51-%d8%b4%d8%b1%d9%83%d8%a9-%d8%aa%d9%86%d8%aa%d9%82%d9%84-%d9%887-%d9%82%d9%84%d8%a7%d8%b9-%d8%b9/,elbashayer.com,"غزو صناعي صيني لمصر.. أعلنت نحو 51 شركة صينية خلال عام 2025 للانتقال إلى مصر لإقامة مشروعات صناعية في مجالات الملابس الجاهزة والأجهزة الطبية والإطارات والأجهزة المنزلية والهواتف الذكية والأدوات المكتبية وغيرها من الصناعات المختلفة.
وتستعد نحو 7 قلاع صناعية صينية عملاقة للدخول إلى السوق المصري في قطاعات تصنيع السيارات وبطاريات تخزين الكهرباء والأسمدة الفوسفاتية وزجاج الألواح الشمسية.",2026-01-11
خفاجي يشارك احتفالات الكنيسة المصرية في الكويت بعيد الميلاد المجيد,https://elbashayer.com/%d8%ae%d9%81%d8%a7%d8%ac%d9%8a-%d9%8a%d8%b4%d8%a7%d8%b1%d9%83-%d8%a7%d8%ad%d8%aa%d9%81%d8%a7%d9%84%d8%a7%d8%aa-%d8%a7%d9%84%d9%83%d9%86%d9%8a%d8%b3%d8%a9-%d8%a7%d9%84%d9%85%d8%b5%d8%b1/,elbashayer.com,"بدعوة من نيافة الدكتور الأنبا أنطونيوس مطران القدس والكويت والشرق، والقمص بيجول الأنبا بيشوي، راعي كاتدرائية مار مرقس للأقباط الأرثوذكس بدولة الكويت، شارك المهندس محمد عبد اللاه خفاجي، عضو الاتحاد العام للمصريين بالخارج، ورئيس رابطة أبناء أبوتشت بدولة الكويت، احتفال الكنيسة القبطية المصرية بدولة الكويت قداس عيد الميلاد المجيد في كاتدرائية مار مرقس للأقباط الأرثوذكس، وسط حضور رسمي ودبلوماسي ومجتمعي رفيع، وحشد كبير من أبناء الكنيسة والجاليات المقيمة.
وعبر خفاجي عن سعادته بحضور الاحتفال الذي يرسخ روح الأخوة والمحبة بين أبناء مصر في الخارج، مؤكدا أن هذه المناسبة تجسد قيماً إنسانية ترسخ روح المحبة والتعايش بين المصريين، وتؤكد على وحدة النسيج الوطني المصري ، كما تعكس مدى أصالة الشعب المصري الممتدة عبر آلاف السنين.
و قدم خفاجي التهنئة للقمص بيجول الأنبا بيشوي والاخوة الاقباط بمناسبة الأعياد، متمنياً لهم دوام الرخاء، ولمصرنا الغالية دوام التقدم والنجاح، في ظل القيادة الرشيدة للرئيس عبد الفتاح السيسي.
ومن جانبه، نقل راعي الكنيسة المصرية القمص بيجول الأنبا بيشوي، في مستهل كلمته، تهنئة بطريرك الكرازة المرقسية في مصر وكل بلاد المهجر، الأنبا تواضروس الثاني، ومطران القدس والكويت والشرق الأدنى، نيافة الأنبا أنطونيوس، وكهنة الكاتدرائية المرقسية في الكويت، الى المشاركين في احتفال الميلاد المجيد، وأمنياتهم وصلواتهم بأن يعم السلام والتنمية والرخاء في كل ربوع البشرية.
وترجع جذور الكنيسة القبطية الأرثوذكسية بدولة الكويت إلى خمسينيات القرن الماضي، إذ بدأت أعداد الأقباط الذين يفدون إلى العمل بالكويت تتزايد، في وقت كانت الكنيستان الكاثوليكية والإنجيلية مشيدتين في الكويت.
حيث وجه قداسة البابا كيرلس السادس في عام 1960 خطابا إلى أمير الكويت حينذاك الشيخ عبد الله السالم يشكره فيه على ما يقابله المسيحيون الأرثوذكس المقيمون بالكويت من رعاية، مطالبا الموافقة للتصريح ببناء كنيسة أرثوذكسية بالكويت لتأدية الشعائر الدينية الخاصة بالأقباط الأرثوذكس؛ حيث تمت الموافقة على بناء الكنيسة وتم تشييدها في عام 1961.
وأقيم أول قداس أقيم بالكنيسة المصرية بالكويت في 17 من شهر يونيو 1961 بمناسبة العيد الأول لاستقلال دولة الكويت .",2026-01-11
بسام راضي ينقل تهنئة الرئيس السيسي للجالية القبطية في إيطاليا بعيد الميلاد,https://elbashayer.com/%d8%a8%d8%b3%d8%a7%d9%85-%d8%b1%d8%a7%d8%b6%d9%8a-%d9%8a%d9%86%d9%82%d9%84-%d8%aa%d9%87%d9%86%d8%a6%d8%a9-%d8%a7%d9%84%d8%b1%d8%a6%d9%8a%d8%b3-%d8%a7%d9%84%d8%b3%d9%8a%d8%b3%d9%8a-%d9%84%d9%84%d8%ac/,elbashayer.com,"نقل السفير بسام راضي رسالة التهنئة من الرئيس السيسي للجالية المصرية القبطية بايطاليا بمناسبة عيد الميلاد المجيد وذلك أثناء حضوره قداس الاحتفال يرافقه السفير حسين السحرتى سفير مصر في الفاتيكان، والسيد العقيد محمد شاهين الملحق العسكري المصري بالسفارة، وجميع أعضاء السفارة المصرية بروما وذلك بمقر كنيسة ماريجرجس بروما وذلك بحضور الانبا برنابا اسقف تورينو وروما،
وقد تلى بسام راضي رسالة الرئيس إلى الجاليات القبطية المصرية بالخارج ونصها:
“الأخوة والأخوات أقباط مصر بالخارج، يسعدني أن أبعث إليكم بأخلص التهاني القلبية وأصدق التمنيات بمناسبة الاحتفال بعيد الميلاد المجيد. واغتنم هذه المناسبة الطيبة كي أعرب عن أمنياتي لكم بدوام التوفيق والنجاح، داعيًا الله أن يجعله عيدًا سعيدًا مباركًا، وأن يعيده عليكم بكل الخير والسعادة، وأن ينعم على مصرنا الغالية بدوام الرقي والرخاء. وكل عام وأنتم بخير.”
عبد الفتاح السيسي رئيس جمهورية مصر العربية.
واضاف بسام راضي ان ميلاد السيد المسيح عيسى بن مريم عليه السلام، ذكرى احتفالية نستحضر خلالها قيمة إنسانية خالدة؛ نبيٌّ جاء من اجل السلام، ودعا إلى المحبة فجعل من الإيمان جسرًا بين السماء والأرض وليكون عليه السلام رسالة خير للإنسانية كلها.",2026-01-11
البابا تواضروس يستقبل الأساقفة والكهنة بالكاتدرائية المرقسية للتهنئة بعيد الميلاد,https://elbashayer.com/%d8%a7%d9%84%d8%a8%d8%a7%d8%a8%d8%a7-%d8%aa%d9%88%d8%a7%d8%b6%d8%b1%d9%88%d8%b3-%d9%8a%d8%b3%d8%aa%d9%82%d8%a8%d9%84-%d8%a7%d9%84%d8%a3%d8%b3%d8%a7%d9%82%d9%81%d8%a9-%d9%88%d8%a7%d9%84%d9%83%d9%87/,elbashayer.com,"استقبل البابا تواضروس الثاني بابا الإسكندرية بطريرك الكرازة المرقسية آباء وأساقفة الكنيسة القبطية الأرثوذكسية بالكاتدرائية المرقسية بالعباسية وذلك لتقديم التهنئة بعيد الميلاد.
جاء ذلك صباح يوم عيد الميلاد وسط أجواء من البهجة والفرحة.
ومن المقرر أن يستقبل البابا تواضروس بعد قليل مسئولي الدولة والشخصيات العامة بالكاتدرائية للتهنئة بعيد الميلاد المجيد.
كان البابا تواضروس قد ترأس قداس عيد الميلاد المجيد مساء أمس بكاتدرائية ميلاد المسيح بالعاصمة الجديدة.",2026-01-11
أغذية يحتاجها كبار السن لتعزيز المناعة وتقوية العظام والعضلات,https://elbashayer.com/%d8%a3%d8%ba%d8%b0%d9%8a%d8%a9-%d9%8a%d8%ad%d8%aa%d8%a7%d8%ac%d9%87%d8%a7-%d9%83%d8%a8%d8%a7%d8%b1-%d8%a7%d9%84%d8%b3%d9%86-%d9%84%d8%aa%d8%b9%d8%b2%d9%8a%d8%b2-%d8%a7%d9%84%d9%85%d9%86%d8%a7%d8%b9/,elbashayer.com,"كشفت الدكتورة مها خليفة، استشاري التغذية الإكلينيكية والصحة العامة، عن أبرز التحديات الصحية والغذائية التي يواجهها كبار السن، مشددة على أهمية الاهتمام بالبروتين لتعزيز المناعة والحفاظ على صحة العضلات والعظام.
وأضافت مها خليفة أن كبار السن الذين تجاوزوا 65 عامًا يعانون من ضعف المناعة الطبيعي مع التقدم في العمر، كما أن بعضهم يواجه صعوبة في هضم الطعام أو مضغه نتيجة مشاكل في الأسنان، إضافة إلى تراجع العضلات وهشاشة العظام.
وأوضحت أن هناك مجموعة من العوامل التي تجعل كبار السن أكثر عرضة للأمراض، منها ضعف الحركة، قلة التهوية في المنزل، نقص الاهتمام بالنظافة الشخصية، والشعور بالوحدة نتيجة فقد شريك الحياة أو العيش بمفردهم، ما يؤدي إلى تقليل تناولهم للطعام وبالتالي نقص العناصر الغذائية المهمة.
وأكدت الدكتورة مها خليفة أن البروتين عنصر أساسي يجب أن يكون حاضرًا في وجبات كبار السن يوميًا، مشيرة إلى أن الدراسات الحديثة أثبتت أن الحاجة اليومية للبروتين تتراوح بين 1.2 إلى 1.5 جرام لكل كيلوجرام من وزن الجسم، ما يساعد على بناء الخلايا، تصنيع الإنزيمات والهرمونات، وتقوية الخلايا المناعية.
وأضافت أن مصادر البروتين تشمل اللحوم البيضاء والحمراء، الأسماك، البيض، والبقوليات، لكنها أوضحت أن البقوليات لا توفر البروتين الكامل للجسم وقد يصعب هضمها على بعض كبار السن الذين يعانون من مشاكل في الجهاز الهضمي.",2026-01-11
مدبولي يطمئن المرضى على جودة الخدمات المقدمة في مستشفى أورام دار السلام,https://elbashayer.com/%d9%85%d8%af%d8%a8%d9%88%d9%84%d9%8a-%d9%8a%d8%b7%d9%85%d8%a6%d9%86-%d8%a7%d9%84%d9%85%d8%b1%d8%b6%d9%89-%d8%b9%d9%84%d9%89-%d8%ac%d9%88%d8%af%d8%a9-%d8%a7%d9%84%d8%ae%d8%af%d9%85%d8%a7%d8%aa/,elbashayer.com,"حرص الدكتور مصطفى مدبولي، رئيس مجلس الوزراء، خلال تفقده مشروع أعمال التطوير بمستشفى أورام دار السلام “هرمل سابقا”، على القيام بزيارة غير مرتبة للمبني القائم للمستشفى وإجراء عدد من الحوارات الودية مع بعض المترددين للتعرف عن قرب عن مستوى الخدمات المقدمة من خلال المستشفى، خاصة بعد انتقال الإدارة لمعهد جوستاف روسي الفرنسي، حيث أكدوا جميعا على ما لمسوه من تطور في تقديم الخدمات الطبية، وتحسن فى مستوى الأداء لهذه الخدمات.
وسأل رئيس الوزراء مرضى من السيدات الحضور، عن مستوى الخدمة، وتوافر الأطباء والأدوية، وأكدن رضاءهن عن مستوى الخدمة المقدمة.",2026-01-11
وزارة الصحة تطلق حملة توعوية لصحة الفم والأسنان,https://elbashayer.com/%d9%88%d8%b2%d8%a7%d8%b1%d8%a9-%d8%a7%d9%84%d8%b5%d8%ad%d8%a9-%d8%aa%d8%b7%d9%84%d9%82-%d8%ad%d9%85%d9%84%d8%a9-%d8%aa%d9%88%d8%b9%d9%88%d9%8a%d8%a9-%d9%84%d8%b5%d8%ad%d8%a9-%d8%a7%d9%84%d9%81%d9%85/,elbashayer.com,"أعلنت وزارة الصحة والسكان، من خلال الإدارة العامة للأسنان، إطلاق حملة توعوية متخصصة في صحة الفم والأسنان تستهدف متلقي خدمات الصحة النفسية، بالتعاون مع الأمانة العامة للصحة النفسية وعلاج الإدمان.
أوضح الدكتور حسام عبدالغفار، المتحدث الرسمي للوزارة، أن الحملة تأتي في إطار حرص الوزارة على تقديم خدمات صحية متكاملة للفئات الأولى بالرعاية، بهدف رفع الوعي بأهمية صحة الفم والأسنان لدى متلقي خدمات الصحة النفسية، ودعمهم لتحسين حالتهم الصحية العامة.
من جانبه، قال الدكتور بيتر وجيه، مساعد وزير الصحة للشؤون العلاجية، إن الحملة تستمر 10 أيام، وتستهدف تقديم خدمات التوعية والفحص لنحو 5671 من متلقي خدمات الصحة النفسية.
تشمل الأنشطة ورش عمل تفاعلية وترفيهية، فحوصات فموية مجانية، إرشادات حول النظافة الفموية السليمة، بالإضافة إلى التنسيق مع أقسام الصحة النفسية لضمان رعاية شاملة.
أكد الدكتور أيمن عباس، رئيس الإدارة المركزية للأمانة العامة للصحة النفسية، أن دمج الرعاية النفسية مع الجسدية، وخاصة صحة الفم والأسنان، يُعد محورًا أساسيًا في منظومة الرعاية، مشيرًا إلى دوره في تحسين جودة حياة متلقي الخدمات ودعم تعافيهم.
بدورها، أوضحت الدكتورة منى إبراهيم البيار، مدير الإدارة العامة لطب الأسنان، أن الأنشطة ينفذها فريق التوعية والتواصل المجتمعي بالإدارة، ضمن خطة الوزارة للارتقاء بصحة الفم والأسنان، ودعم متلقي خدمات الصحة النفسية لانعكاس إيجابي على حياتهم.",2026-01-11
اشتري سيارات وأجهزة إلكترونية من مزاد المالية جهز 400 جنيه بس,https://elbashayer.com/%d8%a7%d8%b4%d8%aa%d8%b1%d9%8a-%d8%b3%d9%8a%d8%a7%d8%b1%d8%a7%d8%aa-%d9%88%d8%a3%d8%ac%d9%87%d8%b2%d8%a9-%d8%a5%d9%84%d9%83%d8%aa%d8%b1%d9%88%d9%86%d9%8a%d8%a9-%d9%85%d9%86-%d9%85%d8%b2%d8%a7%d8%af/,elbashayer.com,"تعلن الهيئة العامة للخدمات الحكومية التابعة لوزارة المالية عن تنظيم مزاد علني لبيع مركبات النيابات وبضائع الجمارك بمطارات القاهرة والإسكندرية ومطروح والسلوم، ضمن خطتها للتصرف في الأصناف المخزنة وفق الضوابط القانونية.
ويشمل المزاد سيارات ملاكي ونقل وميكروباص وبيك أب وتكاتك من ماركات عالمية متنوعة، بالإضافة إلى بضائع متعددة مثل أجهزة إلكترونية، ساعات ذكية، أقمشة وملابس، أدوات كهربائية وطبية، مستلزمات منزلية وزراعية، وقطع غيار.
تُعقد جلسات المزاد يوم 14 يناير لمركبات النيابات و15 يناير للبضائع، بقاعة نادي الجيزة الرياضي الساعة 12 ظهرًا.
ثمن كراسة الشروط 400 جنيه، وتأمين دخول المزاد 50 ألف جنيه، مع سداد 30% فور رسو المزاد والباقي خلال 15 يومًا. البيع بدون عمولة، والمعاينة شرط أساسي للمشاركة.",2026-01-11
عظمة شكل التصميم الجديد لقطارات ترام الرمل بالإسكندرية,https://elbashayer.com/%d8%b9%d8%b8%d9%85%d8%a9-%d8%b4%d9%83%d9%84-%d8%a7%d9%84%d8%aa%d8%b5%d9%85%d9%8a%d9%85-%d8%a7%d9%84%d8%ac%d8%af%d9%8a%d8%af-%d9%84%d9%82%d8%b7%d8%a7%d8%b1%d8%a7%d8%aa-%d8%aa%d8%b1%d8%a7%d9%85-%d8%a7/,elbashayer.com,"كشفت محافظة الإسكندرية قبل قليل التفاصيل النهائية لمشروع تطوير ترام الرمل التاريخي والذي يمتد بطول 13.1 كيلومتر ويضم إجمالي 24 محطة.
أعلنت المحافظة أنه سيتم رفع 9 محطات لتصبح علوية بهدف تفادي التقاطعات المرورية في حين سيتم الإبقاء على 14 محطة سطحية إلى جانب محطة واحدة نفقية هي محطة “الجامعة” ومن المقرر أن يسهم مشروع تطوير ترام الرمل في رفع سرعة التشغيل من 11 كيلومترًا في الساعة إلى 80 كيلومترًا في الساعة مع تقليص زمن الرحلة من نحو ساعة كاملة إلى 33 دقيقة فضلًا عن زيادة الطاقة الاستيعابية من 80 ألف راكب يوميًا إلى نحو 220 ألف راكب يوميًا.
يتميز القطار الجديد بسرعة تشغيلية تصل إلى 80 كيلومترًا في الساعة، وبسعة تبلغ نحو 610 ركاب، فيما يشمل المشروع رفع مسار الترام بالكامل ليصبح علويًا، باستثناء محطة واحدة ستكون نفقية (محطة الجامعة)، وذلك لتجنّب التقاطع مع حركة مرور السيارات وتحسين انسيابية النقل داخل الإسكندرية.",2026-01-11
باي باي طوابير المرور سداد المخالفات والتظلم أونلاين في 2026,https://elbashayer.com/%d8%a8%d8%a7%d9%8a-%d8%a8%d8%a7%d9%8a-%d8%b7%d9%88%d8%a7%d8%a8%d9%8a%d8%b1-%d8%a7%d9%84%d9%85%d8%b1%d9%88%d8%b1-%d8%b3%d8%af%d8%a7%d8%af-%d8%a7%d9%84%d9%85%d8%ae%d8%a7%d9%84%d9%81%d8%a7%d8%aa-%d9%88/,elbashayer.com,"مع بداية عام 2026، أتاحت النيابة العامة والإدارة العامة للمرور عدة وسائل إلكترونية لسداد مخالفات المرور دون الحاجة للذهاب إلى وحدات المرور، عبر مواقع النيابة العامة، والإدارة العامة للمرور، وبوابة مصر الرقمية.
ويتم السداد بإدخال بيانات السيارة أو الرقم القومي، ثم الاطلاع على المخالفات المسجلة واختيار وسيلة الدفع المناسبة سواء ببطاقات الدفع الإلكتروني أو من خلال خدمات فوري وأمان أو مكاتب البريد والبنوك المعتمدة.
كما يمكن تقديم تظلم على المخالفات إلكترونيًا عبر موقع النيابة العامة، من خلال تسجيل الدخول، اختيار خدمات المرور، تحديد المخالفة محل التظلم وبيان السبب، دون الحاجة للحضور الشخصي.",2026-01-11
تحركات نيابية جديدة دعم لأصحاب المعاشات في ملف الإيجار القديم,https://elbashayer.com/%d8%aa%d8%ad%d8%b1%d9%83%d8%a7%d8%aa-%d9%86%d9%8a%d8%a7%d8%a8%d9%8a%d8%a9-%d8%ac%d8%af%d9%8a%d8%af%d8%a9-%d8%af%d8%b9%d9%85-%d9%84%d8%a3%d8%b5%d8%ad%d8%a7%d8%a8-%d8%a7%d9%84%d9%85%d8%b9%d8%a7%d8%b4/,elbashayer.com,"قانون الإيجار القديم عاد لصدارة الاهتمام النيابي قبل بدء الفصل التشريعي الجديد، وسط تحركات لتعديل بعض بنوده بما يحقق توازنًا بين حقوق الملاك والاعتبارات الاجتماعية للمستأجرين، خاصة الفئات الأضعف.
وكشف النائب أكمل فاروق، وكيل لجنة الإسكان بمجلس الشيوخ، عن التقدم بمقترح تشريعي يستثني المستأجر الأصلي وزوجته من الإخلاء، على أن تقتصر مدد الإخلاء من 5 إلى 7 سنوات على الأبناء والأحفاد فقط، حفاظًا على استقرار كبار السن وأصحاب المعاشات.
وفيما يخص القيمة الإيجارية، شدد فاروق على رفض الزيادات الموحدة، مطالبًا بربط الزيادة بظروف كل حالة اجتماعيًا واقتصاديًا، من خلال لجان حصر تشارك فيها وزارة التضامن لتحديد زيادة عادلة لا تضر محدودي الدخل.
من جانبه، أكد النائب إيهاب منصور أن أصحاب المعاشات في مقدمة الفئات المتضررة من تطبيق القانون، إلى جانب المرأة المعيلة وذوي الإعاقة، مطالبًا بتدخل الدولة لتحمل الزيادة الإيجارية عن هذه الفئات مؤقتًا، لحين توفير وحدات سكنية بديلة، لضمان تطبيق عادل ومستقر للقانون.",2026-01-11
إلحق قدم على أراضي الإسكان قبل يوم 15 يناير فرصة متتعوضش,https://elbashayer.com/%d8%a5%d9%84%d8%ad%d9%82-%d9%82%d8%af%d9%85-%d8%b9%d9%84%d9%89-%d8%a3%d8%b1%d8%a7%d8%b6%d9%8a-%d8%a7%d9%84%d8%a5%d8%b3%d9%83%d8%a7%d9%86-%d9%82%d8%a8%d9%84-%d9%8a%d9%88%d9%85-15-%d9%8a%d9%86%d8%a7/,elbashayer.com,"طرح قطع أراضي جديدة للمواطنين، أعلنت وزارة الإسكان والمرافق والمجتمعات العمرانية، عن تفاصيل طرح جديد للأراضي الاستثمارية بالمدن الجديدة.
طريقة التقديم على قطع أراضي الإسكان
وأشار رئيس الجهاز إلى أن التقديم يتم إلكترونيًا بالكامل عبر موقع بوابة خدمات المستثمرين حتى (١٥) يناير ٢٠٢٦، بما يعكس توجه الدولة نحو التحول الرقمي وتسهيل الإجراءات على المستثمرين.
تفاصيل قطع أراضي الإسكان المطروحة
قطعة أرض رقم (٢١٢) – بمنطقة البوليفارد – بمساحة (٦٤٤) م² – نشاط (تجاري إداري).
قطعة أرض رقم (٧٧) – بمركز خدمات رقم (١٣) بمنطقة الإسكان الاجتماعي بمنطقة ٢٣٥٠ فدانا – بمساحة (٣٩٥٠٦) م² – نشاط ( مركز تجاري “هايبر”).
وأكد جهاز تنمية مدينة حدائق العاصمة أن الباب مفتوح أمام جميع المستثمرين الجادين للمشاركة في مسيرة التنمية الشاملة التي تشهدها المدينة، بما يتوافق مع رؤية الدولة المصرية نحو تعظيم الاستفادة من الفرص الاستثمارية بالمدن الجديدة.",2026-01-11
بشرى سارة لملاك الإيجار القديم حكم قضائي جديد بشأن إخلاء الشقق,https://elbashayer.com/%d8%a8%d8%b4%d8%b1%d9%89-%d8%b3%d8%a7%d8%b1%d8%a9-%d9%84%d9%85%d9%84%d8%a7%d9%83-%d8%a7%d9%84%d8%a5%d9%8a%d8%ac%d8%a7%d8%b1-%d8%a7%d9%84%d9%82%d8%af%d9%8a%d9%85-%d8%ad%d9%83%d9%85-%d9%82%d8%b6%d8%a7/,elbashayer.com,"الإيجار القديم.. قضت محكمة النقض مؤخرًا بتوضيح نطاق تطبيق المادة 22/2 من القانون رقم 136 لسنة 1981، والتي تحدد حالات إخلاء المستأجر الذي يمتلك مبنىً مكونًا من أكثر من ثلاث وحدات سكنية، وهو ما أسهم في إنهاء الجدل القضائي حول تفسير نص المادة.
أكدت المحكمة أن نص المادة لا يقتصر على المستأجر الذي قام ببناء العقار بنفسه، بل يمتد ليشمل جميع العقارات التي حصل عليها المستأجر عن طريق الشراء أو الميراث أو أي وسيلة قانونية أخرى لكسب الملكية، وبهذا، فإن نطاق تطبيق المادة أصبح أوسع ويشمل كافة أشكال ملكية العقار التي تمنح المستأجر القدرة على الاستغناء عن العين المؤجرة.
وأوضحت الهيئة القضائية أن الغرض من القانون هو تمكين المالك الأصلي من الاستغناء عن الوحدة المؤجرة بمجرد توافر بديل مملوك للمستأجر.
وأشارت المحكمة إلى أنه من غير المنطقي إعفاء من اشترى عقارًا جاهزًا من الإخلاء، بينما يُلزم من بنى العقار بنفسه، فالمبدأ القانوني يعتمد على كون المستأجر أصبح مالكًا قادرًا على الاستغناء عن الوحدة المستأجرة.
أشارت المحكمة إلى أن المؤجر ليس ملزمًا بتقديم إثباتات معقدة لتأكيد ملكية المستأجر للعقار الجديد، بل يكفي إثبات أن المستأجر يمتلك سلطة المالك على العقار، باعتبارها دعوى شخصية ناشئة عن عقد الإيجار.
وأكدت الهيئة أنه إذا كان المستأجر يمتلك عقارًا يحتوي على أكثر من ثلاث وحدات سكنية، سواء قام ببنائه أو اشترائه أو ورثه، يحق للمالك إقامة دعوى إخلاء. وتعد ملكية المستأجر لهذا العقار قرينة قانونية على أنه قادر على الاستغناء عن السكن المؤجر.",2026-01-11
