Title,Link,website,Article_Text,date
بأمر ترامب غارات أمريكية ضد داعش في سوريا انتقاما لحادث تدمر,https://www.masrawy.com/news/news_publicaffairs/details/2026/1/11/2923141/%D8%A8%D8%A3%D9%85%D8%B1-%D8%AA%D8%B1%D8%A7%D9%85%D8%A8-%D8%BA%D8%A7%D8%B1%D8%A7%D8%AA-%D8%A3%D9%85%D8%B1%D9%8A%D9%83%D9%8A%D8%A9-%D8%B6%D8%AF-%D8%AF%D8%A7%D8%B9%D8%B4-%D9%81%D9%8A-%D8%B3%D9%88%D8%B1%D9%8A%D8%A7-%D8%A7%D9%86%D8%AA%D9%82%D8%A7%D9%85%D8%A7-%D9%84%D8%AD%D8%A7%D8%AF%D8%AB-%D8%AA%D8%AF%D9%85%D8%B1#HpFeature,masrawy.com,"شنت القيادة المركزية الأمريكية ""سنتكوم"" بالتعاون مع قوات شريكة، ضربات واسعة النطاق ضد أهداف لتنظيم ""داعش"" في أنحاء سوريا، السبت، بتوجيه مباشر من الرئيس دونالد ترامب، في إطار عملية ""عين الصقر"".
وأوضحت القيادة المركزية، أن هذه الغارات تأتي كرد مباشر على هجوم التنظيم الدامي في تدمر يوم 13 ديسمبر 2025، الذي أسفر عن مقتل جنديين أمريكيين ومترجم مدني، وهو الكمين الذي دفع لإطلاق العملية رسميا في 19 ديسمبر.
ووجهت ""سنتكوم"" رسالة شديدة اللهجة للتنظيم قائلة: ""رسالتنا لا تزال صلبة: إذا ألحقتم الأذى بمقاتلينا، فسوف نعثر عليكم ونقتلكم في أي مكان في العالم، مهما حاولتم التهرب من العدالة"".
وأكد البيان أن الضربات تهدف إلى ""استئصال الإرهاب الإسلامي"" ضد المقاتلين الأمريكيين، ومنع الهجمات المستقبلية وحماية القوات الأمريكية وقوات التحالف في المنطقة.",2026-01-11
صعود وتراجع كيف تغيرت معدلات الإقبال على انتخابات البرلمان من 2010 إلى,https://www.masrawy.com/news/news_egypt/details/2026/1/10/2923102/%D8%B5%D8%B9%D9%88%D8%AF-%D9%88%D8%AA%D8%B1%D8%A7%D8%AC%D8%B9-%D9%83%D9%8A%D9%81-%D8%AA%D8%BA%D9%8A%D8%B1%D8%AA-%D9%85%D8%B9%D8%AF%D9%84%D8%A7%D8%AA-%D8%A7%D9%84%D8%A5%D9%82%D8%A8%D8%A7%D9%84-%D8%B9%D9%84%D9%89-%D8%A7%D9%86%D8%AA%D8%AE%D8%A7%D8%A8%D8%A7%D8%AA-%D8%A7%D9%84%D8%A8%D8%B1%D9%84%D9%85%D8%A7%D9%86-%D9%85%D9%86-2010-%D8%A5%D9%84%D9%89#HpFeature,masrawy.com,"تُعد نسب المشاركة في الانتخابات البرلمانية أحد أبرز المؤشرات الدالة على مستوى التفاعل الشعبي مع الحياة السياسية، وبين دورة انتخابية وأخرى، تتباين الأرقام تبعًا للظروف السياسية والاقتصادية والاجتماعية، فضلًا عن طبيعة المناخ العام المحيط بالعملية الانتخابية.
يرصد ""مصراوي، نسب المشاركة في انتخابات مجلس النواب خلال السنوات الماضية، كما يلي:
انتخابات 2026.. أعلى نسب المشاركة في السنوات الأخيرة
سجلت انتخابات مجلس النواب 2026 أعلى نسبة مشاركة مقارنة بالدورات السابقة، إذ أعلن المستشار حازم بدوي، رئيس الهيئة الوطنية للانتخابات، أن نسبة المشاركة بلغت 32.41%، بعد أن أدلى 22 مليونًا و657 ألفًا و211 ناخبًا بأصواتهم، من إجمالي 69 مليونًا و891 ألفًا و913 ناخبًا مقيدين بقاعدة بيانات الناخبين.
وأوضح رئيس الهيئة، أن عدد الأصوات الصحيحة بلغ 21 مليونًا و150 ألفًا و656 صوتًا، مقابل مليون و506 آلاف و555 صوتًا باطلًا.
انتخابات 2020.. مشاركة محدودة في ظل ظروف استثنائية
بلغت نسبة المشاركة في انتخابات مجلس النواب 2020، في المرحلة الثانية 29.5%، بحسب ما أعلنه المستشار لاشين إبراهيم، رئيس الهيئة الوطنية للانتخابات آنذاك، حيث أدلى نحو 9.2 مليون ناخب بأصواتهم من أصل 31 مليون ناخب يحق لهم التصويت في هذه المرحلة.
وجرت الانتخابات في ظل ظروف استثنائية فرضتها جائحة كورونا، مع تطبيق إجراءات احترازية مشددة داخل اللجان الانتخابية، شملت ارتداء الكمامات والالتزام بالتباعد الاجتماعي، وهو ما اعتبره مراقبون أحد العوامل المؤثرة على نسب الإقبال.
انتخابات 2015.. متوسط مشاركة دون الـ30%
أما انتخابات مجلس النواب 2015، فقد أظهرت الإحصاءات الرسمية أن متوسط نسبة المشاركة في المرحلتين بلغ 28.3%، باستثناء أربع دوائر مؤجلة، فيما سجلت هذه الدوائر نسبة مشاركة أقل وصلت إلى 19.4%.
وكشفت الأرقام عن ارتفاع نسبي في نسبة الأصوات الباطلة، إذ بلغت 9.5% في المرحلة الأولى، و6.8% في المرحلة الثانية، بينما سجلت 5.6% في الدوائر المؤجلة، بمتوسط عام قدره 7.3%.
واكتمل التشكيل القانوني للمجلس بانتخاب 568 عضوًا، إلى جانب تعيين 28 نائبًا بقرار جمهوري، ليصل إجمالي عدد الأعضاء إلى 596 نائبًا.
انتخابات 2010
في انتخابات مجلس الشعب 2010، أعلنت اللجنة العليا للانتخابات أن نسبة المشاركة في الجولة الأولى بلغت 35%، وهي من أعلى النسب المسجلة.
اقرأ أيضًا:",2026-01-11
الأرصاد تحذر من منخفض جوي قوي أمطار وبرودة شديدة تصل حد الصقيع,https://www.masrawy.com/news/news_egypt/details/2026/1/10/2923129/%D8%A7%D9%84%D8%A3%D8%B1%D8%B5%D8%A7%D8%AF-%D8%AA%D8%AD%D8%B0%D8%B1-%D9%85%D9%86-%D9%85%D9%86%D8%AE%D9%81%D8%B6-%D8%AC%D9%88%D9%8A-%D9%82%D9%88%D9%8A-%D8%A3%D9%85%D8%B7%D8%A7%D8%B1-%D9%88%D8%A8%D8%B1%D9%88%D8%AF%D8%A9-%D8%B4%D8%AF%D9%8A%D8%AF%D8%A9-%D8%AA%D8%B5%D9%84-%D8%AD%D8%AF-%D8%A7%D9%84%D8%B5%D9%82%D9%8A%D8%B9#HpFeature,masrawy.com," 
أكدت الدكتورة منار غانم، عضو المركز الإعلامي بهيئة الأرصاد الجوية، أن الأسبوع الحالي يشهد تقلبات جوية ملحوظة مع بداية موسم الشتاء والفترة الأولى من طوبة
 
وأشارت خلال مداخلة هاتفية مع الإعلامية كريمة عوض ببرنامج ""حديث القاهرة"" على قناة ""القاهرة والناس""، إلى أن يومي الاثنين والثلاثاء المقبلين سيشهدان منخفضًا جويًا متعمقًا في الطبقات العليا يؤدي إلى أمطار متفاوتة الشدة على السواحل الشمالية المطلة على البحر المتوسط وشمال الوجه البحري.
 
وقالت عضو المركز الإعلامي بهيئة الأرصاد، إن درجات الحرارة ستظل منخفضة نهارًا حيث تسجل العظمى في القاهرة الكبرى 19-20 درجة مئوية.
 
وأضافت أنها ستنخفض خلال الاثنين والثلاثاء إلى 18 درجة مع برودة شديدة ليلًا تصل إلى حد الصقيع في وسط سيناء والوادي الجديد، بينما تتراوح الصغرى في القاهرة بين 10 و12 درجة.
 
وتابعت عضو المركز الإعلامي أن الشبورة المائية ستكون كثيفة صباحًا على الطرق الزراعية والسريعة القريبة من المسطحات المائية، مؤكدةً ضرورة ارتداء الملابس الثقيلة خلال الليل، مشيرة إلى أن نشاط الرياح قد يثير الرمال والأتربة في المناطق الصحراوية المكشوفة.
 
وأكدت غانم أهمية متابعة النشرات الجوية بدقة خلال الأسبوع لمعرفة تفاصيل الأمطار وكمياتها، خاصة في السواحل الشمالية الغربية وشمال الوجه البحري، مشددةً على ضرورة الحذر وعدم الانسياق وراء الاستقرار المؤقت الذي يظهر نهارًا.",2026-01-11
عشان صلاح مؤمن زكريا يعلق على صعود منتخب مصر إلى نصف نهائي كأس الأمم,https://www.masrawy.com/sports/sports-arab-international/details/2026/1/11/2923144/-%D8%B9%D8%B4%D8%A7%D9%86-%D8%B5%D9%84%D8%A7%D8%AD-%D9%85%D8%A4%D9%85%D9%86-%D8%B2%D9%83%D8%B1%D9%8A%D8%A7-%D9%8A%D8%B9%D9%84%D9%82-%D8%B9%D9%84%D9%89-%D8%B5%D8%B9%D9%88%D8%AF-%D9%85%D9%86%D8%AA%D8%AE%D8%A8-%D9%85%D8%B5%D8%B1-%D8%A5%D9%84%D9%89-%D9%86%D8%B5%D9%81-%D9%86%D9%87%D8%A7%D8%A6%D9%8A-%D9%83%D8%A3%D8%B3-%D8%A7%D9%84%D8%A3%D9%85%D9%85#HpFeature,masrawy.com,"كتب - محمد عبد السلام: 
احتفى مؤمن زكريا لاعب الأهلي السابق بفوز منتخب مصر ضد منتخب كوت ديفوار بنتيجة ثلاثية مقابل هدفين، في المباراة التي أقيمت ضمن مواجهات دور ربع النهائي في كأس الأمم الأفريقية.
وكتب في تغريدة على حسابه بموقع التغريدات ""إكس"": ""يارب علشان كابتن حسام وصلاح"".
وسجل أهداف منتخب مصر، عمر مرموش، رامي ربيعة، محمد صلاح.
وسيلاقي منتخب مصر منتخب السنغال في مباراة بدور نصف النهائي تقام يوم الأربعاء المقبل الساعة 7 مساء بتوقيت القاهرة.",2026-01-11
حدث بالفن انهيار فنانة باكية لهذا السبب والحزن يخيم على فيروز في جنازة,https://www.masrawy.com/arts/zoom/details/2026/1/11/2923146/%D8%AD%D8%AF%D8%AB-%D8%A8%D8%A7%D9%84%D9%81%D9%86-%D8%A7%D9%86%D9%87%D9%8A%D8%A7%D8%B1-%D9%81%D9%86%D8%A7%D9%86%D8%A9-%D8%A8%D8%A7%D9%83%D9%8A%D8%A9-%D9%84%D9%87%D8%B0%D8%A7-%D8%A7%D9%84%D8%B3%D8%A8%D8%A8-%D9%88%D8%A7%D9%84%D8%AD%D8%B2%D9%86-%D9%8A%D8%AE%D9%8A%D9%85-%D8%B9%D9%84%D9%89-%D9%81%D9%8A%D8%B1%D9%88%D8%B2-%D9%81%D9%8A-%D8%AC%D9%86%D8%A7%D8%B2%D8%A9#HpFeature,masrawy.com,Not found,2026-01-11
موعد مباراة مصر المقبلة بعد الفوز على كوت ديفوار بثلاثية ,https://www.masrawy.com/sports/sports-arab-international/details/2026/1/10/2923104/%D9%85%D9%88%D8%B9%D8%AF-%D9%85%D8%A8%D8%A7%D8%B1%D8%A7%D8%A9-%D9%85%D8%B5%D8%B1-%D8%A7%D9%84%D9%85%D9%82%D8%A8%D9%84%D8%A9-%D8%A8%D8%B9%D8%AF-%D8%A7%D9%84%D9%81%D9%88%D8%B2-%D8%B9%D9%84%D9%89-%D9%83%D9%88%D8%AA-%D8%AF%D9%8A%D9%81%D9%88%D8%A7%D8%B1-%D8%A8%D8%AB%D9%84%D8%A7%D8%AB%D9%8A%D8%A9-#HpFeature,masrawy.com,"حسم منتخب مصر الأول لكرة القدم  تحت قيادة العميد حسام حسن، التأهل رسمياً إلى دور نصف النهائي من بطولة كأس الأمم الأفريقية 2025، بعد فوزه المثير والكبير اليوم على نظيره كوت ديفوار بثلاثية مقابل هدفين، في المباراة التي أقيمت بينهما على ملعب أغادير ضمن منافسات ربع النهائي.
وجاءت أهداف الفراعنة الثلاثة بتوقيع كلاً من عمر مرموش، رامي ربيعة، محمد صلاح.
وبعد التأهل اليوم، يضرب منتخب مصر موعداً نارياً مع نظيره السنغالي يوم الأربعاء المقبل الموافق 14 يناير الجاري، وذلك في تمام الساعة السابعة مساءً بتوقيت القاهرة.
والجدير بالذكر أن منتخب السنغال تأهل إلى دور نصف النهائي بعد الفوز على مالي بهدف نظيف.",2026-01-11
انفجار خط مياه رئيسي في قرية أشليم بالمنوفية ومشاهد ترصد آثار الواقعة,https://www.masrawy.com/news/masrawytv/details/2026/1/10/2922957/%D8%A7%D9%86%D9%81%D8%AC%D8%A7%D8%B1-%D8%AE%D8%B7-%D9%85%D9%8A%D8%A7%D9%87-%D8%B1%D8%A6%D9%8A%D8%B3%D9%8A-%D9%81%D9%8A-%D9%82%D8%B1%D9%8A%D8%A9-%D8%A3%D8%B4%D9%84%D9%8A%D9%85-%D8%A8%D8%A7%D9%84%D9%85%D9%86%D9%88%D9%81%D9%8A%D8%A9-%D9%88%D9%85%D8%B4%D8%A7%D9%87%D8%AF-%D8%AA%D8%B1%D8%B5%D8%AF-%D8%A2%D8%AB%D8%A7%D8%B1-%D8%A7%D9%84%D9%88%D8%A7%D9%82%D8%B9%D8%A9#hpvideos-sub,masrawy.com,Not found,2026-01-11
مسؤولة بالاتحاد الأوروبي صرف الشريحة الثانية من حزمة الدعم المالي لمصر,https://www.masrawy.com/news/masrawytv/details/2026/1/10/2922882/%D9%85%D8%B3%D8%A4%D9%88%D9%84%D8%A9-%D8%A8%D8%A7%D9%84%D8%A7%D8%AA%D8%AD%D8%A7%D8%AF-%D8%A7%D9%84%D8%A3%D9%88%D8%B1%D9%88%D8%A8%D9%8A-%D8%B5%D8%B1%D9%81-%D8%A7%D9%84%D8%B4%D8%B1%D9%8A%D8%AD%D8%A9-%D8%A7%D9%84%D8%AB%D8%A7%D9%86%D9%8A%D8%A9-%D9%85%D9%86-%D8%AD%D8%B2%D9%85%D8%A9-%D8%A7%D9%84%D8%AF%D8%B9%D9%85-%D8%A7%D9%84%D9%85%D8%A7%D9%84%D9%8A-%D9%84%D9%85%D8%B5%D8%B1#hpvideos-sub,masrawy.com,Not found,2026-01-11
رياضة الملوك والسلاطين انطلاق بطولة الشوفكان بمهرجان السياحة الرياضية,https://www.masrawy.com/news/masrawytv/details/2026/1/9/2922495/%D8%B1%D9%8A%D8%A7%D8%B6%D8%A9-%D8%A7%D9%84%D9%85%D9%84%D9%88%D9%83-%D9%88%D8%A7%D9%84%D8%B3%D9%84%D8%A7%D8%B7%D9%8A%D9%86-%D8%A7%D9%86%D8%B7%D9%84%D8%A7%D9%82-%D8%A8%D8%B7%D9%88%D9%84%D8%A9-%D8%A7%D9%84%D8%B4%D9%88%D9%81%D9%83%D8%A7%D9%86-%D8%A8%D9%85%D9%87%D8%B1%D8%AC%D8%A7%D9%86-%D8%A7%D9%84%D8%B3%D9%8A%D8%A7%D8%AD%D8%A9-%D8%A7%D9%84%D8%B1%D9%8A%D8%A7%D8%B6%D9%8A%D8%A9#hpvideos-sub,masrawy.com,Not found,2026-01-11
بأمطار ورياح قوية نوة الفيضة الكبرى تضرب الإسكندرية مبكرا,https://www.masrawy.com/news/masrawytv/details/2026/1/9/2922489/%D8%A8%D8%A3%D9%85%D8%B7%D8%A7%D8%B1-%D9%88%D8%B1%D9%8A%D8%A7%D8%AD-%D9%82%D9%88%D9%8A%D8%A9-%D9%86%D9%88%D8%A9-%D8%A7%D9%84%D9%81%D9%8A%D8%B6%D8%A9-%D8%A7%D9%84%D9%83%D8%A8%D8%B1%D9%89-%D8%AA%D8%B6%D8%B1%D8%A8-%D8%A7%D9%84%D8%A5%D8%B3%D9%83%D9%86%D8%AF%D8%B1%D9%8A%D8%A9-%D9%85%D8%A8%D9%83%D8%B1-%D8%A7#hpvideos-sub,masrawy.com,Not found,2026-01-11
أمواج عالية ورياح شديدة أمطار وأجواء شتوية على شاطئ بورسعيد ,https://www.masrawy.com/news/masrawytv/details/2026/1/9/2922423/%D8%A3%D9%85%D9%88%D8%A7%D8%AC-%D8%B9%D8%A7%D9%84%D9%8A%D8%A9-%D9%88%D8%B1%D9%8A%D8%A7%D8%AD-%D8%B4%D8%AF%D9%8A%D8%AF%D8%A9-%D8%A3%D9%85%D8%B7%D8%A7%D8%B1-%D9%88%D8%A3%D8%AC%D9%88%D8%A7%D8%A1-%D8%B4%D8%AA%D9%88%D9%8A%D8%A9-%D8%B9%D9%84%D9%89-%D8%B4%D8%A7%D8%B7%D8%A6-%D8%A8%D9%88%D8%B1%D8%B3%D8%B9%D9%8A%D8%AF-#hpvideos-sub,masrawy.com,Not found,2026-01-11
ماسك يتهم الحكومة البريطانية بـالفاشية بعد تهديدات بحجب منصة إكس,https://www.masrawy.com/news/news_publicaffairs/details/2026/1/11/2923142/%D9%85%D8%A7%D8%B3%D9%83-%D9%8A%D8%AA%D9%87%D9%85-%D8%A7%D9%84%D8%AD%D9%83%D9%88%D9%85%D8%A9-%D8%A7%D9%84%D8%A8%D8%B1%D9%8A%D8%B7%D8%A7%D9%86%D9%8A%D8%A9-%D8%A8%D9%80-%D8%A7%D9%84%D9%81%D8%A7%D8%B4%D9%8A%D8%A9-%D8%A8%D8%B9%D8%AF-%D8%AA%D9%87%D8%AF%D9%8A%D8%AF%D8%A7%D8%AA-%D8%A8%D8%AD%D8%AC%D8%A8-%D9%85%D9%86%D8%B5%D8%A9-%D8%A5%D9%83%D8%B3#hpLatest,masrawy.com,"واشنطن - (د ب أ)
اتهم الملياردير الأمريكي إيلون ماسك، الحكومة البريطانية بأنها ""فاشية"" بعدما صعدت تهديداتها بحجب منصة إكس، بسبب صور ذات طابع جنسي لنساء وأطفال يقال إنها أُنتجت بواسطة أداة الذكاء الاصطناعي الخاصة به ""جروك"".
وجاءت تصريحات ماسك ردا على رسم بياني زعم أن المملكة المتحدة تسجل أعلى عدد من الاعتقالات في العالم بسبب تعليقات على وسائل التواصل الاجتماعي، حيث كتب: ""لماذا الحكومة البريطانية فاشية إلى هذا الحد؟""، بحسب وكالة بلومبرج للأنباء.
وفي منشورات منفصلة قبل ذلك بساعات، قال ماسك إن بريطانيا تسعى إلى ""قمع حرية التعبير""، ووصف البلاد بأنها ""جزيرة سجن"".",2026-01-11
رغم إشادة لجنة التحكيم خروج المتسابق محمد ماهر من دولة التلاوة ما,https://www.masrawy.com/news/news_egypt/details/2026/1/10/2923133/%D8%B1%D8%BA%D9%85-%D8%A5%D8%B4%D8%A7%D8%AF%D8%A9-%D9%84%D8%AC%D9%86%D8%A9-%D8%A7%D9%84%D8%AA%D8%AD%D9%83%D9%8A%D9%85-%D8%AE%D8%B1%D9%88%D8%AC-%D8%A7%D9%84%D9%85%D8%AA%D8%B3%D8%A7%D8%A8%D9%82-%D9%85%D8%AD%D9%85%D8%AF-%D9%85%D8%A7%D9%87%D8%B1-%D9%85%D9%86-%D8%AF%D9%88%D9%84%D8%A9-%D8%A7%D9%84%D8%AA%D9%84%D8%A7%D9%88%D8%A9-%D9%85%D8%A7#hpLatest,masrawy.com,"أعلنت لجنة تحكيم برنامج ""دولة التلاوة"" خروج المتسابق محمد ماهر، من المسابقة بعد المرحلة الأخيرة، على الرغم من إشادتها بمهاراته وأدائه المتميز خلال الحلقات السابقة.
وأكدت اللجنة أن تلاوة شفيق كانت متقنة من الناحية الفنية والتجويدية، مشيرة إلى تمكنه من التعامل مع نصوص صعبة ومواقف مفاجئة أثناء الأداء، وهو ما أثنى عليه وكيل لجنة مراجعة المصحف بالأزهر الشريف، مؤكدًا: ""لا توجد أي أخطاء في الأداء من الناحية التجويدية أو النصية"".
 
وأوضح خبير المقامات أن المرحلة الأخيرة التي خاضها شفيق اعتمدت على طلب النصوص دون ترتيب أو تجهيز مسبق، ما جعلها من أصعب مراحل المسابقة، وأضاف: ""أعتبرها مرحلة صعبة… وأحسنت في التعامل معها"".
وعبّر الشيخ طه النعماني، عن تقديره لأداء شفيق، واصفًا ما قدمه بأنه موقف قوي ومتميز، قائلاً: ""موقف جدًا، وأجاد، وسعيد به"".
 
وعكست آراء لجنة التحكيم إجماعها على قدرة شفيق على تجاوز التحديات الفنية، إلا أن معايير التقييم الصارمة والمرحلة التنافسية أدت إلى خروجه كما أنه حصل على أقل التقييمات في الحلقة الـ18 من البرنامج إذ حصل على 271 في حين حصل منافسوه على درجات 274 و275، في حين واصلت اللجنة الإشادة بأداء باقي المتسابقين مثل: محمد ماهر، خالد عطية، وعمر علي، الذين تمكنوا من الصمود والتألق في مواجهة تحديات البرنامج. 
اقرأ أيضًا:",2026-01-11
علاء مبارك يعلق على صعود منتخب مصر إلى نصف نهائي كأس الأمم الأفريقية,https://www.masrawy.com/sports/sports-arab-international/details/2026/1/10/2923131/%D8%B9%D9%84%D8%A7%D8%A1-%D9%85%D8%A8%D8%A7%D8%B1%D9%83-%D9%8A%D8%B9%D9%84%D9%82-%D8%B9%D9%84%D9%89-%D8%B5%D8%B9%D9%88%D8%AF-%D9%85%D9%86%D8%AA%D8%AE%D8%A8-%D9%85%D8%B5%D8%B1-%D8%A5%D9%84%D9%89-%D9%86%D8%B5%D9%81-%D9%86%D9%87%D8%A7%D8%A6%D9%8A-%D9%83%D8%A3%D8%B3-%D8%A7%D9%84%D8%A3%D9%85%D9%85-%D8%A7%D9%84%D8%A3%D9%81%D8%B1%D9%8A%D9%82%D9%8A%D8%A9#hpLatest,masrawy.com,"علق علاء مبارك على فوز منتخب مصر ضد منتخب كوت ديفوار بنتيجة ثلاثية مقابل هدفين، في المباراة التي أقيمت ضمن مواجهات دور ربع النهائي في كأس الأمم الأفريقية.
وكتب في تغريدة على حسابه بموقع التغريدات ""إكس"": ""ألف مبروك فوز رجال منتخبنا الوطنى و التأهل الى دور النصف النهائي وإن شاء الله الوصول إلى المباراة النهائية"".
وفاز منتخب مصر بثلاثية مقابل هدفين، وسجل أهداف منتخب مصر كلا من: عمر مرموش، رامي ربيعة، محمد صلاح. 
وصعد منتخب مصر إلى نصف نهائي كأس الأمم الأفريقية ليلاقي منتخب السنغال الذي حجز مقعده أمس في المربع الذهبي.",2026-01-11
لدعم زميله احتفال خاص من محمد صلاح بتأهل منتخب مصر لنصف نهائي أمم أفريقيا,https://www.masrawy.com/sports/sports-arab-international/details/2026/1/10/2923126/-%D9%84%D8%AF%D8%B9%D9%85-%D8%B2%D9%85%D9%8A%D9%84%D9%87-%D8%A7%D8%AD%D8%AA%D9%81%D8%A7%D9%84-%D8%AE%D8%A7%D8%B5-%D9%85%D9%86-%D9%85%D8%AD%D9%85%D8%AF-%D8%B5%D9%84%D8%A7%D8%AD-%D8%A8%D8%AA%D8%A3%D9%87%D9%84-%D9%85%D9%86%D8%AA%D8%AE%D8%A8-%D9%85%D8%B5%D8%B1-%D9%84%D9%86%D8%B5%D9%81-%D9%86%D9%87%D8%A7%D8%A6%D9%8A-%D8%A3%D9%85%D9%85-%D8%A3%D9%81%D8%B1%D9%8A%D9%82%D9%8A%D8%A7#hpLatest,masrawy.com,"حرص قائد منتخب مصر على دعم محمد حمدي الظهير الأيسر للفراعنة، الذي تعرض للإصابة بقطع في الرباط الصليبي خلال المباراة الماضية أمام بنين.
وعقب نهاية مباراة منتخب مصر أمام كوت ديفوار، والتي انتهت لصالح الفراعنة بثلاثة أهداف مقابل هدفين، حرص صلاح على الاحتفال بتأهل الفراعنة للنهائي وهو يحمل قميص محمد حمدي في يده.
وكان محمد حمدي، تعرض للإصابة بقطع في الرباط الصليبي، خلال مشاركته في المباراة الماضية أمام بنين في ربع النهائي، التي انتهت لصالح الفراعنة بثلاثة أهداف مقابل هدف.
ويلتقي المنتخب الوطني في نصف نهائي كأس أمم أفريقيا، مع منتخب السنغال يوم الأربعاء المقبل الموافق 14 يناير الجاري، في تمام الساعة السابعة مساءً بتوقيت القاهرة.
ويطمح المنتخب الوطني، إلى استعادة لقبه القاري الغائب منذ 15 عاما، حيث كان آخر لقب توج به الفراعنة في أمم أفريقيا، كانت نسخة البطولة عام 2010.
أقرأ أيضًا:",2026-01-11
الأسود يليق بها نانسي عجرم بفستان جريء,https://www.masrawy.com/howa_w_hya/fashion-moda/details/2026/1/10/2923038/%D8%A7%D9%84%D8%A3%D8%B3%D9%88%D8%AF-%D9%8A%D9%84%D9%8A%D9%82-%D8%A8%D9%87%D8%A7-%D9%86%D8%A7%D9%86%D8%B3%D9%8A-%D8%B9%D8%AC%D8%B1%D9%85-%D8%A8%D9%81%D8%B3%D8%AA%D8%A7%D9%86-%D8%AC%D8%B1%D9%8A%D8%A1#hpLatest,masrawy.com,"كتبت- أسماء مرسي:
تألقت المطربة نانسي عجرم بإطلالة مُلفتة، وذلك من خلال مجموعة صور نشرتها عبر حسابها الرسمي بموقع الصور والفيديوهات ""إنستجرام"".
ارتدت نانسي فستانا طويلا شفافا باللون الأسود تميز بأنه بقصة ""سترابلس""، ومزينا بتطريزات لامعة، وبتصميم ضيق على الجسم، أبرز قوامها.
واعتمدت مكياجا ناعما بدرجات بألوان النيود، واختارت تصفيفة الشعر المنسدلة على الجانبين.
ونسقت مع اللوك حذاء بكعب عال باللون الفضي الأسود.
وزُينت إطلالتها بارتداء إكسسوارات مكونة من قلادة، وحلق، وأسورة.
وفقا لموقع ""Times of India ""، ارتداء الفستان الأسود خيارا مثاليا لبشرة نانسي عجرم، كما يسهل تنسيقه مع الملابس والإكسسوارات المختلفة، إضافة إلى ذلك، يمنح هذا اللون القوام مظهرا أنحف وأكثر تناسقا، ويضفي لمسة من الجاذبية على الإطلالة، ما يجعل الفستان الأسود دائما خيارا راقيا و أنيقا لأي مناسبة.",2026-01-11
فساتين لامعة وملفتة 5 نجمات يخطفن الأضواء في أول أيام 2026,https://www.masrawy.com/howa_w_hya/fashion-moda/details/2026/1/10/2922839/%D9%81%D8%B3%D8%A7%D8%AA%D9%8A%D9%86-%D9%84%D8%A7%D9%85%D8%B9%D8%A9-%D9%88%D9%85-%D9%84%D9%81%D8%AA%D8%A9-5-%D9%86%D8%AC%D9%85%D8%A7%D8%AA-%D9%8A%D8%AE%D8%B7%D9%81%D9%86-%D8%A7%D9%84%D8%A3%D8%B6%D9%88%D8%A7%D8%A1-%D9%81%D9%8A-%D8%A3%D9%88%D9%84-%D8%A3%D9%8A%D8%A7%D9%85-2026#hpLatest,masrawy.com,"كتبت- أسماء مرسي:
مع انطلاق عام 2026، حرصت عدد من النجمات على لفت الأنظار بإطلالات لامعة ومُلفتة، جمعت بين الجرأة والأناقة.
فيما يلي، 5 نجمات خطفن الأضواء بفساتين لامعة ومٌلفتة:
 اختارت الفنانة يارا السكري إطلالة هادئة ومميزة، حيث ارتدت فستانا طويلا من توقيع مصممة الأزياء جيانا يونس  باللون الموف الفاتح، مزينا بتطريزات فضية، ونسقت معه حجابا بنفس اللون.
 واعتمدت مكياجا ناعما، وزينت إطلالتها بمجوهرات ماسية مكونة من كوليه وخاتم وأسورة من تصميم ""raghida jewelry"".
نسرين طافش
 ظهرت الفنانة نسرين طافش بإطلالة جريئة ولامعة، مرتدية فستانا قصيرا فوق الركبة باللون الفضي اللامع، تميز بقصة ""الكب"" واختارت مكياجا ناعما، مع ترك خصلات شعرها منسدلة على الجانبين، وأكملت اللوك بمجوهرات بسيطة مكونة من أقراط طويلة وأسورة.
هيفاء وهبي
 تألقت الفنانة هيفاء وهبي بإطلالة أنثوية جذابة، حيث ارتدت فستانا طويلا باللون الفضي اللامع، بقصة ""الأوف شولدر"" ومزينا بتطريزات لامعة ، وتميز التصميم بقصته الضيقة التي أبرزت قوامها بانسيابية مع فتحة صدر جريئة، وهو من توقيع مصمم الأزياء اللبناني جورج حبيقة.
 واعتمدت مكياجا ناعما بدرجات النيود من تنفيذ خبيرة التجميل ماجي سمعان، مع تسريحة شعر منسدلة على الجانبين، ونسقت إطلالتها بحذاء أسود أنيق ومجوهرات من علامة ""فواياجور"" مكونة من حلق وقلادة وخاتم.
مايا دياب
 أما المطربة مايا دياب، اختارت الظهور بإطلالة جريئة ولافتة، حيث ارتدت فستانا قصيرا شبكيا باللون الأسود اللامع، مزينًا بالترتر والخرز والكريستال، وجاء بتصميم ضيق مع أكمام طويلة وياقة عالية.
 ونسّقت معه جوارب شبكية وحذاء أسود، واعتمدت مكياجا ناعما بدرجات النيود، وتسريحة شعر منسدلة على الأكتاف.
نانسي عجرم
 بينما أطلت المطربة نانسي عجرم بلوك أنيق ولامع، حيث ارتدت فستانا طويلا باللون الأبيض، مزينا بتطريزات لامعة، وجاء التصميم ضيقا ليبرز قوامها، من توقيع مصمم الأزياء اللبناني نجا سعادة.
 واعتمدت مكياجا ناعما من تنفيذ خبيرة التجميل ريتا بيركاتشي، مع تسريحة شعر منسدلة على الجانبين من توقيع المصفف اللبناني رينزي زغيب.",2026-01-11
حبيبي وصديقي محمد رمضان يعلن وفاة خاله,https://www.masrawy.com/arts/zoom/details/2026/1/10/2923134/-%D8%AD%D8%A8%D9%8A%D8%A8%D9%8A-%D9%88%D8%B5%D8%AF%D9%8A%D9%82%D9%8A-%D9%85%D8%AD%D9%85%D8%AF-%D8%B1%D9%85%D8%B6%D8%A7%D9%86-%D9%8A%D8%B9%D9%84%D9%86-%D9%88%D9%81%D8%A7%D8%A9-%D8%AE%D8%A7%D9%84%D9%87#hpLatest,masrawy.com,"أعلن الفنان محمد رمضان وفاة خاله منذ قليل، وذلك عبر ""ستوري"" حسابه الرسمي بموقع ""انستجرام"".
وكتب محمد رمضان عبر حسابه الرسمي بموقع ""انستجرام"": ""ربنا يرحمك ويسكنك فسيح جناته، خالي وصديقي وحبيبي توفي إلى رحمة الله، أسالكم الدعاء له ولمواتكم جميعا"".
ينتظر محمد رمضان عرض فيلمه ""أسد"" خلال الفترة المقبلة، بمشاركة ل من رزان جمال، كمال الباشا، علي قاسم، ماجد الكدواني، تأليف محمد دياب وشيرين دياب، وإخراج محمد دياب.
تدور أحداث فيلم أسد في إطار من الدراما التاريخية، حول قصة علي بن محمد الفارسي، والذي قاد ثورة العبيد التي استمرت لمدة 14 عامًا خلال فترة الحكم العباسي.
اقرأ أيضا:",2026-01-11
تكريم محمد صبحي في حفل افتتاح مهرجان المسرح العربي صور,https://www.masrawy.com/arts/tv-theater/details/2026/1/10/2923132/%D8%AA%D9%83%D8%B1%D9%8A%D9%85-%D9%85%D8%AD%D9%85%D8%AF-%D8%B5%D8%A8%D8%AD%D9%8A-%D9%81%D9%8A-%D8%AD%D9%81%D9%84-%D8%A7%D9%81%D8%AA%D8%AA%D8%A7%D8%AD-%D9%85%D9%87%D8%B1%D8%AC%D8%A7%D9%86-%D8%A7%D9%84%D9%85%D8%B3%D8%B1%D8%AD-%D8%A7%D9%84%D8%B9%D8%B1%D8%A8%D9%8A-%D8%B5%D9%88%D8%B1#hpLatest,masrawy.com,"كرمت إدارة مهرجان المسرح العربي في دورته الـ 16 هذا العام النجم الكبير محمد صبحي، في حفل الافتتاح الذي أقيم مساء اليوم السبت بدار الأوبرا المصري، تقديرا لمسيرته الفنية.
ويأتي هذا التكريم عرفانًا من الهيئة العربية للمسرح بما قدمه محمد صبحي على مدار عقود طويلة من أعمال مسرحية خالدة شكلت وجدان أجيال متعاقبة، ونجح من خلالها في المزج بين الإبداع الفني والطرح الفكري العميق، محافظًا على هوية المسرح العربي ورسائله الإنسانية والاجتماعية.
يقام المهرجان تحت رعاية الرئيس عبد الفتاح السيسي، رئيس جمهورية مصر العربية ، وبالتعاون مع وزارة الثقافة المصرية والهيئة العربية للمسرح، وتستضيف القاهرة الدورة السادسة عشرة من مهرجان المسرح العربي، ويُعد مهرجان المسرح العربي الحدث المسرحي الأبرز على مستوى الوطن العربي، حيث تنطلق فعالياته في القاهرة بالتزامن مع اليوم العربي للمسرح، وفي تجربة تُسجل للمرة الأولى في تاريخ المهرجان.
كرّمت وزارة الثقافة، مؤخرا، الفنان الكبير محمد صبحي، ضمن فعاليات عيد الثقافة المصري، وذلك بحضور الدكتور أحمد فؤاد هنو وزير الثقافة، وعدد كبير من نجوم الفن والمثقفين والإعلاميين.
وجاء تكريم محمد صبحي تقديرًا لمشواره الفني الطويل وما قدّمه من أعمال أثرت في تاريخ الفن المصري على مدار سنوات طويلة.
وشهدت أجواء التكريم احتفاءً واسعًا بمحمد صبحي، الذي يُعد أحد أبرز رموز المسرح والفن الهادف في مصر، لما تميّزت به أعماله من طرح قضايا اجتماعية وإنسانية بأسلوب فني راقٍ جمع بين المتعة والرسالة.
وخلال كلمته أثناء التكريم، قال محمد صبحي إن «الانتماء سيمنحك الاحتواء»، مؤكدًا أن ارتباط الإنسان بوطنه وثقافته هو الأساس الحقيقي للاستقرار النفسي والنجاح، ومشيرًا إلى أن الفن له دور كبير في ترسيخ قيم الانتماء وبناء الوعي لدى الأجيال الجديدة.
اقرأ أيضا:",2026-01-11
ماسك يتهم الحكومة البريطانية بـالفاشية بعد تهديدات بحجب منصة إكس,https://www.masrawy.com/news/news_publicaffairs/details/2026/1/11/2923142/%D9%85%D8%A7%D8%B3%D9%83-%D9%8A%D8%AA%D9%87%D9%85-%D8%A7%D9%84%D8%AD%D9%83%D9%88%D9%85%D8%A9-%D8%A7%D9%84%D8%A8%D8%B1%D9%8A%D8%B7%D8%A7%D9%86%D9%8A%D8%A9-%D8%A8%D9%80-%D8%A7%D9%84%D9%81%D8%A7%D8%B4%D9%8A%D8%A9-%D8%A8%D8%B9%D8%AF-%D8%AA%D9%87%D8%AF%D9%8A%D8%AF%D8%A7%D8%AA-%D8%A8%D8%AD%D8%AC%D8%A8-%D9%85%D9%86%D8%B5%D8%A9-%D8%A5%D9%83%D8%B3#hpnews-sub,masrawy.com,"واشنطن - (د ب أ)
اتهم الملياردير الأمريكي إيلون ماسك، الحكومة البريطانية بأنها ""فاشية"" بعدما صعدت تهديداتها بحجب منصة إكس، بسبب صور ذات طابع جنسي لنساء وأطفال يقال إنها أُنتجت بواسطة أداة الذكاء الاصطناعي الخاصة به ""جروك"".
وجاءت تصريحات ماسك ردا على رسم بياني زعم أن المملكة المتحدة تسجل أعلى عدد من الاعتقالات في العالم بسبب تعليقات على وسائل التواصل الاجتماعي، حيث كتب: ""لماذا الحكومة البريطانية فاشية إلى هذا الحد؟""، بحسب وكالة بلومبرج للأنباء.
وفي منشورات منفصلة قبل ذلك بساعات، قال ماسك إن بريطانيا تسعى إلى ""قمع حرية التعبير""، ووصف البلاد بأنها ""جزيرة سجن"".",2026-01-11
بأمر ترامب غارات أمريكية ضد داعش في سوريا انتقاما لحادث تدمر,https://www.masrawy.com/news/news_publicaffairs/details/2026/1/11/2923141/%D8%A8%D8%A3%D9%85%D8%B1-%D8%AA%D8%B1%D8%A7%D9%85%D8%A8-%D8%BA%D8%A7%D8%B1%D8%A7%D8%AA-%D8%A3%D9%85%D8%B1%D9%8A%D9%83%D9%8A%D8%A9-%D8%B6%D8%AF-%D8%AF%D8%A7%D8%B9%D8%B4-%D9%81%D9%8A-%D8%B3%D9%88%D8%B1%D9%8A%D8%A7-%D8%A7%D9%86%D8%AA%D9%82%D8%A7%D9%85%D8%A7-%D9%84%D8%AD%D8%A7%D8%AF%D8%AB-%D8%AA%D8%AF%D9%85%D8%B1#hpnews-sub,masrawy.com,"شنت القيادة المركزية الأمريكية ""سنتكوم"" بالتعاون مع قوات شريكة، ضربات واسعة النطاق ضد أهداف لتنظيم ""داعش"" في أنحاء سوريا، السبت، بتوجيه مباشر من الرئيس دونالد ترامب، في إطار عملية ""عين الصقر"".
وأوضحت القيادة المركزية، أن هذه الغارات تأتي كرد مباشر على هجوم التنظيم الدامي في تدمر يوم 13 ديسمبر 2025، الذي أسفر عن مقتل جنديين أمريكيين ومترجم مدني، وهو الكمين الذي دفع لإطلاق العملية رسميا في 19 ديسمبر.
ووجهت ""سنتكوم"" رسالة شديدة اللهجة للتنظيم قائلة: ""رسالتنا لا تزال صلبة: إذا ألحقتم الأذى بمقاتلينا، فسوف نعثر عليكم ونقتلكم في أي مكان في العالم، مهما حاولتم التهرب من العدالة"".
وأكد البيان أن الضربات تهدف إلى ""استئصال الإرهاب الإسلامي"" ضد المقاتلين الأمريكيين، ومنع الهجمات المستقبلية وحماية القوات الأمريكية وقوات التحالف في المنطقة.",2026-01-11
بسبب ماس كهربائي حريق يلتهم مخزن خردة في الإسكندرية صور,https://www.masrawy.com/news/news_regions/details/2026/1/10/2923137/%D8%A8%D8%B3%D8%A8%D8%A8-%D9%85%D8%A7%D8%B3-%D9%83%D9%87%D8%B1%D8%A8%D8%A7%D8%A6%D9%8A-%D8%AD%D8%B1%D9%8A%D9%82-%D9%8A%D9%84%D8%AA%D9%87%D9%85-%D9%85%D8%AE%D8%B2%D9%86-%D8%AE%D8%B1%D8%AF%D8%A9-%D9%81%D9%8A-%D8%A7%D9%84%D8%A5%D8%B3%D9%83%D9%86%D8%AF%D8%B1%D9%8A%D8%A9-%D8%B5%D9%88%D8%B1#hpnews-sub,masrawy.com,"الإسكندرية - محمد عامر ومحمد البدري: 
سيطرت قوات الحماية المدنية بالإسكندرية على حريق نشب، مساء السبت، في مخزن خردة بمنطقة أبيس الأولي، وذلك دون حدوث أي إصابات.  
تلقى قسم شرطة ثالث المنتزه إخطاراً من إدارة شرطة النجدة بورود بلاغ يفيد ورود نشوب حريق بمنطقة أرض المعسكر بأبيس الأولى بدائرة القسم. 
وانتقل ضباط القسم وقوات الحماية المدنية رفقة سيارات الإسعاف إلى موقع البلاغ، وتبين من الفحص نشوب حريق في مخزن خردة وامتد إلى مخزن كرتون وبلاستيك على مساحة 1000متر ومخزن مواد خشبية، بسبب ماس كهربائي. 
جرى السيطرة على الحريق، وتحرر المحضر اللازم بالواقعة، وجاري العرض على النيابة العامة للتحقيق.",2026-01-11
الإسكان تخصيص المرحلة الثانية من 400 ألف وحدة سكنية إلكترونيا غدا,https://www.masrawy.com/news/realestate-news/details/2026/1/10/2923136/%D8%A7%D9%84%D8%A5%D8%B3%D9%83%D8%A7%D9%86-%D8%AA%D8%AE%D8%B5%D9%8A%D8%B5-%D8%A7%D9%84%D9%85%D8%B1%D8%AD%D9%84%D8%A9-%D8%A7%D9%84%D8%AB%D8%A7%D9%86%D9%8A%D8%A9-%D9%85%D9%86-400-%D8%A3%D9%84%D9%81-%D9%88%D8%AD%D8%AF%D8%A9-%D8%B3%D9%83%D9%86%D9%8A%D8%A9-%D8%A5%D9%84%D9%83%D8%AA%D8%B1%D9%88%D9%86%D9%8A-%D8%A7-%D8%BA%D8%AF-%D8%A7#hpnews-sub,masrawy.com,"أكد المهندس عمرو خطاب، المتحدث باسم وزارة الإسكان، أن غدًا الأحد سيشهد بدء تخصيص الوحدات السكنية للمرحلة الثانية من الطرح المجمع لـ400 ألف وحدة، مشيرًا إلى أن هذا الطرح الضخم يأتي تنفيذًا لتكليفات الرئيس عبد الفتاح السيسي بالإسراع في توفير السكن المناسب للمواطنين.
وقال خطاب خلال مداخلة هاتفية ببرنامج ""إكسترا ستوديو"" على قناة ""إكسترا نيوز""، إن المرحلة الأولى شملت طرح نحو 79 ألف وحدة.
وأضاف أن المرحلة الثانية تستكمل المسيرة لتلبية احتياجات المواطنين، مؤكدًا أن المنظومة أصبحت إلكترونية بالكامل لضمان الشفافية والعدالة في التخصيص.
تابع متحدث الإسكان أن الوزارة وفرت دعمًا فنيًا متواصلًا على مدار الساعة من خلال الخط الساخن 17620 لاستقبال الاستفسارات وحل أي مشكلات تقنية قد تواجه الحاجزين، مشيرًا إلى وجود فيديو توضيحي على منصة مصر العقارية يشرح خطوات الحجز بالتفصيل لتفادي الأخطاء.
وأكد خطاب أن التخصيص متاح للمواطنين الذين سبق لهم إبداء الرغبة وسداد جدية الحجز، مشددًا على ثقته في نجاح العملية الإلكترونية في تقديم فرص عادلة وسريعة للجميع.",2026-01-11
رغم إشادة لجنة التحكيم خروج المتسابق محمد ماهر من دولة التلاوة ما,https://www.masrawy.com/news/news_egypt/details/2026/1/10/2923133/%D8%B1%D8%BA%D9%85-%D8%A5%D8%B4%D8%A7%D8%AF%D8%A9-%D9%84%D8%AC%D9%86%D8%A9-%D8%A7%D9%84%D8%AA%D8%AD%D9%83%D9%8A%D9%85-%D8%AE%D8%B1%D9%88%D8%AC-%D8%A7%D9%84%D9%85%D8%AA%D8%B3%D8%A7%D8%A8%D9%82-%D9%85%D8%AD%D9%85%D8%AF-%D9%85%D8%A7%D9%87%D8%B1-%D9%85%D9%86-%D8%AF%D9%88%D9%84%D8%A9-%D8%A7%D9%84%D8%AA%D9%84%D8%A7%D9%88%D8%A9-%D9%85%D8%A7#hpnews-sub,masrawy.com,"أعلنت لجنة تحكيم برنامج ""دولة التلاوة"" خروج المتسابق محمد ماهر، من المسابقة بعد المرحلة الأخيرة، على الرغم من إشادتها بمهاراته وأدائه المتميز خلال الحلقات السابقة.
وأكدت اللجنة أن تلاوة شفيق كانت متقنة من الناحية الفنية والتجويدية، مشيرة إلى تمكنه من التعامل مع نصوص صعبة ومواقف مفاجئة أثناء الأداء، وهو ما أثنى عليه وكيل لجنة مراجعة المصحف بالأزهر الشريف، مؤكدًا: ""لا توجد أي أخطاء في الأداء من الناحية التجويدية أو النصية"".
 
وأوضح خبير المقامات أن المرحلة الأخيرة التي خاضها شفيق اعتمدت على طلب النصوص دون ترتيب أو تجهيز مسبق، ما جعلها من أصعب مراحل المسابقة، وأضاف: ""أعتبرها مرحلة صعبة… وأحسنت في التعامل معها"".
وعبّر الشيخ طه النعماني، عن تقديره لأداء شفيق، واصفًا ما قدمه بأنه موقف قوي ومتميز، قائلاً: ""موقف جدًا، وأجاد، وسعيد به"".
 
وعكست آراء لجنة التحكيم إجماعها على قدرة شفيق على تجاوز التحديات الفنية، إلا أن معايير التقييم الصارمة والمرحلة التنافسية أدت إلى خروجه كما أنه حصل على أقل التقييمات في الحلقة الـ18 من البرنامج إذ حصل على 271 في حين حصل منافسوه على درجات 274 و275، في حين واصلت اللجنة الإشادة بأداء باقي المتسابقين مثل: محمد ماهر، خالد عطية، وعمر علي، الذين تمكنوا من الصمود والتألق في مواجهة تحديات البرنامج. 
اقرأ أيضًا:",2026-01-11
زكي عبد الفتاح لمصراوي لعبنا على قدر إمكانياتنا ضد السنغال والظروف ساعدتنا,https://www.masrawy.com/sports/sports-arab-international/details/2026/1/11/2923149/%D8%B2%D9%83%D9%8A-%D8%B9%D8%A8%D8%AF-%D8%A7%D9%84%D9%81%D8%AA%D8%A7%D8%AD-%D9%84%D9%85%D8%B5%D8%B1%D8%A7%D9%88%D9%8A-%D9%84%D8%B9%D8%A8%D9%86%D8%A7-%D8%B9%D9%84%D9%89-%D9%82%D8%AF%D8%B1-%D8%A5%D9%85%D9%83%D8%A7%D9%86%D9%8A%D8%A7%D8%AA%D9%86%D8%A7-%D8%B6%D8%AF-%D8%A7%D9%84%D8%B3%D9%86%D8%BA%D8%A7%D9%84-%D9%88%D8%A7%D9%84%D8%B8%D8%B1%D9%88%D9%81-%D8%B3%D8%A7%D8%B9%D8%AF%D8%AA%D9%86%D8%A7#hpsports-sub,masrawy.com,"علق زكي عبد الفتاح مدرب حراس مرمى منتخب مصر الأسبق، على تأهل الفراعنة إلى دور نصف نهائي بطولة كأس الأمم الأفريقية، عقب الفوز المثير على كوت ديفوار بثلاثية مقابل هدفين.
وقال عبد الفتاح في تصريحات خاصة لـ مصراوي: ""بالطبع، فوز مهم للغاية لعبنا على قدر إمكانياتنا، وتمكنا من خوض أكثر من 100 دقيقة"".
 
وأضاف: ""في الشوطين، كانت السيطرة أغلبها لساحل العاج، لكن ما لفت نظري أن استحواذ ساحل العاج كان 70% مقابل 30% لمصر في الشوط الأول، وفي الشوط الثاني نفس النسبة، ومع ذلك لاحظت أن أداء مصر تحسن تدريجياً"".
 
وتابع مدرب حراس الفراعنة الأسبق: ""حتى الشناوي لم يشارك ولم يظهر كثيراً الفرص المتاحة، والتي كانت كرة واحدة فقط في منطقة الجزاء، تبين أن استحواذ ساحل العاج كان سلبياً إلى حد كبير، بينما نحن لعبنا وفق إمكانياتنا، وهذا يعد نقطة إيجابية لحسام حسن"".
 
وواصل عبد الفتاح: ""في المباراة، والحمد لله، ساعدتنا الظروف على تنفيذ الخطة المرسومة واستغلال إمكانيات اللاعبين في الكرات المرتدة، وأرى أن هذا أمر جيد"". 
 
وأتم حديثه قائلاً: ""الفوز كان ضرورياً قبل أي شيء، فهو مطلوب كمنتخب وللجماهير المصرية ليمنح الثقة للفريق بعد الفترة السابقة، لذلك، أرى أن هذا الفوز مهم جداً، ومشجع للغاية، وأن التأهل خطوة مهمة لنا"".
ويلاقي منتخب مصر منتخب السنغال في مباراة دور نصف النهائي بكأس الأمم الأفريقية وستقام في السابعة مساء بتوقيت القاهرة.",2026-01-11
بسبب الماتش عضو اتحاد الكرة يكشف آخر تطورات الحالة الصحية لهاني أبوريدة,https://www.masrawy.com/sports/sports-arab-international/details/2026/1/10/2923138/%D8%A8%D8%B3%D8%A8%D8%A8-%D8%A7%D9%84%D9%85%D8%A7%D8%AA%D8%B4-%D8%B9%D8%B6%D9%88-%D8%A7%D8%AA%D8%AD%D8%A7%D8%AF-%D8%A7%D9%84%D9%83%D8%B1%D8%A9-%D9%8A%D9%83%D8%B4%D9%81-%D8%A2%D8%AE%D8%B1-%D8%AA%D8%B7%D9%88%D8%B1%D8%A7%D8%AA-%D8%A7%D9%84%D8%AD%D8%A7%D9%84%D8%A9-%D8%A7%D9%84%D8%B5%D8%AD%D9%8A%D8%A9-%D9%84%D9%87%D8%A7%D9%86%D9%8A-%D8%A3%D8%A8%D9%88%D8%B1%D9%8A%D8%AF%D8%A9#hpsports-sub,masrawy.com,"أعرب مصطفى أبو زهرة، عضو مجلس إدارة الاتحاد المصري لكرة القدم، عن فخره الكبير بما قدمه لاعبو منتخب مصر عقب الفوز على منتخب كوت ديفوار بثلاثية مقابل هدفين في المباراة التي أقيمت بينهما مساء السبت على أرضية ملعب أغادير.
وشدد أبو زهرة في تصريحات تلفزيونية على أن لاعبي المنتخب ظهروا بشخصية قوية داخل الملعب، ونجحوا في تحقيق فوز مهم، موجهاً التهنئة للشعب المصري بهذه النتيجة.
وعن الحالة الصحية للمهندس هاني أبو ريدة، رئيس الاتحاد، أوضح أن أجواء المباراة شهدت ضغوطاً عصبية كبيرة تسببت في ارتفاع ضغط الدم لديه، مما استدعى متابعة وضعه الصحي عن قرب.
وأشار أبو زهرة إلى أن الطبيب المعالج فضل أن يتابع أبو ريدة اللقاء من مقر إقامته بالفندق للتأكد من سلامته، في ظل التوتر المصاحب للمواجهة.
واختتم تصريحاته بالتأكيد على أن الحالة الصحية لهاني أبو ريدة مستقرة ولا تدعو للقلق مطمئناً الجماهير المصرية.",2026-01-11
احتفال خاص بين أحمد فتوح وعنبة بعد فوز منتخب مصر على كوت ديفوار صور,https://www.masrawy.com/sports/sports-arab-international/details/2026/1/11/2923143/%D8%A7%D8%AD%D8%AA%D9%81%D8%A7%D9%84-%D8%AE%D8%A7%D8%B5-%D8%A8%D9%8A%D9%86-%D8%A3%D8%AD%D9%85%D8%AF-%D9%81%D8%AA%D9%88%D8%AD-%D9%88%D8%B9%D9%86%D8%A8%D8%A9-%D8%A8%D8%B9%D8%AF-%D9%81%D9%88%D8%B2-%D9%85%D9%86%D8%AA%D8%AE%D8%A8-%D9%85%D8%B5%D8%B1-%D8%B9%D9%84%D9%89-%D9%83%D9%88%D8%AA-%D8%AF%D9%8A%D9%81%D9%88%D8%A7%D8%B1-%D8%B5%D9%88%D8%B1-#hpsports-sub,masrawy.com,"احتفل أحمد فتوح نجم منتخب مصر بتأهل الفراعنة إلى نصف نهائي كأس أمم أفريقيا، من خلال مكالمة فيديو تجمعه مع مطرب المهرجانات عنبة.
ونشر فتوح عبر حسابه الرسمي، على موقع تبادل الصور والفيديوهات ""إنستجرام""، صورة له من داخل حافلة المنتخب، خلال مكالمة فيديو تجمع بينه وبين عنبة مطرب المهرجانات.
وحقق منتخب مصر فوزا هاما أمس، على حساب نظيره منتخب كوت ديفوار بنتيجة ثلاثة أهداف مقابل هدفين، في اللقاء الذي جمع بينهما أمس في ربع نهائي أمم أفريقيا. 
ويلتقي المنتخب الوطني، في نصف نهائي أمم أفريقيا 2025 مع المنتخب السنغالي، في المباراة المقرر إقامتها يوم الأربعاء المقبل الموافق 14 يناير الجاري.",2026-01-11
زكي عبد الفتاح لمصراوي أتمنى تتويج منتخب مصر بكأس الأمم الأفريقية لكن,https://www.masrawy.com/sports/sports-arab-international/details/2026/1/11/2923150/%D8%B2%D9%83%D9%8A-%D8%B9%D8%A8%D8%AF-%D8%A7%D9%84%D9%81%D8%AA%D8%A7%D8%AD-%D9%84%D9%85%D8%B5%D8%B1%D8%A7%D9%88%D9%8A-%D8%A3%D8%AA%D9%85%D9%86%D9%89-%D8%AA%D8%AA%D9%88%D9%8A%D8%AC-%D9%85%D9%86%D8%AA%D8%AE%D8%A8-%D9%85%D8%B5%D8%B1-%D8%A8%D9%83%D8%A3%D8%B3-%D8%A7%D9%84%D8%A3%D9%85%D9%85-%D8%A7%D9%84%D8%A3%D9%81%D8%B1%D9%8A%D9%82%D9%8A%D8%A9-%D9%84%D9%83%D9%86#hpsports-sub,masrawy.com,"توقع زكي عبد الفتاح مدرب حراس مرمى منتخب مصر الأسبق، فرص الفراعنة في التتويج ببطولة كأس الأمم الأفريقية، بعد الفوز المثير على كوت ديفوار بثلاثية مقابل هدفين.
 وقال عبد الفتاح في تصريحات خاصة لـ مصراوي: ""فرص مصر في التتويج دعونا نكون واقعيين، أنا أتمنى بالطبع أن مصر تفوز بالبطولة، لكن بالنظر إلى المستوى والأداء ورؤية الفرق الأربعة السنغال والمغرب ونيجيريا ومصر، أرى أن حظوظ مصر أقل نسبياً مقارنة بالمغرب والسنغال ونيجيريا"".
 وأضاف: ""مع ذلك، لا يمكن التنبؤ بما يحدث في هذه الأدوار، واللعب ضد الفرق الكبيرة دائماً غير محسوم"".
 وواصل مدرب حراس الفراعنة الأسبق: ""أتمنى بالطبع أن مصر تفوز بالبطولة، لكن إذا وصلنا إلى المباراة النهائية وفزنا على السنغال، فاعتبروا ذلك إنجازاً كبيراً جداً"".
 وأتم تصريحاته قائلاً: ""لا يهم بعد ذلك إذا فزنا بالبطولة أم لا، المهم أن نصل إلى النهائي بهذا الأسلوب، فهذا يعد الإنجاز الحقيقي لنا ويعتبر فخر لجميع المصريين"".",2026-01-11
أول تعليق من نجيب ساويرس على فوز منتخب مصر ضد كوت ديفوار,https://www.masrawy.com/sports/sports-arab-international/details/2026/1/10/2923117/%D8%A3%D9%88%D9%84-%D8%AA%D8%B9%D9%84%D9%8A%D9%82-%D9%85%D9%86-%D9%86%D8%AC%D9%8A%D8%A8-%D8%B3%D8%A7%D9%88%D9%8A%D8%B1%D8%B3-%D8%B9%D9%84%D9%89-%D9%81%D9%88%D8%B2-%D9%85%D9%86%D8%AA%D8%AE%D8%A8-%D9%85%D8%B5%D8%B1-%D8%B6%D8%AF-%D9%83%D9%88%D8%AA-%D8%AF%D9%8A%D9%81%D9%88%D8%A7%D8%B1#hpsports-sub,masrawy.com,"عبر رجل الأعمال نجيب ساويرس عن فرحته بفوز منتخب مصر على منتخب كوت ديفوار، في المباراة التي أقيمت ضمن منافسات دور الـ 8 ببطولة كأس أمم أفريقيا.
وفاز منتخب مصر على كوت ديفوار بنتيجة 3-2، وسجل الثلاثية؛ محمد صلاح وعمر مرموش ورامي ربيعة.
وكتب ساويرس على حسابه الخاص بموقع التغريدات ""إكس"": الحمد لله"".
ويلاقي منتخب مصر منتخب السنغال في مباراة نصف النهائي المقبلة التي ستقام يوم الأربعاء الساعة السابعة مساء بتوقيت القاهرة.",2026-01-11
ملخص وأهداف مباراة مصر وكوت ديفوار في كأس أمم أفريقيا 2025,https://www.masrawy.com/sports/sports-arab-international/details/2026/1/10/2923048/%D9%85%D9%84%D8%AE%D8%B5-%D9%88%D8%A3%D9%87%D8%AF%D8%A7%D9%81-%D9%85%D8%A8%D8%A7%D8%B1%D8%A7%D8%A9-%D9%85%D8%B5%D8%B1-%D9%88%D9%83%D9%88%D8%AA-%D8%AF%D9%8A%D9%81%D9%88%D8%A7%D8%B1-%D9%81%D9%8A-%D9%83%D8%A3%D8%B3-%D8%A3%D9%85%D9%85-%D8%A3%D9%81%D8%B1%D9%8A%D9%82%D9%8A%D8%A7-2025#hpmostread,masrawy.com,"تمكن منتخب مصر من تحقيق الفوز على حساب نظيره منتخب كوت ديفوار، بنتيجة ثلاثة أهداف مقابل هدفين، في اللقاء الذي جمع بينهما اليوم، ضمن منافسات ربع نهائي كأس أمم أفريقيا 2025.
وبهذا الفوز، ضمن منتخب مصر التأهل إلى نصف نهائي أمم أفريقيا 2025، يضرب موعدا مع المنتخب السنغالي في نصف النهائي.
حراسة المرمى: محمد الشناوي
خط الدفاع: أحمد فتوح، حسام عبد المجيد، رامي ربيعة، ياسر إبراهيم ومحمد هاني.
خط الوسط: مروان عطية، حمدي فتحي وإمام عاشور
خط الهجوم: عمر مرموش ومحمد صلاح
حراسة المرمى: يحيى فوفانا
خط الدفاع: جيلا دوي، إيفان نديكا، أوديلون كوسونو وجيسلان كونان
خط الوسط: كريست إيناو أولاي، فرانك كيسي وإبراهيما سنجاري
خط الهجوم: يان ديوماندي، إيفان جويساند وأماد ديالو
الدقيقة 1: بداية المباراة
الدقيقة 4: عمر مرموش يسجل الهدف الأول لمنتخب مصر




الدقيقة 8: خطأ لصالح عمر مرموش في منتصف الملعب
الدقيقة 14: سيطرة على الكرة من لاعبي منتخب مصر
الدقيقة 17: فرصة خطيرة لمنتخب كوت ديفوار، يبعدها أحمد فتوح ببراعة من أمام مهاجم كوت ديفوار
الدقيقة 21: رأسية من حسام عبد المجثيد ولكنها تخرج أعلى مرمى منتخب كوت ديفوار
الدقيقة 22: رأسية من لاعب منتخب كوت ديفوار تمر بجوار مرمى منتخب مصر
الدقيقة 29: ركلة حرة لمنتخب كوت ديفوار من على حدود منطقة جزاء مصر
الدقيقة 32: رامي ربيعة يسجل الهدف الثاني لمنتخب مصر في مرمى كوت ديفوار




الدقيقة 39: أحمد فتوح يسجل الهدف الأول لكوت ديفوار بالخطأ في مرماه




الدقيقة 42: عرضية من عمر مرموش تصل سهلة في يد حارس مرمى كوت ديفوار
الدقيقة 45: حكم المباراة يحتسب دقيقتين وقت بدل ضائع
الدقيقة 2+45: نهاية الشوط الأول
الدقيقة 46: بداية الشوط الثاني
الدقيقة 51: محمد صلاح يحرز الهدف الثالث لمنتخب مصر
الدقيقة 64: تسديدة قوية من فرانك كيسي لاعب كوت ديفوار تخرج أعلى مرمى منتخب مصر
الدقيقة 73: دوي يسجل الهدف الثاني لكوت ديفوار في مرمى مصر
الدقيقة 76: توقف المباراة لعلاج محمد الشناوي
الدقيقة 80: عرضية من لاعب كوت ديفوار يتصدى لها دفاع المنتخب
الدقيقة 86: ضغط متواصل من السنغال ودفاع بقوة من لاعبي المنتخب الوطني
الدقيقة 90: حكم المباراة يحتسب 5 دقائق وقت بدل ضائع
الدقيقة 5+90: نهاية المباراة",2026-01-11
بالترددات 5 قنوات مجانية تنقل مباراة مصر وكوت ديفوار ,https://www.masrawy.com/sports/sports-arab-international/details/2026/1/10/2922675/%D8%A8%D8%A7%D9%84%D8%AA%D8%B1%D8%AF%D8%AF%D8%A7%D8%AA-5-%D9%82%D9%86%D9%88%D8%A7%D8%AA-%D9%85%D8%AC%D8%A7%D9%86%D9%8A%D8%A9-%D8%AA%D9%86%D9%82%D9%84-%D9%85%D8%A8%D8%A7%D8%B1%D8%A7%D8%A9-%D9%85%D8%B5%D8%B1-%D9%88%D9%83%D9%88%D8%AA-%D8%AF%D9%8A%D9%81%D9%88%D8%A7%D8%B1-#hpmostread,masrawy.com,"يترقب عشاق كرة القدم المصرية مباراة منتخب مصر بقيادة حسام حسن أمام منتخب كوت ديفوار، مساء اليوم السبت، ضمن منافسات دور ربع النهائي من بطولة كأس أمم أفريقيا 2025 المقامة في المغرب.
ومن المقرر أن تنطلق صافرة بداية المباراة في تمام الساعة التاسعة مساء، وتقام المباراة على ملعب أغادير.
وتأهل المنتخب المصري إلى ربع النهائي بعد فوزه على نظيره منتخب بنين في ثمن النهائي كأس الأمم بنتيجة 3-1.
Canal 2 International HD – قمر يوتلسات 3 شرقًا
التردد: 11431
الاستقطاب: H
معدل الترميز: 18330
الباقة الأفريقية عبر قمر يوتلسات 9 شرقًا
(ORTM – RTB – BTV)
التردد: 11900 – H – 27500
التردد: 12034 – V – 27500
Solo Calcio – قمر هوت بيرد 13 شرقًا
التردد: 11179 – H – 27500
TV Congo – قمر هوت بيرد 13 شرقًا
التردد: 12149 – V – 27500
Arryadia TNT HD
التردد: 11180 – V – 27500",2026-01-11
شاهدها بالمجان ترددات 5 قنوات تنقل مباراة مصر وكوت ديفوار,https://www.masrawy.com/sports/sports-arab-international/details/2026/1/10/2922824/%D8%B4%D8%A7%D9%87%D8%AF%D9%87%D8%A7-%D8%A8%D8%A7%D9%84%D9%85%D8%AC%D8%A7%D9%86-%D8%AA%D8%B1%D8%AF%D8%AF%D8%A7%D8%AA-5-%D9%82%D9%86%D9%88%D8%A7%D8%AA-%D8%AA%D9%86%D9%82%D9%84-%D9%85%D8%A8%D8%A7%D8%B1%D8%A7%D8%A9-%D9%85%D8%B5%D8%B1-%D9%88%D9%83%D9%88%D8%AA-%D8%AF%D9%8A%D9%81%D9%88%D8%A7%D8%B1#hpmostread,masrawy.com,"يستعد منتخب مصر الأول لكرة القدم، لمواجهة كوت ديفوار، حامل اللقب، مساء اليوم، في ربع نهائي كأس الأمم الأفريقية 2025.
وتأهل منتخب مصر إلى ربع نهائي كأس الأمم الأفريقية، بعد الفوز على بنين بنتيجة 3-1، فيما تأهل منتخب كوت ديفوار بالفوز على بوركينا فاسو، بثلاثية نظيفة.
وينتظر منتخب السنغال، الفائز من مباراة مصر وكوت ديفوار، في نصف نهائي أمم أفريقيا، وذلك بعد الفوز على مالي، بهدف نظيف.
تنقل شبكة قنوات بي عن سبورت ""المشفرة"" مباراة مصر وكوت ديفوار، إذ خصصت الشبكة 4 قنوات لنقل البطولة المقامة حاليا.
كما يمكن مشاهدة مباراة مصر وكوت ديفوار بالمجان على القنوات التالية: Canal 2 International HD، الباقة الأفريقية، Solo calcio، Arryadia TNT HD وTV congo.
ترددات قنوات مجانية تنقل مباراة مصر وكوت ديفوار
يمكن مشاهدة مباراة مصر وكوت ديفوار بالمجان، من خلال الترددات التالية:
التردد: 11431 
استقطاب: أفقي
معدل ترميز: 18330
التردد: 11900
استقطاب: أفقي
معدل ترميز: 27500
التردد: 12034
استقطاب: عمودي
معدل ترميز: 27500
التردد: 11179
استقطاب: أفقي
معدل ترميز: 27500
التردد: 12149
استقطاب: عمودي
معدل ترميز: 27500
التردد: 11180
استقطاب: عمودي
معدل ترميز: 27500
اقرأ أيضًا:",2026-01-11
بعد اتهام الشركة ببيع سيارة متضررة وكيل رينو يكشف مفاجأة,https://www.masrawy.com/autos/autos_news/details/2026/1/10/2922768/%D8%A8%D8%B9%D8%AF-%D8%A7%D8%AA%D9%87%D8%A7%D9%85-%D8%A7%D9%84%D8%B4%D8%B1%D9%83%D8%A9-%D8%A8%D8%A8%D9%8A%D8%B9-%D8%B3%D9%8A%D8%A7%D8%B1%D8%A9-%D9%85%D8%AA%D8%B6%D8%B1%D8%B1%D8%A9-%D9%88%D9%83%D9%8A%D9%84-%D8%B1%D9%8A%D9%86%D9%88-%D9%8A%D9%83%D8%B4%D9%81-%D9%85%D9%81%D8%A7%D8%AC%D8%A3%D8%A9#hpmostread,masrawy.com,"أعلنت شركة المصرية العالمية للسيارات، الوكيل الحصري لعلامة رينو في مصر، توضيحًا للرأي العام وردًا على ما تم تداوله عبر بعض مواقع التواصل الاجتماعي من منشورات مغلوطة وادعاءات غير صحيحة أن ما أُثير في هذا الشأن لا يمت للحقيقة بصلة، ويعد تشهيرًا صريحًا بالشركة وتاريخها المهني دون أي سند واقعي أو مستندات رسمية معتمدة.
وأكدت الشركة أنها كيان معتمد يعمل في السوق المصري منذ ما يقرب من 47 عامًا، التزمت خلالها بأعلى معايير النزاهة والشفافية والمصداقية، وحرصت دائمًا على حماية حقوق عملائها، ولم يسبق طوال تاريخها في سوق السيارات أن ثبت تورطها في بيع سيارات غير مطابقة للمواصفات أو مخالفة لشروط وطبيعة التعاقد.
وفيما يتعلق بالسيارة محل الادعاء، أوضحت الشركة أنها قامت فورًا باتخاذ كافة الإجراءات الداخلية اللازمة، وإجراء فحص وتحقيق فني شامل من خلال الجهات الفنية والتقنية المختصة، والذي أثبت بشكل قاطع أن السيارة لم تتعرض لأي حوادث أو إصلاحات قبل تسليمها للعميلة، وأن جميع الادعاءات المتداولة في هذا الشأن عارية تمامًا من الصحة.
كانت انتشرت خلال الأيام الماضية، إدعاءات لعميله قد اكتشفت مؤشرات تعرض سيارتها الجديدة التي قامت بشرائها لحادث قبل استهلامها، وقيام الشركة بإصلاحها قبل استلامها، مما دفعها لتقديم شكوى رسمية للمطالبة بتغييرها، مؤكدة عزمها اللجوء لجهاز حماية المستهلك أو القضاء للحصول على حقها.
كما أوضحت الشركة أن الصورة المتداولة تم التقاطها داخل فرع الشركة بسموحة أثناء عملية تسليم السيارة، وتُظهر بوضوح حالة الرضا والسعادة لدى المُدَّعية وقت الاستلام، بما يؤكد أن السيارة كانت في حالة فنية سليمة تمامًا عند التسليم، ولم تظهر عليها أي آثار تشير إلى تعرضها لأي أضرار أو حوادث سابقة.
وشددت الشركة على أن السيارة لم يتم المساس بها بأي شكل قبل تسليمها، وأن أي أمور قد تكون قد طرأت بعد مرور أربعة أيام من تاريخ الاستلام تقع خارج نطاق علم الشركة ومسؤوليتها، ولا يجوز قانونًا تحميل الشركة تبعات وقائع لاحقة لم يثبت حدوثها أثناء حيازة الشركة للسيارة.
وأكدت الشركة أن تداول مثل هذه الادعاءات غير المثبتة، والتي لم يصدر بشأنها أي تقارير رسمية من الجهات المختصة، من شأنه الإضرار المباشر بسمعة الشركة والعاملين بها، وهو ما لا يمكن القبول به أو التغاضي عنه.
وتهيب الشركة بالجميع تحري الدقة وعدم الانسياق وراء الشائعات أو الأخبار غير المؤكدة وغير المستندة إلى وقائع أو مستندات رسمية.
كما تؤكد الشركة احتفاظها بكامل حقوقها القانونية، المدنية والجنائية، تجاه كل من قام بنشر أو ترويج هذه الأخبار الكاذبة أو ساهم في تداولها عبر المواقع الإلكترونية ومنصات التواصل الاجتماعي، مع التأكيد على أنها لن تتهاون في اتخاذ كافة الإجراءات القانونية اللازمة حمايةً لاسمها التجاري وتاريخها المهني، وردعًا لأي محاولات تشهير أو تضليل لا تستند إلى حقائق.
وتؤكد الشركة في ختام بيانها التزامها الدائم بخدمة عملائها، واستعدادها الكامل للتعاون مع الجهات الرسمية المختصة، إيمانًا منها بسيادة القانون واحترامًا لحقوق جميع الأطراف.
اقرأ أيضًا..",2026-01-11
بعد الفوز على فاركو جدول ترتيب مجموعة الأهلي في كأس عاصمة مصر,https://www.masrawy.com/sports/sports_news/details/2026/1/10/2923001/-%D8%A8%D8%B9%D8%AF-%D8%A7%D9%84%D9%81%D9%88%D8%B2-%D8%B9%D9%84%D9%89-%D9%81%D8%A7%D8%B1%D9%83%D9%88-%D8%AC%D8%AF%D9%88%D9%84-%D8%AA%D8%B1%D8%AA%D9%8A%D8%A8-%D9%85%D8%AC%D9%85%D9%88%D8%B9%D8%A9-%D8%A7%D9%84%D8%A3%D9%87%D9%84%D9%8A-%D9%81%D9%8A-%D9%83%D8%A3%D8%B3-%D8%B9%D8%A7%D8%B5%D9%85%D8%A9-%D9%85%D8%B5%D8%B1#hpmostread,masrawy.com,"استعاد النادي الأهلي نغمة الانتصارات، بعدما حقق الفوز اليوم على حساب نظيره فاركو، بنتيجة أربعة أهداف مقابل هدف واحد، في اللقاء الذي جمع بينهما اليوم، ضمن منافسات الجولة السادسة بكأس عاصمة مصر.
وبهذا الفوز رفع النادي الأهلي، رصيده من النقاط إلى النقطة رقم 6 في المركز الرابع بجدول ترتيب المجموعة الأولى بكأس عاصمة مصر.
ويشارك المارد الأحمر، في المجموعة الأولى ببطولة كأس عاصمة مصر رفقة كل من: ""طلائع الجيش، فاركو، إنبي، غزل المحلة، سيراميكا كليوباترا والمقاولون العرب"".
1- طلائع الجيش، 5 مباريات، 10 نقاط
2- إنبي، 4 مباريات، 9 نقاط
3- فاركو، 6 مباريات، 9 نقاط
4- الأهلي، 5 مباريات، 6 نقاط
5- المقاولون العرب، 4 مباريات، 5 نقاط
6- غزل المحلة، 4 مباريات، 4 نقاط
7- سيراميكا كليوباترا، 4 مباريات، 3 نقاط
أقرأ أيضًا:",2026-01-11
أسيرات القبيلة حظر الزواج باسم نقاء الدم,https://www.masrawy.com/news/news_various/details/2025/12/30/2916814/%D8%A3%D8%B3%D9%8A%D8%B1%D8%A7%D8%AA-%D8%A7%D9%84%D9%82%D8%A8%D9%8A%D9%84%D8%A9-%D8%AD%D8%B8%D8%B1-%D8%A7%D9%84%D8%B2%D9%88%D8%A7%D8%AC-%D8%A8%D8%A7%D8%B3%D9%85-%D9%86%D9%82%D8%A7%D8%A1-%D8%A7%D9%84%D8%AF%D9%85-#HP-CrossMedia,masrawy.com,"في بعض قرى صعيد مصر، لا تزال فتيات يدفعن ثمن التمسك بالعادات والتقاليد؛ فتيات يُقتلن أو يُجبرن على الزواج قسرًا، فقط لأن رغبتهن في اختيار شريك حياتهن اصطدمت بالأعراف القبلية السائدة التي تفرض الزواج من نفس القبيلة.
هذه الأعراف، التي تتذرع بـ ""الشرف"" و""نقاء الدم""، لا تؤدي فقط إلى انتشار العنف والثأر، بل تفتح الطريق لمزيد من الطلاق والعنوسة، وتزيد من المخاطر الصحية الناتجة عن زواج الأقارب، لتصبح حياة الفتيات ومصائرهن رهينة تقاليد وموروثات قديمة.
(صبري وزوجته، أحمد وابنته، فوزية ومحسن، علي وزميلته، ياسمين ورمضان، وهند) ست حكايات رصدها مصراوي ضمن 85 حالة التقاها مُعد التحقيق في محافظات مختلفة بالصعيد، حيث كانت الفتاة أو ذويها الضحية للعرف القبلي.",2026-01-11
آيفون بماء زمزم تجار يستغلون معتمرين للاستيلاء على المليارات قبل دخولها,https://www.masrawy.com/news/news_various/details/2025/12/30/2916882/-%D8%A2%D9%8A%D9%81%D9%88%D9%86-%D8%A8%D9%85%D8%A7%D8%A1-%D8%B2%D9%85%D8%B2%D9%85-%D8%AA%D8%AC%D8%A7%D8%B1-%D9%8A%D8%B3%D8%AA%D8%BA%D9%84%D9%88%D9%86-%D9%85%D8%B9%D8%AA%D9%85%D8%B1%D9%8A%D9%86-%D9%84%D9%84%D8%A7%D8%B3%D8%AA%D9%8A%D9%84%D8%A7%D8%A1-%D8%B9%D9%84%D9%89-%D8%A7%D9%84%D9%85%D9%84%D9%8A%D8%A7%D8%B1%D8%A7%D8%AA-%D9%82%D8%A8%D9%84-%D8%AF%D8%AE%D9%88%D9%84%D9%87%D8%A7#HP-CrossMedia,masrawy.com,"تحقيق: محمد سامي
بين حقائب المعتمرين العائدين من رحلة روحانية عبر مطار جدة السعودي، لا تسافر فقط زجاجات ماء زمزم والهدايا البسيطة، بل تمر أحيانًا أشياء أخرى.
ففي الصالة الشمالية بمطار الملك عبد العزيز الدولي، وتحديدًا صالة المغادرة، يترصد تجار المعتمرين المصريين العائدين، ليختاروا من بينهم من يصلح ويقبل نقل هواتف حديثة إلى من ينتظرهم في مطار القاهرة الدولي، وفق آليات يتفقون عليها، مستغلين بساطة وعفوية من يختارونهم لهذه المهمة.
في هذا التحقيق نفتح ملفًا شائكًا، يتقاطع فيه الدين بالاقتصاد، والقانون بالتحايل، ونرصد كيف تحولت ثغرة إجرائية صغيرة إلى باب واسع لنزيف المليارات من المال العام، عبر شبكة معقدة لا تعتمد على التهريب التقليدي، بل على بشر عاديين لم يدرك كثير منهم أنهم صاروا جزءًا من منظومة أكبر منهم.
رحلة تبدأ من صالات انتظار العمرة.. وتنتهي عند خزينة دولة تنزف بصمت.. لمعرفة كيف تدار هذه الشبكة عبر الحدود؟ اطلع على تفاصيل التحقيق.. ",2026-01-11
,https://www.masrawy.com/#,masrawy.com,Not found,2026-01-11
فخ الكريبتو مصراوي يحذر من احتيال يستخدم تصميما يشبه واجهة الموقع,https://www.masrawy.com/news/news_economy/details/2026/1/8/2921926/-%D9%81%D8%AE-%D8%A7%D9%84%D9%83%D8%B1%D9%8A%D8%A8%D8%AA%D9%88-%D9%85%D8%B5%D8%B1%D8%A7%D9%88%D9%8A-%D9%8A%D8%AD%D8%B0%D8%B1-%D9%85%D9%86-%D8%A7%D8%AD%D8%AA%D9%8A%D8%A7%D9%84-%D9%8A%D8%B3%D8%AA%D8%AE%D8%AF%D9%85-%D8%AA%D8%B5%D9%85%D9%8A%D9%85%D8%A7-%D9%8A%D8%B4%D8%A8%D9%87-%D9%88%D8%A7%D8%AC%D9%87%D8%A9-%D8%A7%D9%84%D9%85%D9%88%D9%82%D8%B9#HPeconomy-sub,masrawy.com,"رصد موقع مصراوي محاولة احتيال ونصب تستخدم تصميم مشابه لواجهة مصراوي، ويحاول خداع المستخدمين ودفعهم إلى الوقوع في فخ الاحتيال الاستثماري في العملات الرقمية (الكريبتو).
ويحذر مصراوي الجمهور من الوقوع في فخ هذا الاحتيال، مؤكدا كذب التقارير التي تزعم تحقيق أرباح ضخمة خلال فترات قصيرة، أو تنسب تصريحات مضللة إلى شخصيات عامة وخبراء اقتصاد، بهدف إضفاء مصداقية زائفة على منصات استثمار غير مرخصة.
ويلفت مصراوي انتباه القراء إلى أن المحتالين يعتمدون على روابط ممولة على مواقع التواصل الاجتماعي أو رسائل مباشرة تقود المستخدم إلى واجهة موقع تشبه واجهة موقع مصراوي، قبل توجيهه إلى صفحة تسجيل تطلب بيانات شخصية أو تحويلات مالية بدعوى الاستثمار.
يحذر مصراوي من أن أي عرض استثماري يَعِد بأرباح مضمونة أو سريعة هو مؤشر خطر واضح، ويدعو القراء إلى الحرص على 4 إجراءات حتى لا يقعوا في فخ احتيال الكريبتو"":
1- التأكد من عنوان الموقع الإلكتروني (URL) بدقة.
2- عدم إدخال أي بيانات شخصية أو مالية عبر روابط مجهولة.
3- التحقق من الأخبار عبر الموقع الرسمي للمؤسسة الصحفية.
4- الإبلاغ عن الصفحات والمواقع المشبوهة فورا.",2026-01-11
شراء أم بيع الذهب والفضة خبراء يوضحون الأفضل في الوقت الحالي,https://www.masrawy.com/news/news_economy/details/2026/1/8/2921942/%D8%B4%D8%B1%D8%A7%D8%A1-%D8%A3%D9%85-%D8%A8%D9%8A%D8%B9-%D8%A7%D9%84%D8%B0%D9%87%D8%A8-%D9%88%D8%A7%D9%84%D9%81%D8%B6%D8%A9-%D8%AE%D8%A8%D8%B1%D8%A7%D8%A1-%D9%8A%D9%88%D8%B6%D8%AD%D9%88%D9%86-%D8%A7%D9%84%D8%A3%D9%81%D8%B6%D9%84-%D9%81%D9%8A-%D8%A7%D9%84%D9%88%D9%82%D8%AA-%D8%A7%D9%84%D8%AD%D8%A7%D9%84%D9%8A#HPeconomy-sub,masrawy.com,"أكد خبراء الذهب والفضة خلال حديثهم مع ""مصراوي"" أن التوقيت الحالي مناسب للشراء وليس للبيع، مشيرين إلى أن مؤشرات السوق ترجح صعود الأسعار خلال الفترة المقبلة مما يجعل الشراء حاليًا فرصة جيدة، خاصة مع حالة الاستقرار النسبي التي يشهدها السوق.
 
شهدت أسعار الذهب تراجعات خلال اليومين الماضيين بعد موجة من الارتفاعات عالميًا ومحليًا، حيث انخفض سعر الأونصة إلى 4428 دولارًا بنسبة تراجع 0.66%خلال تعاملات اليوم بحسب آخر تحديث لبيانات وكالة بلومبيرج، كما سجل سعر الذهب عيار 21 نحو 5940 جنيهًا للجرام.
 
وتراجعت أسعار الفضة خلال تعاملات اليوم بنسبة 3.75% لتسجل 75.29 دولارًا للأونصة وفقًا لآخر تحديث لبيانات وكالة بلومبيرج، بعد أن كانت حققت مكاسب قوية خلال الأسبوع الجاري وصلت إلى نحو 8% عالميًا في أول رد فعل على التوترات الجيوسياسية بين الولايات المتحدة وفنزويلا.
 كانت أسعار الذهب والفضة قفزت بشكل مفاجئ الأسبوع الحالي بعد الضربة العسكرية الأمريكية لفنزويلا واعتقال رئيسها وزوجته قبل أن يعود الذهب والفضة للتراجع مجددا.
شراء بالإجماع
قال نادي نجيب، سكرتير عام شعبة الذهب سابقًا، إن التوقيت الحالي يُعد مناسبًا لشراء الذهب وليس بيعه، مشيرًا إلى أن البيع يجب أن يقتصر فقط على من يحتاج إلى سيولة وبالقدر الذي يلبي احتياجه، حتى يتمكن من تحقيق مكاسب لاحقًا مع ارتفاع الأسعار.
 
وأوضح نجيب أن المؤشرات العامة لسوق الذهب ترجح استمرار الصعود خلال الفترة المقبلة، مما يجعل الشراء في الوقت الحالي فرصة جيدة، خاصة مع استقرار الأسعار نسبيًا.
 
ونصح المقبلين على الخطوبة أو الزواج بالشراء الآن قبل أي زيادات متوقعة.
 
واتفق معه سيد زكريا، أمين اللجنة النقابية لصياغ مصر، مؤكدًا أن الذهب لا يُباع إلا عند الحاجة للسيولة ويفضل الاحتفاظ به في غير ذلك.
 
وأشار إلى أن فترات استقرار الأسعار تُعد الأنسب للشراء، لافتًا إلى أنه رغم الارتفاعات في الفترة السابقة إلا أنه لا يزال الوقت مناسبًا للشراء مع توقعات بمزيد من الزيادات.
 
وأضاف زكريا أن السوق يشهد حاليًا حالة من الهدوء النسبي مع تحركات محدودة في الأسعار صعودًا وهبوطًا بنحو 20 جنيهًا، موضحًا أن فك الودائع البنكية خلال الفترة المقبلة قد يدفع الأسعار للارتفاع محليًا، إلى جانب الزيادات المتوقعة عالميًا.
 
من جانبه، قال كريم حمدان، تاجر الفضة وخبير المعادن الثمينة، إن السوق يمر حاليًا بمرحلة تصحيح أسعار مما يجعل التوقيت مناسبًا للشراء على دفعات أو على أكثر من مرة، للاستفادة من أي تراجعات محتملة.
 
وشدد حمدان على عدم بيع الفضة في الوقت الحالي حتى ولو جرامًا واحدًا، متوقعًا أن تصل أسعارها إلى نحو 100 دولار للأونصة بحلول شهر أكتوبر، مما يتيح فرصًا أكبر لتحقيق مكاسب مستقبلية.
 
اقرأ أيضًا:",2026-01-11
هبوط الدولار يدفع المستثمرين للملاذات الآمنة خلال 2026,https://www.masrawy.com/news/news-banking/details/2026/1/8/2921936/%D9%87%D8%A8%D9%88%D8%B7-%D8%A7%D9%84%D8%AF%D9%88%D9%84%D8%A7%D8%B1-%D9%8A%D8%AF%D9%81%D8%B9-%D8%A7%D9%84%D9%85%D8%B3%D8%AA%D8%AB%D9%85%D8%B1%D9%8A%D9%86-%D9%84%D9%84%D9%85%D9%84%D8%A7%D8%B0%D8%A7%D8%AA-%D8%A7%D9%84%D8%A2%D9%85%D9%86%D8%A9-%D8%AE%D9%84%D8%A7%D9%84-2026#HPeconomy-sub,masrawy.com,"شهدت الأسواق العالمية خلال العامين الماضيين تحولًا جذريًا في خريطة التدفقات الاستثمارية، مع دخول الدولار مرحلة ضعف ممتدة، دفعت المستثمرين إلى إعادة تقييم أدوات التحوط والبحث عن بدائل أكثر أمانًا وربحية.
 
هذا التحول لم يكن عابرًا، بل جاء مدفوعًا بعوامل هيكلية شملت تراجع عوائد السندات الأميركية، واتساع نطاق خفض أسعار الفائدة، وتصاعد المخاطر الجيوسياسية، ما أعاد الملاذات الآمنة إلى صدارة المشهد الاستثماري.
 
وخلال الفترة الماضية برزت المعادن الثمينة وعلى رأسها الذهب والفضة كأكبر المستفيدين من هذه البيئة الجديدة، مسجلة مكاسب تاريخية أعادت للأذهان دورها التقليدي كأدوات تحوط في فترات عدم اليقين.
 
دخل الدولار عام 2025 وهو يعاني من ضغوط متراكمة، مع تراجع العوائد الحقيقية على السندات الأميركية، وتزايد الرهانات على خفض الفائدة، إلى جانب اتساع العجز المالي وتباطؤ سوق العمل. هذه العوامل مجتمعة أدت إلى تآكل جاذبية العملة الأميركية كملاذ استثماري، ودفعت رؤوس الأموال نحو الأصول الصلبة التي لا ترتبط مباشرة بالسياسات النقدية.
 
وتتوقع بنوك وول ستريت تراجع الدولار خلال عام 2026 بسبب خفض أسعار الفائدة وضغوط اقتصادية، وسط تداخل معقد بين السياسة النقدية، وأداء الاقتصاد الأميركي، وتدفقات رؤوس الأموال العالمية.
 
وسجل مؤشر الدولار اليوم ارتفاعًا طفيفًا أمام سلة العملات الرئيسية بنسبة 0.06%، ليتداول عند مستوى 98.7460 نقطة، وفقاً لأحدث بيانات وكالة بلومبرج.
 
ومع استمرار هذا الاتجاه حتى مطلع 2026، بات واضحًا أن ضعف الدولار لم يكن مجرد تصحيح مؤقت، بل عنصرًا محوريًا في إعادة تسعير الأصول عالميًا.
شهدت أسواق الذهب دورة صعود وصفت بأنها من الأقوى تاريخيًا منذ بداية عام 2025، مدفوعة بانهيار فعلي في عوائد السندات، وضعف الدولار، وتصاعد المخاطر الجيوسياسية على أكثر من جبهة.
 
استهل الذهب تعاملات عام 2025 عند مستوى يقارب 2625 دولارًا للأونصة، قبل أن يدخل في مسار صعودي متواصل كسر خلاله جميع الحواجز النفسية الرئيسية، بداية من 3000 دولار، ثم 4000 دولار، وصولًا إلى تسجيل أعلى مستوى تاريخي على الإطلاق عند 4550 دولارًا للأونصة في ديسمبر 2025.
 
وفي تعاملات الخميس 8 يناير 2026، شهد المعدن الأصفر عمليات جني أرباح وتصحيحًا سعريًا محدودًا، ليستقر السعر الفوري حاليًا في نطاق 4426 إلى 4450 دولارًا للأونصة، وفقا لآخر تحديث لبيانات وكالة بلومبرج.
ورغم هذا التصحيح، يظل الذهب محققًا مكاسب إجمالية تقارب 70% منذ بداية 2025، في أداء يعكس حجم التحول في سلوك المستثمرين عالميًا.
سجلت أسواق الفضة الأداء الأكثر إثارة خلال عام 2025، فبعد بداية بمستوى متواضع نسبيًا بلغ 28.85 دولارًا للأونصة، قبل أن تتحول إلى أحد أكثر الأصول تحقيقًا للعوائد خلال هذه الفترة.
 
ومع تزايد الطلب الصناعي، خاصة من قطاعات الطاقة المتجددة والتكنولوجيا، إلى جانب تصاعد التحوط النقدي، انفجرت أسعار الفضة صعودًا لتخترق قمتها التاريخية القديمة عند 50 دولارًا للأونصة، مسجلة مستوى قياسيًا جديدًا في أواخر 2025 بلغ 83.62 دولارًا للأونصة.
 
وفقا لآخر تحديث لبيانات وكالة بلومبرج، تراوحت أسعار الفضة بين 75.70 إلى 76.60 دولارًا للأونصة، ورغم التصحيح الأخير، لا تزال محققة مكاسب تتجاوز 160%* منذ بداية 2025، مدعومة بتجدد التوترات الجيوسياسية بما في ذلك التطورات الأخيرة في فنزويلا التي أعادت الزخم إلى الطلب على الملاذات الآمنة.
 
وبينما تشهد الأسعار موجات تصحيح قصيرة الأجل، ولكن يبقى الاتجاه العام مدعومًا بأسس قوية، ما يجعل الذهب والفضة في صدارة الخيارات الاستثمارية خلال المرحلة المقبلة من 2026.
 ",2026-01-11
هل تصل أسعار الدواجن إلى 90 جنيها قبل رمضان نائب رئيس الاتحاد يجيب,https://www.masrawy.com/news/news_economy/details/2026/1/8/2921865/%D9%87%D9%84-%D8%AA%D8%B5%D9%84-%D8%A3%D8%B3%D8%B9%D8%A7%D8%B1-%D8%A7%D9%84%D8%AF%D9%88%D8%A7%D8%AC%D9%86-%D8%A5%D9%84%D9%89-90-%D8%AC%D9%86%D9%8A%D9%87%D8%A7-%D9%82%D8%A8%D9%84-%D8%B1%D9%85%D8%B6%D8%A7%D9%86-%D9%86%D8%A7%D8%A6%D8%A8-%D8%B1%D8%A6%D9%8A%D8%B3-%D8%A7%D9%84%D8%A7%D8%AA%D8%AD%D8%A7%D8%AF-%D9%8A%D8%AC%D9%8A%D8%A8#HPeconomy-sub,masrawy.com,"قال ثروت الزيني، نائب رئيس اتحاد منتجي الدواجن، إن المخاوف المتداولة حاليًا بشأن ارتفاع أسعار الدواجن ووصولها إلى 90 جنيهًا مع اقتراب مواسم شعبان ورمضان ""مبالغ فيها""، مؤكدًا أن حجم الإنتاج هذا العام يشهد زيادة واضحة.
وأوضح الزيني خلال مداخلة هاتفية على قناة ""إكسترا نيوز""، أن إنتاج الدواجن وبيض المائدة ارتفع بنسبة تتراوح بين 20 و25% مقارنة بشهر يناير عام 2025، بينما زادت أعداد الكتاكيت بنسب تتراوح بين 30 و35%، وذلك نتيجة انتظام توفير النقد الأجنبي والأعلاف ووجود مخزون استراتيجي، إلى جانب انتظام دورات الإنتاج على مدار العام.
وأشار إلى أن الدواجن الحية والبيض الطازج سلع لا تقبل التخزين وتُباع يوميًا وتخضع أسعارها بالكامل لآليات العرض والطلب.
وأضاف أن الأسعار ظلت منخفضة على مدار نحو 6 أشهر دون التكلفة، رغم أن الإنتاج هو الضامن الأساسي لاستقرار السوق والمُنتج لا يمكنه الاستمرار دون تحقيق هامش ربح.
وأشار الزيني إلى أن كرتونة البيض وصلت العام الماضي إلى 160 جنيهًا، بينما تباع حاليًا بنحو 118 و119 جنيهًا، كما تراجعت أسعار الدواجن من 97 و98 جنيهًا العام الماضي إلى 74 و75 جنيهًا.
وأوضح أن الزيادات الأخيرة كانت مرتبطة بالمواسم والأعياد خاصة مع إفطار الأخوة الأقباط، ومع انتهائها سيتراجع الطلب وستبدأ الأسعار في الانخفاض.
وأضاف أن أسعار الكتكوت التي وصلت العام الماضي إلى 50 و55 جنيهًا تتراوح حاليًا بين 20 و25 جنيهًا، مؤكدًا أن الكتكوت عنصر رئيسي في التكلفة وهو أيضًا سلعة حية تخضع للعرض والطلب فمع زيادة الطلب ترتفع أسعاره، ومع تراجعه تنخفض.
اقرأ أيضًا:",2026-01-11
توقعات بنوك وول ستريت هل يفقد الدولار بريقه في 2026,https://www.masrawy.com/news/news-banking/details/2026/1/8/2921871/%D8%AA%D9%88%D9%82%D8%B9%D8%A7%D8%AA-%D8%A8%D9%86%D9%88%D9%83-%D9%88%D9%88%D9%84-%D8%B3%D8%AA%D8%B1%D9%8A%D8%AA-%D9%87%D9%84-%D9%8A%D9%81%D9%82%D8%AF-%D8%A7%D9%84%D8%AF%D9%88%D9%84%D8%A7%D8%B1-%D8%A8%D8%B1%D9%8A%D9%82%D9%87-%D9%81%D9%8A-2026-#HPeconomy-sub,masrawy.com,"رسمت بنوك وول ستريت العالمية مستقبل سعر الدولار الأميركي خلال 2026 بعد أن فقد بريقه على مدار العام الماضي بسبب قرارات الرئيس دونالد ترامب التي أربكت العالم وأنهكت العملة الأمريكية منها فرض رسوم جمركية وتباطؤ تراجع التضخم والضغط المتواصل على الفيدرالي الأمريكي لخفض سعر الفائدة.
وبين رهانات على التعافي التدريجي، وتوقعات باستمرار الضغوط الناتجة عن خفض الفائدة وتباطؤ سوق العمل، تنقسم تقديرات بنوك وول ستريت الكبرى حول مستقبل الدولار، وسط تداخل معقد بين السياسة النقدية، وأداء الاقتصاد الأميركي، وتدفقات رؤوس الأموال العالمية، وصعود استثمارات الذكاء الاصطناعي.
فيما يلي أبرز سيناريوهات وول ستريت لأداء الدولار في 2026، بحسب بلومبرج.
يتوقع مورجان ستانلي استمرار الضغوط على الدولار خلال النصف الأول من 2026، قبل أن يبدأ في التعافي تدريجيًا مع اقتراب نهاية سوقه الهابطة، مرجحًا أن يكون التحول في الربع الثاني من العام.
ويرى البنك أن مؤشر الدولار سيشهد عامًا شديد التقلب، تعكس تحركاته تغير فروق أسعار الفائدة وعلاوة المخاطر، المدفوعة بمخاوف تتعلق بسوق العمل الأميركي، وسياسات الاحتياطي الفيدرالي، ومسار خفض الفائدة.
وفي المقابل، يرجح البنك تراجع العملات الأوروبية أمام الدولار، مع توجه كل من البنك المركزي الأوروبي وبنك إنجلترا إلى خفض أسعار الفائدة.
يرجح بنك بي إن بي باريبا أن يسلك الدولار مسارًا متذبذبًا خلال 2026، مع ميل نحو قدر أكبر من التوازن مقارنة بعام 2025 الذي شهد تراجعًا عامًا للعملة الأميركية.
ويعزو البنك هذا الأداء المتوقع إلى تراجع تدفقات التحوط مقابل استمرار التدفقات نحو الأسهم الأميركية، لا سيما المدعومة باستثمارات الذكاء الاصطناعي، وهو ما قد يمنح الدولار دعمًا جزئيًا، رغم ضعف الطلب على سندات الخزانة.
كما يتوقع البنك ارتفاعًا طفيفًا لليورو أمام الدولار، بدعم من نمو اقتصاد منطقة اليورو بوتيرة تفوق إجماع التوقعات، في حين يرجح أن يفقد الدولار زخمه أمام عملات الأسواق الناشئة مرتفعة العائد، مع احتفاظه بقوة نسبية أمام العملات الآسيوية.
جيه بي مورجان
يتبنى جيه بي مورجان رؤية سلبية إجمالًا للدولار في 2026، لكنها أقل حدة واتساعًا مقارنة بعام 2025.
ويشير البنك إلى أن مزيجًا من قلق الاحتياطي الفيدرالي بشأن سوق العمل وبيئة مخاطر متوسطة داعمة لعملات العائد المرتفع، قد يدفع الدولار إلى التراجع، وإن كان النمو القوي للاقتصاد الأميركي واستمرار الضغوط التضخمية يشكلان عامل كبح لهذا المسار.
ويتوقع البنك ارتفاعًا محدودًا لليورو مقابل الدولار، مدعومًا بنمو اقتصاد منطقة اليورو والتوسع المالي في ألمانيا، لكنه يشدد على أن هذا الارتفاع سيظل محدودًا ما لم تظهر البيانات الأميركية ضعفًا واضحًا.
اليورو عند 1.18 دولار بنهاية الربع الأول، و1.20 دولار خلال بقية العام.
الدولار مقابل الين عند 157 ينًا بنهاية الربع الأول، و158  ينًا بنهاية يونيو، وفي الربعين الثالث والرابع 160 و164 ينًا على التوالي.
يتوقع يو بي إس أن يواجه الدولار ضغوطًا إضافية بفعل خفض الفائدة الأميركية، ما يعزز جاذبية اليورو والدولار الأسترالي والكرونة النرويجية.
كما حذر من أن التقييد المالي قد يرفع من تقلبات سوق العملات مستقبلًا، في حين يُرجّح أن تستفيد العملات مرتفعة العائد من اتساع شهية المخاطرة خلال 2026.
يتوقع باركليز أن يؤدي عودة نمو الاقتصاد الأميركي إلى مستوياته الطبيعية، بالتزامن مع تيسير السياسة النقدية، إلى إضعاف الدولار نسبيًا، وهو ما قد يعزز جاذبية أسهم الأسواق الناشئة، التي لا تزال تتداول عند مستويات تقييم أقل من نظيراتها في الأسواق المتقدمة.
يرى ستاندرد تشارترد أن خفض أسعار الفائدة وضعف الدولار المتوقع سيخلقان بيئة داعمة للأصول الخطرة.
وأوضح مانبريت جيل، كبير مسؤولي الاستثمار بالبنك، أن سندات الأسواق الناشئة مرشحة لتفوق الأداء مقارنة بنظيراتها في الدول المتقدمة، مدعومة بعوائد أعلى وتوقعات استمرار ضعف العملة الأميركية.
يرى فرانكلين تمبلتون أن استمرار خفض الفائدة المحتمل من جانب الاحتياطي الفيدرالي، في ظل تباطؤ سوق العمل، سيواصل الضغط على الدولار، ما يدعم الأصول المقومة بالعملات المحلية خارج الولايات المتحدة.
يعتقد بنك أوف أميركا أن ضعف الدولار سيعزز تنافسية السلع والخدمات الأميركية، ويدعم نمو أرباح شركات التصدير والشركات متعددة الجنسيات ذات العمليات الخارجية.
على عكس الاتجاه السائد، يتمسك سيتي جروب بنظرة متفائلة للدولار، مدعومة بعوامل دورية لا هيكلية.
ويتوقع البنك تعافي العملة الأميركية في النصف الأول من 2026 مع تسارع الاقتصاد الأميركي، مرجحًا تراجع اليورو إلى 1.10 دولار بحلول منتصف العام.
ورغم إقراره بوجود ضغوط هيكلية طويلة الأجل على الدولار، يرى سيتي أن انعكاس هذه العوامل على أسعار الصرف قد يستغرق سنوات.
يتوقع دويتشه بنك استقرار سعر صرف الدولار مقابل اليورو قرب مستوياته الحالية بنهاية 2026، مدعومًا بالارتباط الوثيق بين الأسهم الأميركية والدولار، وتدفقات رأسمالية قوية تعكس متانة الاقتصاد الأميركي، واستثمارات الذكاء الاصطناعي، والهدوء النسبي في التوترات مع الصين.
وفي المقابل يحذر البنك يحذر من أن قانون ترامب الضريبي، رغم دعمه للأسهم، قد يرفع الدين الحكومي ويقوض الثقة في الدولار، فضلًا عن مخاوف تتعلق باستقلالية الاحتياطي الفيدرالي بعد تعيين رئيس جديد في مايو 2026.
 
اقرأ أيضًا:
 ",2026-01-11
2026 سنة الحظ إليك الأبراج الأكثر حظا في الفرص والعلاقات,https://www.masrawy.com/howa_w_hya/relationship/details/2026/1/9/2922287/2026-%D8%B3%D9%86%D8%A9-%D8%A7%D9%84%D8%AD%D8%B8-%D8%A5%D9%84%D9%8A%D9%83-%D8%A7%D9%84%D8%A3%D8%A8%D8%B1%D8%A7%D8%AC-%D8%A7%D9%84%D8%A3%D9%83%D8%AB%D8%B1-%D8%AD%D8%B8-%D8%A7-%D9%81%D9%8A-%D8%A7%D9%84%D9%81%D8%B1%D8%B5-%D9%88%D8%A7%D9%84%D8%B9%D9%84%D8%A7%D9%82%D8%A7%D8%AA#hphowaheya-sub,masrawy.com,Not found,2026-01-11
اعرفها جيدا أعضاء الجسم الأكثر عرضة للإصابة بالسرطان ,https://www.masrawy.com/howa_w_hya/health/details/2026/1/9/2922362/%D8%A7%D8%B9%D8%B1%D9%81%D9%87%D8%A7-%D8%AC%D9%8A%D8%AF%D8%A7-%D8%A3%D8%B9%D8%B6%D8%A7%D8%A1-%D8%A7%D9%84%D8%AC%D8%B3%D9%85-%D8%A7%D9%84%D8%A3%D9%83%D8%AB%D8%B1-%D8%B9%D8%B1%D8%B6%D8%A9-%D9%84%D9%84%D8%A5%D8%B5%D8%A7%D8%A8%D8%A9-%D8%A8%D8%A7%D9%84%D8%B3%D8%B1%D8%B7%D8%A7%D9%86-#hphowaheya-sub,masrawy.com,"السرطان مرض يبدأ بانقسام الخلايا غير المنضبط، ويؤدي في النهاية إلى تلف الأنسجة والأعضاء، قد يظهر المرض في أي جزء من الجسم، ولكن وُجد أن بعض الأعضاء أكثر عرضة للإصابة من غيرها. 
ويعتمد تحول الأعضاء إلى أورام خبيثة على معدل تجدد الخلايا، والتعرض لعوامل بيئية، والصفات الوراثية، والتغيرات المرتبطة بالعمر، تشير البيانات الصحية العالمية إلى أن بعض الأعضاء هي المصدر الرئيسي لمعظم حالات التشخيص والوفيات.
في المناطق التي تتوفر فيها خدمات التشخيص والفحص والعلاج، تختلف معدلات الإصابة والوفيات بالسرطان بين السكان، يتأثر الرجال والنساء بشكل مختلف، ويلعب العمر دورًا رئيسيًا في تحديد الأنسجة الأكثر عرضة للإصابة، وتوفر البيانات الخاصة بكل عضو رؤى قابلة للقياس حول أنماط المرض دون تحديد سبب أو آلية واحدة.
ما هي أنواع السرطان الشائعة والأعضاء التي تصيبها؟
تشكل ستة أنواع من السرطان غالبية الحالات المبلغ عنها في جميع أنحاء العالم، وذلك استنادا إلى البيانات التي جمعتها منظمة الصحة العالمية،، وتُمثل سرطانات الرئة والثدي والقولون والمستقيم والبروستاتا والكبد والمعدة مجتمعةً النسبة الأكبر من التشخيصات العالمية.
سرطان الرئة
تتشكل هذه البكتيريا في بطانة الشعب الهوائية والممرات الهوائية الأصغر، ويزداد انتشارها بين السكان المعرضين لدخان التبغ أو الملوثات المحمولة جواً لفترات طويلة. 
سرطان الثدي
يتطور في قنوات وفصوص الثدي، حيث تستجيب الخلايا للنشاط الهرموني. 
سرطان القولون والمستقيم
يتطور في البطانة الظهارية للقولون والمستقيم، وهو جزء من الجسم يخضع لتجديد الخلايا بانتظام. 
سرطان البروستاتا
يتطور في النسيج الغدي للبروستاتا ويوجد في الغالب عند الرجال الأكبر سناً.
سرطان الكبد
يبدأ في خلايا الكبد وعادة ما يكون سببه أمراض الكبد المزمنة أو العدوى الفيروسية أو التعرض طويل الأمد للمواد الكيميائية.
 سرطان المعدة
ينشأ من الغشاء المخاطي للمعدة ويرتبط بالعوامل الغذائية والعدوى المستمرة ببكتيريا الملوية البوابية.
ولطالما ظهرت هذه الأعضاء كأكثر الأعضاء انتشارا في السجلات العالمية.
ما هي أسباب الإصابة بالسرطان؟
السرطان حالة تنشأ عن تلف جيني في المادة الخلوية التي تتحكم في الانقسام، وبالتالي تنقسم الخلايا السرطانية بشكل خارج عن السيطرة.
تم تحديد عدد من العوامل التي تساهم في هذه العملية في مختلف الأعضاء والمجموعات السكانية. 
الطفرات الجينية إما موروثة من الآباء أو مكتسبة بمرور الوقت العدوى المزمنة، بما في ذلك التهاب الكبد B و C، وفيروس الورم الحليمي البشري، وبكتيريا الملوية البوابية التعرض المطول للمواد الكيميائية المسرطنة الموجودة في دخان التبغ أو المركبات الصناعية أو الأغذية الملوثة الإشعاع المؤين الناتج عن التصوير الطبي، أو المصادر البيئية، أو التعرض في مكان العمل التغيرات الهرمونية التي تؤثر على أنسجة مثل الثدي والبروستاتا والكبد الالتهاب المستمر الناجم عن العدوى أو اضطرابات المناعة الذاتية أو الإصابة المتكررة.
ما هي العوامل التي تزيد من خطر الإصابة بالسرطان؟ 
تزيد بعض العوامل من احتمالية الإصابة بالسرطان، وتختلف هذه العوامل باختلاف العضو المصاب والخصائص الديموغرافية.
العمر فوق 50 عامًا، ما يعكس التلف الخلوي التراكمي وآليات الإصلاح الأبطأ يرتبط استخدام التبغ بأي شكل من الأشكال ارتباطًا وثيقًا بسرطان الرئة والفم وأنواع أخرى من السرطان.
تؤثر الأنظمة الغذائية الغنية باللحوم المصنعة أو الحمراء والفقيرة بالألياف الغذائية على خطر الإصابة بسرطان القولون والمستقيم وسرطان المعدة. 
تناول الكحول بكثرة أو لفترات طويلة السمنة وقلة النشاط البدني التاريخ العائلي لأنواع معينة من السرطان التعرض للمواد المسرطنة البيئية والمهنية، بما في ذلك الأسبستوس والمواد الكيميائية وملوثات الهواء العدوى المزمنة أو الالتهاب غير المعالج.
كيفية تقليل فرص الإصابة بالسرطان
تهدف التدابير الوقائية إلى الحد من التعرض للأسباب والحد من عوامل الخطر، وتشير الأدلة إلى وجود اختلافات على مستوى السكان فيما يتعلق باتباع التدابير الوقائية.
الإقلاع عن التدخين والابتعاد عن الأماكن التي ينتشر فيها التدخين السلبي الحصول على لقاحات ضد الفيروسات التي تسبب السرطان، مثل التهاب الكبد ب وفيروس الورم الحليمي البشري.
 اتبع نظامًا غذائيًا يحتوي على كميات كافية من الخضراوات والفواكه والحبوب الكاملة، وقلل أيضًا من تناول الأطعمة المصنعة.
الحفاظ على وزن صحي من خلال ممارسة التمارين الرياضية بانتظام، والحد من استهلاك الكحول.
الحد من التعرض للمواد المسرطنة المهنية والبيئية المشاركة في برامج الفحص الصحي العام.
كيف يمكن الكشف عن السرطان مبكرا؟
يتيح الكشف المبكر رصد التغيرات الخبيثة قبل أن يتاح للمرض الوقت الكافي للنمو والانتشار، وللفحوصات التشخيصية والمسحية أثر بالغ في تغيير الوضع.
الفحوصات التصويرية مثل الأشعة السينية، والتصوير المقطعي المحوسب، والتصوير بالرنين المغناطيسي، والموجات فوق الصوتية إجراءات التنظير الداخلي لفحص الجهاز الهضمي بصريًا والحصول على عينات من الأنسجة خزعات للتأكيد النسيجي المرضي للورم الخبيث
فحوصات الدم للكشف عن مؤشرات الأورام الخاصة بأعضاء معينة برامج الفحص على مستوى السكان، بما في ذلك التصوير الشعاعي للثدي، وتنظير القولون، واختبار مستضد البروستات النوعي الاختبارات الجينية لتحديد الطفرات الوراثية التي تزيد من احتمالية الإصابة بالسرطان.
كيف يُعالج السرطان اليوم خيارات الرعاية المتاحة للمرضى
تختلف أساليب العلاج باختلاف العضو المصاب، ومرحلة الورم، والحالة الصحية العامة للمريض. 
وتركز الرعاية التلطيفية على تخفيف الأعراض والحفاظ على جودة الحياة عندما لا يكون الشفاء التام خيارًا متاحًا.
الاستئصال الجراحي للأورام والأنسجة المصابة
العلاج الإشعاعي لقتل الخلايا السرطانية مع تقليل الضرر الذي يلحق بالأنسجة السليمة إلى الحد الأدنى العلاج الكيميائي باستخدام الأدوية السامة للخلايا لقتل الخلايا الأسرع انقسامًا
العلاج الموجه الذي يستهدف خصائص جزيئية محددة للأورام العلاج المناعي الذي يساعد جهاز المناعة لدى المريض على مكافحة السرطان 
العلاج الهرموني لأنواع السرطان الحساسة للإشارات الهرمونية، مثل سرطان الثدي وسرطان البروستاتا. 
الرعاية التلطيفية، بما في ذلك إدارة الألم، والدعم الغذائي، والمساعدة النفسية.
اقرأ أيضًا: 
 ",2026-01-11
جمال الطبيعة 7 مخلوقات رائعة ذات دم أزرق اللون صور,https://www.masrawy.com/howa_w_hya/relationship/details/2026/1/9/2922346/%D8%AC%D9%85%D8%A7%D9%84-%D8%A7%D9%84%D8%B7%D8%A8%D9%8A%D8%B9%D8%A9-7-%D9%85%D8%AE%D9%84%D9%88%D9%82%D8%A7%D8%AA-%D8%B1%D8%A7%D8%A6%D8%B9%D8%A9-%D8%B0%D8%A7%D8%AA-%D8%AF%D9%85-%D8%A3%D8%B2%D8%B1%D9%82-%D8%A7%D9%84%D9%84%D9%88%D9%86-%D8%B5%D9%88%D8%B1-#hphowaheya-sub,masrawy.com,"كتب – سيد متولي
عندما نفكر في الدم، يتبادر إلى أذهاننا عادةً اللون الأحمر، لكن في عالم الحيوان، تمتلك بعض الكائنات دما يبدو أزرق اللون نتيجة لنظام نقل أكسجين مختلف تماما.
فبدلا من استخدام الهيموجلوبين الغني بالحديد كما في البشر، تستخدم هذه الحيوانات جزيئا نحاسيا يسمى الهيموسيانين، والذي يتحول لونه إلى الأزرق عند ارتباطه بالأكسجين، والنتيجة هي مجموعة من الحيوانات الرائعة، التي يتحدى دمها المألوف ويدعم أساليب حياتها الفريدة، بحسب تايمز أوف إنديا.
- سرطان حدوة الحصان
تصنف سرطانات حدوة الحصان ضمن أكثر الحيوانات شيوعًا ذات ""الدم الأزرق"" في العالم، هذه الحيوانات التي تعود إلى عصور ما قبل التاريخ هي مفصليات بحرية، إلا أن دمها يحتوي على الهيموسيانين بدلًا من الهيموجلوبين لتسهيل نقل الأكسجين في أجسامها.
ولا يقتصر ""الدم الأزرق"" على كونه جذابًا من الناحية الجمالية فحسب، بل له أيضًا فائدة عظيمة في العلوم الطبية، إذ يُستخدم أحد مكوناته في اختبار التلوث في الأدوات الطبية.
- الأخطبوط
تشتهر الأخطبوطات بذكائها وقدرتها على التكيف مع بيئتها، كما أن دمها أزرق اللون. 
يتكون الهيموسيانين الموجود في دمها من النحاس، ما يسمح لها بالعيش بسهولة في بيئات منخفضة الأكسجين، وهذا يمكّنها من نقل الأكسجين بسهولة حتى في الظروف التي لا يستطيع فيها الدم ذو التركيب الحديدي القيام بذلك.
- الحبار
مثل أبناء عمومتها من رأسيات الأرجل، يمتلك الحبار دماً أزرق اللون بفضل الهيموسيانين، وقد تكيّف جهازه الدوري خصيصا للحياة في أعماق المحيط، حيث تنخفض مستويات الأكسجين. 
ويعتمد الحبار على هذا النظام القائم على النحاس لنقل الأكسجين إلى الأنسجة بكفاءة، ما يمكّنه من أن يكون مفترسا سريعا ورشيقا في عالم لا يؤدي فيه الدم الأحمر وظيفته بكفاءة.
- العقرب
على الرغم من أن العقارب من المفصليات البرية، إلا أن دمها أزرق، ويعود سبب قدرتها على العيش في ظروف قاحلة منخفضة الأكسجين إلى وجود الهيموسيانين في سوائلها الجسدية، ويُعتقد أن هذه الخاصية موروثة من أسلاف قديمة، وترتبط بالحياة البحرية.
- سرطان البحر
يمتلك سرطان البحر ""الكركند"" دما أزرق اللون يسري في جميع أنحاء جسمه، ما يمكّنه من التنفس في المياه الباردة التي تفتقر إلى الأكسجين، وجود الماء في جسمه يزيد من زرقة دمه النحاسي، ولعل هذا أحد أسباب ازدهار الكركند في الماء.
- القواقع البحرية
تمتلك القواقع البحرية دما أزرق اللون لاحتوائها على الهيموسيانين، وتوجد هذه القواقع في بيئات محيطية متنوعة، من المناطق الضحلة حول الشعاب المرجانية إلى الأعماق. 
ويمكّنها تركيب دمها الأزرق من الحصول على كمية كافية من الأكسجين من محيطها، ويعد الدم الأزرق للقواقع البحرية تكيفا مثيرا للاهتمام للبقاء على قيد الحياة.
- العناكب
لا تتمتع العناكب بمظهرٍ ملفت، لكن الحقيقة أن معظم أنواعها تمتلك سائلا دمويا أزرق اللون داخل أوعيتها الدموية؛ وهو في الأساس دم، ويعود هذا اللون الأزرق إلى صبغة الهيموسيانين.
ويتميز نظام نقل الأكسجين في جسم العنكبوت بالكفاءة، فهو يتمتع بخفة الحركة والقدرة على الصيد بفعالية حتى في بيئات منخفضة الأكسجين كالجحور.
يُظهر تنوع ألوان الدم في الطبيعة كيف توصل التطور إلى مجموعة من الحلول لمشكلة بيولوجية واحدة، ألا وهي نقل الأكسجين.
ففي المحيطات، توجد مخلوقات ضخمة كالأخطبوطات، وفي الصحاري، توجد حيوانات مفترسة كالعقارب والعناكب، ويعد الدم الأزرق حلا بارعا يمكّن الكائنات الحية من البقاء في بيئات قد لا يكون فيها الدم الأحمر فعالا.",2026-01-11
بـ10 جنيهات خضار شائع يحسن النوم ويخفض الكوليسترول في الدم,https://www.masrawy.com/howa_w_hya/health/details/2026/1/9/2922359/%D8%A8%D9%8010-%D8%AC%D9%86%D9%8A%D9%87%D8%A7%D8%AA-%D8%AE%D8%B6%D8%A7%D8%B1-%D8%B4%D8%A7%D8%A6%D8%B9-%D9%8A%D8%AD%D8%B3%D9%86-%D8%A7%D9%84%D9%86%D9%88%D9%85-%D9%88%D9%8A%D8%AE%D9%81%D8%B6-%D8%A7%D9%84%D9%83%D9%88%D9%84%D9%8A%D8%B3%D8%AA%D8%B1%D9%88%D9%84-%D9%81%D9%8A-%D8%A7%D9%84%D8%AF%D9%85#hphowaheya-sub,masrawy.com,"كتبت- أسماء العمدة:
تحمل بعض الخضروات البسيطة والمتوافرة يوميا تحمل فوائد صحية كبيرة، ويأتي الخس في مقدمتها، لما له من تأثير إيجابي على تحسين جودة النوم وخفض مستويات الكوليسترول الضار في الدم.
وأوضح معتز القيعي، أخصائي التغذية العلاجية والرياضية، أن الخس يحتوي على مركبات طبيعية ذات تأثير مهدئ خفيف على الجهاز العصبي، أبرزها مادة تعرف بـ""اللاكتوكاريوم""، والتي تساعد على تهدئة الأعصاب وتقليل التوتر، ما يساهم في نوم أكثر هدوءا واستقرارا.
وأشار في تصريحاته لـ""مصراوي"" إلى أن احتواء الخس على معادن مهمة، مثل المغنيسيوم، يعزز استرخاء العضلات ويساعد على تنظيم دورة النوم، الأمر الذي يجعله خيارا مناسبا ضمن وجبة العشاء.
وأضاف أن فوائد الخس لا تقتصر على تحسين النوم فقط، بل تمتد لدعم صحة القلب، بفضل احتوائه على الألياف الغذائية التي تقلل من امتصاص الكوليسترول في الجهاز الهضمي، إلى جانب مضادات الأكسدة التي تساهم في حماية الشرايين من التلف.
ولفت إلى أن تناول الخس بانتظام، ضمن نظام غذائي متوازن، يساعد على خفض مستويات الكوليسترول الضار وتحسين المؤشرات العامة لصحة القلب.
واختتم القيعي قائلا: ""للاستفادة القصوى من فوائد الخس، يفضل تناوله طازجا ضمن السلطات، مع تجنب الإكثار من الإضافات الدسمة"".
يذكر أن سعر حزمة الخس في سوق العبور يبدأ من 10 جنيهات حتى 20 جنيها حسب حجمها وجودتها.",2026-01-11
ماذا يكشف لون منزلك عن شخصيتك الأحمر قد يكون كارثيا,https://www.masrawy.com/howa_w_hya/relationship/details/2026/1/9/2922394/%D9%85%D8%A7%D8%B0%D8%A7-%D9%8A%D9%83%D8%B4%D9%81-%D9%84%D9%88%D9%86-%D9%85%D9%86%D8%B2%D9%84%D9%83-%D8%B9%D9%86-%D8%B4%D8%AE%D8%B5%D9%8A%D8%AA%D9%83-%D8%A7%D9%84%D8%A3%D8%AD%D9%85%D8%B1-%D9%82%D8%AF-%D9%8A%D9%83%D9%88%D9%86-%D9%83%D8%A7%D8%B1%D8%AB%D9%8A%D8%A7#hphowaheya-sub,masrawy.com,"كشفت دراسات حديثة في علم النفس أن ألوان جدران المنزل تلعب دورا مؤثرا في الحالة النفسية والسلوكية للأفراد، وتعكس جوانب من الشخصية وتؤثر على المزاج والتركيز.
وحذرت الدراسة من أن بعض الألوان، وعلى رأسها الأحمر، قد يكون لها تأثير سلبي يصل إلى حد التوتر واضطراب الهدوء النفسي.
وكشف البروفيسور جيف بيتي، أستاذ علم النفس بجامعة إيدج هيل البريطانية، أن اختيار لوحة ألوان المنزل يمثل تجربة نفسية متكاملة، وليس مجرد تنسيق بصري. 
وأوضح في مقال نشره على موقع The Conversation أن أبحاثا متزايدة في مجالات علم الأعصاب والسلوك تؤكد أن للألوان تأثيرا مباشرا على الحالة العاطفية والأداء الذهني والتفاعلات الاجتماعية، وتمتد آثارها إلى جودة النوم والصحة النفسية على المدى الطويل، وفق ما نقلته صحيفة ديلي ميل.
الأخضر للإبداع.. والأحمر للتوتر
وينصح بيتي باختيار الأخضر المطفأ للأماكن التي تتطلب تفكيرا وإبداعا، مؤكدا أن هذا اللون يرتبط بالطبيعة ويساعد على تقليل الإجهاد الذهني وتحفيز حل المشكلات.
وحذر من استخدام الأحمر في غرف الدراسة أو العمل، مشيرا إلى أنه قد يضعف القدرة على التركيز، ويحول المساحة إلى بيئة مرهقة ذهنيا على المدى الطويل.
الألوان المحايدة
أما الألوان المحايدة مثل الأبيض والرمادي والبيج، فهي منخفضة التحفيز البصري، وتساعد على تقليل التوتر والإرهاق الحسي، كما تمنح الإحساس بالاتساع، وتناسب الأطفال والكبار على حد سواء.
وشدد بيتي على أن درجة اللون والسياق المحيط به عاملان حاسمان، موضحا أن الأبيض الفاقع أو الرمادي البارد قد يثيران شعورا بالبرودة أو الحزن، خاصة في الأماكن ضعيفة الإضاءة.
الأزرق والأصفر
ويرتبط الأزرق غالبا بالسماء والماء، ما يمنحه تأثيرا مهدئا، خصوصا عند استخدام درجات منخفضة أو متوسطة التشبع، وهي درجات تعزز الراحة طويلة الأمد.
أما الأصفر، فيمنح شعورا بالبهجة لارتباطه بضوء الشمس، لكنه يصبح محفزا للتوتر إذا كان عالي التشبع، لذلك يفضل استخدامه بحذر في المساحات الاجتماعية فقط.
اقرأ أيضًا:",2026-01-11
حصدت إشادات الجمهور أنغام تطرح أغنيتها الجديدة الحب حالة,https://www.masrawy.com/arts/music/details/2026/1/10/2923036/-%D8%AD%D8%B5%D8%AF%D8%AA-%D8%A5%D8%B4%D8%A7%D8%AF%D8%A7%D8%AA-%D8%A7%D9%84%D8%AC%D9%85%D9%87%D9%88%D8%B1-%D8%A3%D9%86%D8%BA%D8%A7%D9%85-%D8%AA%D8%B7%D8%B1%D8%AD-%D8%A3%D8%BA%D9%86%D9%8A%D8%AA%D9%87%D8%A7-%D8%A7%D9%84%D8%AC%D8%AF%D9%8A%D8%AF%D8%A9-%D8%A7%D9%84%D8%AD%D8%A8-%D8%AD%D8%A7%D9%84%D8%A9-#hparts-sub,masrawy.com,"كتب - معتز عباس:
حققت النجمة أنغام نجاحًا كبيرًا بمجرد طرحها، اليوم السبت، أغنية ""الحب حالة""، على موقع الفيديوهات الشهير يوتيوب وباقي منصات الموسيقى المختلفة.
أطلقت أنغام أغنية ""الحب حالة""، كلمات وألحان روزام ، تسجيل الموسيقى مع الموزع العالمي Cheche Alara، في ستوديو، East West Studios, Los، ميكس وماستر طارق مدكور.
حصدت الأغنية ردود فعل إيجابية من الجمهور عبر موقع يوتيوب، وجاءت التعليقات، كالتالي: ""جميلة روعة أوي""، ""سمعتها في الحفلة تجنن""، ""مفيش زي صوتك""، ""الله عليكي يا صوت مصر""، ""مفيش في حلاوة صوتك"".
حفل المطربة أنغام في السعودية.
يذكر أن المطربة أنغام أحيت حفلًا غنائيًا ضخمًا مؤخرا في المملكة العربية السعودية، في ليلة رأس السنة 2026.
بدأ حفل أنغام بقيادة الموسيقار هاني فرحات، وقدمت باقة مختارة من أجمل أعمالها الغنائية القديمة والحديثة، ""هو أنت مين""، ""سانده عليك""، ""اسكت""، ""خليني شوية معاك""، ""لا تهچي""، تلاقينا""، ""اتجاه واحد""، ""تيجي نسيب""، ""لوحة باهتة"".
كما شاركت المطربة العالمية توني بركستون المطربة أنغام تقديم أغنية ضمن الحفل الغنائي المقام حاليًا في الرياض بمناسبة ليلة رأس السنة والمذاع على قناة ""ام بي سي مصر"".",2026-01-11
انهيار وبكاء ميرنا وليد أثناء حديثها عن عائلتها فيديو,https://www.masrawy.com/arts/zoom/details/2026/1/10/2923031/%D8%A7%D9%86%D9%87%D9%8A%D8%A7%D8%B1-%D9%88%D8%A8%D9%83%D8%A7%D8%A1-%D9%85%D9%8A%D8%B1%D9%86%D8%A7-%D9%88%D9%84%D9%8A%D8%AF-%D8%A3%D8%AB%D9%86%D8%A7%D8%A1-%D8%AD%D8%AF%D9%8A%D8%AB%D9%87%D8%A7-%D8%B9%D9%86-%D8%B9%D8%A7%D8%A6%D9%84%D8%AA%D9%87%D8%A7-%D9%81%D9%8A%D8%AF%D9%8A%D9%88#hparts-sub,masrawy.com,"حلت الفنانة ميرنا وليد ضيفة على برنامج ""ورقة بيضا"" تقديم الإعلامية يمنى بدراوي والمعروض على قناة ""النهار"".
تحدثت ميرنا عن علاقتها بنجوم الوسط الفني، والسر وراء ابتعادها عن التمثيل خلال الفترة المقبلة، إلى جانب كواليس وأسرار تخص حياتها الشخصية كشفت عنها لأول مرة؟.
وبسؤالها من قبل الإعلامية يمى بدراوي: ""أي اتنين متجوزين بيمروا بمطبات بتعدوها ازاي؟""، ردت عليها ميرنا وليد وقالت: ""بالعقل والصبر، بأنك تعدي ساعات حاجات كتير، عشان تحسي ان الأسرة هي أسرة وعشان تخلي عيالك ميعشوش اللي عشته"".
ولم تتمالك ميرنا وليد نفسها وأجهشت في البكاء وسط تأثرها بحديثها عن عائلتها.
كانت آخر مشاركات ميرنا في الدراما التلفزيونية بمسلسل ""قيد عائلي"" عام 2019، وشاركها البطولة كل من ميرفت أمين، الراحل عزت العلايلي، بوسي، صلاح عبدالله، تأليف محمد رجاء وميشيل نبيل، إخراج تامر حمزة.
 اقرأ أيضا:",2026-01-11
رمضان 2026 11 صورة من كواليس مسلسل أب ولكن,https://www.masrawy.com/arts/tv-theater/details/2026/1/10/2922983/%D8%B1%D9%85%D8%B6%D8%A7%D9%86-2026-11-%D8%B5%D9%88%D8%B1%D8%A9-%D9%85%D9%86-%D9%83%D9%88%D8%A7%D9%84%D9%8A%D8%B3-%D9%85%D8%B3%D9%84%D8%B3%D9%84-%D8%A3%D8%A8-%D9%88%D9%84%D9%83%D9%86-#hparts-sub,masrawy.com,"كشفت الشركة المتحدة للخدمات الإعلامية، عبر منصاتها على مواقع التواصل الاجتماعي، عن صور جديدة من كواليس تصوير مسلسل ""أب ولكن""، الذي من المقرر عرضه في رمضان 2026.
مسلسل أب ولكن بطولة محمد فراج، ركين سعد، هاجر أحمد، سوسن بدر، سامي مغاوري، هايدي عبدالخالق، إسلام جمال، أحمد كشك، سلوى عثمان، بسمة داوود، ناردين عبدالسلام، فاتن سعيد، إبراهيم السمان، محمد أبو داوود وحجاج عبدالعظيم، ومن تأليف وإخراج ياسمين أحمد كامل. 
""أب ولكن"" تدور أحداثه في إطار اجتماعي يسلط الضوء على عدد من قوانين الأحوال الشخصية وغيرها من الموضوعات التي تهم الأسرة المصرية والمجتمع.",2026-01-11
رمضان 2026 ماذا قال أحمد عيد عن مشاركته في مسلسل أولاد الراعي,https://www.masrawy.com/arts/tv-theater/details/2026/1/10/2922973/%D8%B1%D9%85%D8%B6%D8%A7%D9%86-2026-%D9%85%D8%A7%D8%B0%D8%A7-%D9%82%D8%A7%D9%84-%D8%A3%D8%AD%D9%85%D8%AF-%D8%B9%D9%8A%D8%AF-%D8%B9%D9%86-%D9%85%D8%B4%D8%A7%D8%B1%D9%83%D8%AA%D9%87-%D9%81%D9%8A-%D9%85%D8%B3%D9%84%D8%B3%D9%84-%D8%A3%D9%88%D9%84%D8%A7%D8%AF-%D8%A7%D9%84%D8%B1%D8%A7%D8%B9%D9%8A-#hparts-sub,masrawy.com,"تحدث الفنان أحمد عيد عن كواليس مشاركته بمسلسل ""أولاد الراعي"" بطولة الفنان ماجد المصري والمقرر عرضه ضمن موسم دراما رمضان 2026.
حل أحمد عيد ضيفا على قناة ""dmc"" وتحدث عن كواليس مشاركته الفنان ماجد المصري بطولة المسلسل، وعن تقديم عمل درامي بشكل مختلف عن كل ما قدمه من قبل في الدراما التليفزيونية، وسط منافسة شرسة بين أبرز النجوم.
وعن كواليس المسلسل قال أحمد عيد: ""إن شاء الله يبقى حاجة كويسة، ونقدم للجمهور رسائل كويسة، مش مجرد دراما وتسلية وخلاص، يبقى فيه معنى"".
كواليس مسلسل ""أولاد الراعي""
المسلسل بطولة الفنان ماجد المصري ويشاركه البطولة كل من خالد الصاوي، أحمد عيد، إيهاب فهمي، نيرمين الفقي، قصة ريمون مقار، سيناريو وحوار محمود شكري، إخراج محمود كامل.
آخر مشاركات أحمد عيد الفنية
كانت آخر مشاركات الفنان أحمد عيد بمسلسل ""الحشاشين"" بطولة النجم كريم عبدالعزيز وعُرض ضمن موسم دراما رمضان 2024.
 اقرأ أيضا:
 ",2026-01-11
انهيار النجمة وحضور زوجة رئيس لبنان 17 صورة من جنازة هلي ابن فيروز ,https://www.masrawy.com/arts/zoom/details/2026/1/10/2922953/-%D8%A7%D9%86%D9%87%D9%8A%D8%A7%D8%B1-%D8%A7%D9%84%D9%86%D8%AC%D9%85%D8%A9-%D9%88%D8%AD%D8%B6%D9%88%D8%B1-%D8%B2%D9%88%D8%AC%D8%A9-%D8%B1%D8%A6%D9%8A%D8%B3-%D9%84%D8%A8%D9%86%D8%A7%D9%86-17-%D8%B5%D9%88%D8%B1%D8%A9-%D9%85%D9%86-%D8%AC%D9%86%D8%A7%D8%B2%D8%A9-%D9%87%D9%84%D9%8A-%D8%A7%D8%A8%D9%86-%D9%81%D9%8A%D8%B1%D9%88%D8%B2-#hparts-sub,masrawy.com,"كتب- هاني صابر:
أقيمت اليوم السبت، مراسم جنازة هلي الرحباني ابن المطربة الكبيرة فيروز من كنيسة رقاد السيدة في منطقة المحيدثة – بكفيا.
وشهدت الجنازة، انهيار المطربة الكبيرة فيروز بالبكاء، وحضور السيدة نعمت عون زوجة الرئيس اللبناني.
ورحل عن عالمنا يوم الخميس الماضي، ابن السيدة فيروز، هلي الرحباني، عن عمر يناهز الـ 60 عامًا، وكان الراحل من ذوي الاحتياجات الخاصة.
ويعد هلي الرحباني هو الابن الأصغر لـ ""جارة القمر"" فيروز، وحرصت على إخفائه عن الأضواء لسنوات عديدة.
وأكد الأطباء، وقت ولادته أن نجلها لن يعيش سوى مدة قصيرة، إذ ولد وهو يعاني إعاقة ذهنية وحركية استمرت معه حتى وفاته.
وأطلقت فيروز على ابنها هلي، وتعني كلمة ""هلي"" بـ""أهلي"" بالعامية اللبنانية، ورفضت الفنانة وضع ابنها هلي في دار للرعاية، وفضلت رعايته بنفسها حتى وفاته.",2026-01-11
سيارات المديرين طرح 25 سيارة ملاكي تابعة لبنك مصر للبيع بالمزاد,https://www.masrawy.com/autos/autos_news/details/2026/1/10/2922910/-%D8%B3%D9%8A%D8%A7%D8%B1%D8%A7%D8%AA-%D8%A7%D9%84%D9%85%D8%AF%D9%8A%D8%B1%D9%8A%D9%86-%D8%B7%D8%B1%D8%AD-25-%D8%B3%D9%8A%D8%A7%D8%B1%D8%A9-%D9%85%D9%84%D8%A7%D9%83%D9%8A-%D8%AA%D8%A7%D8%A8%D8%B9%D8%A9-%D9%84%D8%A8%D9%86%D9%83-%D9%85%D8%B5%D8%B1-%D9%84%D9%84%D8%A8%D9%8A%D8%B9-%D8%A8%D8%A7%D9%84%D9%85%D8%B2%D8%A7%D8%AF#hpautos-sub,masrawy.com,"أعلن بنك مصر عن تفاصيل وموعد طرح 25 سيارة ركوب ""ملاكي"" موديلات من 2014 إلى 2022، للبيع لأعلى سعر بالمزاد العلني المباشر.
تقام جلسة المزاد بحسب المعلن من مكتب الخبير المثمن المشرف على 
عملية البيع، يوم الاثنين 19 يناير الجاري، وذلك في تمام الساعة 12 ظهرًا.
ويتاح للبيع بالمزاد سيارات ماركات ""تويوتا كورولا - أوبل إنسيجنيا - نيسان صني - هيونداي إلنترا - بيجو 508 - نيسان سنترا - فولكس فاجن باسات"".
ويشترط للراغبين في دخول المزاد سداد مبلغ تأميني وقدره 100 ألف جنيه، وشراء كراسة الشروط وقيمتها 750 جنيه من مكتب الخبير المثمن الكائن في 2 شارع شريف عمارة اللواء بجوار وزارة الأوقاف.
ويتاح معاينة السيارات بعد شراء كراسة الشروط، صحبة فنيين متخصصين داخل جراج بنك مصر في بني سويف من اليوم وحتى يوم انعقاد المزاد.
وأوضح مكتب الخبرة والتثمين المشرف على عملية البيعk أن السيارات المطروحة كانت مخصصة لاستخدام مديري الأفرع المختلفة لبنك مصر.
وأشار المثمن إلى أن كل سيارة يتم التزايد عليها بشكل فردي وليس بنظام ""اللوط"" الواحد، ومن يرسو عليه المزاد يسدد قيمة السيارة نقدًا في نفس اليوم.
اقرأ أيضًا:",2026-01-11
  قبل ما تمضي 9 نصائح قبل استلام سيارتك الـزيرو لتفادي المفاجآت,https://www.masrawy.com/autos/autos_news/details/2026/1/10/2922913/-%D9%82%D8%A8%D9%84-%D9%85%D8%A7-%D8%AA%D9%85%D8%B6%D9%8A-9-%D9%86%D8%B5%D8%A7%D8%A6%D8%AD-%D9%82%D8%A8%D9%84-%D8%A7%D8%B3%D8%AA%D9%84%D8%A7%D9%85-%D8%B3%D9%8A%D8%A7%D8%B1%D8%AA%D9%83-%D8%A7%D9%84%D9%80-%D8%B2%D9%8A%D8%B1%D9%88-%D9%84%D8%AA%D9%81%D8%A7%D8%AF%D9%8A-%D8%A7%D9%84%D9%85%D9%81%D8%A7%D8%AC%D8%A2%D8%AA#hpautos-sub,masrawy.com,"يقع بعض المستهلكين في سوق السيارات، خاصة من يقدمون على شراء سيارة للمرة الأولى، في عدد من الأخطاء الشائعة عند استلام السيارة الجديدة ""الزيرو"" من الوكيل أو الموزعين. 
وغالبًا ما تتسبب حالة الحماس والنشوة المصاحبة لقرار الشراء في التغاضي عن ملاحظات مهمة، قد تبدو بسيطة في حينها، لكنها قد تؤدي لاحقًا إلى خسائر مالية كبيرة أو مشكلات فنية مزعجة.
ونستعرض من خلال التقرير التالي عددًا من النصائح المهمة قبل شراء سيارة جديدة لأول مرة:
أول خطوة.. يجب قبل التوقيع على أي مستند قراءته جيدًا والتأكد من فهم كل كلمة واردة ومنصوص عليها، إذ يسبب الفهم الخاطئ لبعض بنود التعاقد في أزمات لاحقة بين الطرفين البائع والمشتري.
ينبغي على المشتري التأكد قبل شراء سيارته الجديدة لأول مرة، أن طلاء السيارة الخارجي لا يوجد به أي خدوش أو اختلاف في لون الطلاء، بالإضافة إلى فحص الأبواب والشنطة الخلفية وخلوها من أي صدمات.
يعد فحص الزجاج والإطارات من الأولويات التي يجب على المشتري مراجعتها، والتأكد من عدم وجود أي خدوش أو كسور بهما، فضلًا عن مراجعة الإطارات وأن تاريخ إنتاجها حديث.
يجب على المشتري مراجعة رقم الشاسيه والموتور المدونين على السيارة، وأنهما مطابقين مع البيانات الموجودة في الفاتورة أو أوراق التسليم.
يجب على المشتري التحقق جيدًا من سلامة المقاعد والمقصورة بالكامل وفرش المقاعد الأبواب، وعدم وجود أي خدوش أو أي مشاكل من أي نوع.
يجب على المشتري التأكد من سلامة تشغيل جميع التجهيزات الداخلية والخارجية للسيارة الجديدة، وأبرزها تشغيل الشاشة، والكاميرات، وحساسات الركن، والنوافذ الكهربائية.
من بين أبرز الأشياء التي يجب مراجعتها قبل إتمام عملية الشراء، مستويات جميع السوائل وأبرزها زيت المحرك، سائل التبريد، زيت الفرامل، وسائل المساحات.
يجب مراجعة عداد الكيلومترات، وعادة يكون أقل من 50 كم).
يجب على المشتري التأكد من السيارة بشكل كامل والتأكد من سلامتها بنسبة 100%، وعدم التوقيع والاقرار بالاستلام حال وقود أي ملاحظات.
اقرأ أيضًا:",2026-01-11
 أرخص سيارة 7 راكب مناسبة للعائلات بالسوق المصري,https://www.masrawy.com/autos/autos_news/details/2026/1/10/2922950/-%D8%A3%D8%B1%D8%AE%D8%B5-%D8%B3%D9%8A%D8%A7%D8%B1%D8%A9-7-%D8%B1%D8%A7%D9%83%D8%A8-%D9%85%D9%86%D8%A7%D8%B3%D8%A8%D8%A9-%D9%84%D9%84%D8%B9%D8%A7%D8%A6%D9%84%D8%A7%D8%AA-%D8%A8%D8%A7%D9%84%D8%B3%D9%88%D9%82-%D8%A7%D9%84%D9%85%D8%B5%D8%B1%D9%8A#hpautos-sub,masrawy.com,"مع ارتفاع الطلب على السيارات العائلية في السوق المصري، أصبحت الطرازات سباعية المقاعد التي تجمع بين المساحات الواسعة والراحة والاستهلاك المنخفض للوقود مطلبًا أساسيًا للمقبلين على الشراء خاصة مع الانخفاضات الأخيرة بالسوق المحلي.
ويتوفر في السوق المحلي حاليًا العشرات من سيارات ثلاثية الصفوف سباعية المقاعد، ڤي چي ڤي U70 Pro الصينية الجديدة من بين أبرز تلك السيارات وأرخصها سعرًا خلال شهر يناير الجاري.
ونستعرض من خلال التقرير التالي أبرز مواصفاتها وأسعارها بالسوق المصري:
تصنف ڤي چي ڤي U70 Pro كأرخص سيارة 7 راكب في مصر وهي متاحة بفئتين من التجهيزات، بفئة واحدة فقط سعرها الرسمي مليون و50 ألف جنيه.
تتمتع السيارة الصينية الجديدة بأبعاد يبلغ طولها 4825 مم وعرضها 1870 مم، بينما يصل ارتفاعها الكلي إلى 1691 مم.
تم تجهيزها بقاعدة عجلات بطول 2800 مم، وهي مزودة بعجلات رياضية بقياس 18 بوصة. كما تتمتع بمساحة تخزين واسعة تبلغ 1800 لتر عند طي المقاعد الخلفية.
تعمل السيارة بمحرك سعة 1500 سي سي مع شاحن توربيني، يولد قوة 156 حصانًا وعزم دوران أقصى يصل إلى 215 نيوتن متر، مع ناقل حركة ستيبترونيك من 6 سرعات.
تتميز السيارة أيضًا بمصابيح LED نهارية وأمامية وخلفية، زجاج ملون، ومرايا جانبية قابلة للتعديل كهربائيًا كهربائي، بالإضافة إلى باب شنطة كهربائي.
أما من حيث السلامة، فتحتوي السيارة على العديد من الأنظمة المتطورة، مثل الوسائد الهوائية الأمامية والجانبية، وفرامل ABS المانعة للانغلاق، ونظام توزيع قوة الفرامل EBD، ونظام TPMS لمراقبة ضغط الإطارات.
كما تم تزويدها بحساسات ركن خلفية، كاميرا 360 درجة، مثبت سرعة، ونظام ARP للحماية من الانقلاب، بالإضافة إلى فرامل يد كهربائية EPB، وأنظمة HAC و DAC للمساعدة في صعود وهبوط المنحدرات.
على صعيد الراحة والترفيه، توفر السيارة مزايا مثل زر تشغيل وإيقاف المحرك، الدخول بدون مفتاح عبر بصمة الإصبع، شاشة معلومات بحجم 10.25 بوصة، ونظام صوتي محيطي، إلى جانب تكييف أوتوماتيك، فتحة سقف بانورامية، ومقعد سائق قابل للتعديل كهربائيًا في 6 اتجاهات.
اقرأ أيضًا:",2026-01-11
هافال h6  أم gs4 max صراع قوي في فئة الـsuv والفارق 51 ألف جنيه,https://www.masrawy.com/autos/autos_news/details/2026/1/10/2922844/%D9%87%D8%A7%D9%81%D8%A7%D9%84-h6-%D8%A3%D9%85-gs4-max-%D8%B5%D8%B1%D8%A7%D8%B9-%D9%82%D9%88%D9%8A-%D9%81%D9%8A-%D9%81%D8%A6%D8%A9-%D8%A7%D9%84%D9%80suv-%D9%88%D8%A7%D9%84%D9%81%D8%A7%D8%B1%D9%82-51-%D8%A3%D9%84%D9%81-%D8%AC%D9%86%D9%8A%D9%87#hpautos-sub,masrawy.com,"يشهد سوق السيارات المصري خلال الفترة الحالية منافسة قوية في فئة الـSUV، خاصة مع طرح عدد من الطرازات الجديدة التي تجمع بين الأداء القوي والتجهيزات الحديثة، وهو ما يضع المقبلين على الشراء أمام خيارات متعددة بأسعار متقاربة.
وفي هذا الإطار، تبرز السيارتين جي إيه سي GS4 MAX و هافال H6 فيس ليفت كأحد أبرز الطرازات المطروحة محليًا، حيث تتنافسان بقوة ضمن هذه الفئة، وتتشابه إلى حد كبير في الأداء والأبعاد وأنظمة السلامة، إلى جانب اختلافات واضحة. ونستعرض ذلك من خلال مقارنة شاملة بين السيارتين في السوق المصري خلال الشهر الجاري.
ونستعرض من خلال مقارنة تفصيلية بين السيارتين جي إيه سي GS4 MAX و هافال H6:
تقدم السيارة GS4 Max بأبعاد تبلغ 4685 مم للطول، 1901 مم للعرض، و1690 مم للارتفاع، مع قاعدة عجلات طويلة تصل إلى 2750 مم.
تأتي Haval H6 الجديدة بفئتين هما Platinum وUltra، وتأتي بطول يبلغ 4,703 ملم، وعرضًا يصل إلى 1,886 ملم، وارتفاعًا قدره 1,730 ملم، مع قاعدة عجلات تمتد إلى 2,738 ملم، وسعة تخزينية لصندوق الأمتعة تصل إلى 560 لترًا، بالإضافة إلى خزان وقود بسعة 61 لترًا.
تعتمد GS4 Max الجديدة على محرك متطور سعة 1.5 لتر تيربو، بتقنية الحقن المباشر GDI قادر على توليد قوة قصوى تبلغ 174 حصانًا عند 5500 دورة في الدقيقة، ويبلغ عزم الدوران
تعتمد Haval H6 على محرك سعة 1.5 لتر تيربو، يولد قوة قصوى تبلغ 181 حصانًا عند عدد لفات يتراوح بين 5,500 و6,000 لفة في الدقيقة، مع أقصى عزم دوران يصل إلى 275 نيوتن متر عند 1,500–4,000 لفة في الدقيقة، وتعمل السيارة بناقل حركة مزدوج القابض من 7 سرعات بتبريد زيت (7DCT).
تضم GS4 Max باقة كبيرة من تجهيزات الأمان أبرزها 8 وسائد هوائية موزّعة بين الأمام، الجوانب، الستائر الهوائية، والجزء الخلفي، ما يقدم حماية شاملة لجميع الركّاب، ونظام ADiGO PILOT الذي يقدم 8 وظائف متقدمة للقيادة الذكية من المستوى الثاني L2، تشمل الفرملة التلقائية للطوارئ مع التعرف على المشاة، التحذير من الاصطدام الأمامي، التحكّم الذكي في السرعة، مساعد القيادة المتكامل، مساعد الحفاظ على المسار، التحذير من مغادرة الحارة، التعرف على إشارات المرور، ونظام التحكّم الذكي في الإضاءة العالية والمنخفضة.
تأتي Haval H6 بمنظومة متكاملة من أنظمة الأمان المتقدمة التي تعزز من ثقة السائق وسلامة الركّاب، ومنها بـ6 وسائد هوائية، إلى جانب أنظمة مكابح متطورة تشمل المكابح المانعة للانغلاق (ABS)، وتوزيع قوة المكابح إلكترونيًا (EBD)، ونظام الاتزان الإلكتروني (ESP)، ونظام التحكم في الجر والثبات، بالإضافة إلى نظام مساعدة الفرامل، وبرامج التوازن عند المنحدرات والمرتفعات، ومكابح يد إلكترونية مع خاصية التعليق التلقائي، ونظام مراقبة ضغط الإطارات، ومنع تشغيل المحرك، ونقاط تثبيت مقاعد الأطفال ISOF، إلى جانب كاميرا خلفية، رؤية محيطية 540 درجة، وجهاز تحذير المسافة الخلفية، وأنظمة مساعدة السائق تشمل: جهاز تحذير المسافة الأمامية، مرآة داخلية ذاتية التعتيم، نظام المساعدة على القيادة في الازدحام، نظام التحذير من الاصطدام الأمامي، ونظام التوقف الذاتي في الحالات الطارئة. كما تتضمن أنظمة متقدمة مثل نظام المحافظة على المسار، والتنبيه عند الخروج منه، والمساعدة في تغييره، إضافة إلى نظام التنبيه من الاصطدام الخلفي، ونظام المساعدة ضد التصادم عند تغيير الحارة، ونظام تثبيت السرعة الذكي، وصولًا إلى نظام الركن الذاتي، ما يجعلها واحدة من أكثر السيارات أمانًا وذكاءً في فئتها.
تأتي GS4 Max بتجهيزات داخلية كثيرة منها شاشة البانورامية الكبيرة مقاس 14.6 بوصة في منتصف لوحة القيادة لتكون مركزا للتحكم بجميع وظائف السيارة، مع دعم الأوامر الصوتية الذكية والتفاعل المتعدّد الوسائط، وتشمل المقصورة فتحة سقف بانورامية مع ستارة كهربائية، ومقاعد من الجلد الفاخر، بالإضافة إلى مقعد سائق بتحكم كهربائي في 6 وضعيات، مع خاصية التدفئة للمقاعد الأمامية في كل من الظهر والقاعدة، بينما يمكن طيّ المقاعد الخلفية بالكامل لتوفير مساحة تخزين مرنة.
تتمتع Haval H6 بمجموعة من التجهيزات الداخلية التي تعكس راحة وفخامة السيارة، حيث تضم شاشة عدادات رقمية قياس 10.25 بوصة، وناقل حركة إلكتروني Shift by wire و مخرج كهرباء أمامي 12 فولت، إلى جانب عجلة قيادة قابلة للإمالة والامتداد، ومقاعد خلفية قابلة للطي بنسبة 60:40 لزيادة مساحة التخزين.
تقدم جي إيه سي GS4 MAX الجديدة بفئة واحدة من التجهيزات بسعر رسمي 1.350.000 جنيه.
تقدم Haval H6 الجديدة في السوق المحلي بفئتين من التجهيزات بأسعار رسمية تبدأ من مليون 299 ألف جنيه للفئة Platinum، والفئة الثانية Ultra سعرها الرسمي مليون 490 ألف جنيه.
اقرأ أيضًا..",2026-01-11
بعد اتهام الشركة ببيع سيارة متضررة وكيل رينو يكشف مفاجأة,https://www.masrawy.com/autos/autos_news/details/2026/1/10/2922768/%D8%A8%D8%B9%D8%AF-%D8%A7%D8%AA%D9%87%D8%A7%D9%85-%D8%A7%D9%84%D8%B4%D8%B1%D9%83%D8%A9-%D8%A8%D8%A8%D9%8A%D8%B9-%D8%B3%D9%8A%D8%A7%D8%B1%D8%A9-%D9%85%D8%AA%D8%B6%D8%B1%D8%B1%D8%A9-%D9%88%D9%83%D9%8A%D9%84-%D8%B1%D9%8A%D9%86%D9%88-%D9%8A%D9%83%D8%B4%D9%81-%D9%85%D9%81%D8%A7%D8%AC%D8%A3%D8%A9#hpautos-sub,masrawy.com,"أعلنت شركة المصرية العالمية للسيارات، الوكيل الحصري لعلامة رينو في مصر، توضيحًا للرأي العام وردًا على ما تم تداوله عبر بعض مواقع التواصل الاجتماعي من منشورات مغلوطة وادعاءات غير صحيحة أن ما أُثير في هذا الشأن لا يمت للحقيقة بصلة، ويعد تشهيرًا صريحًا بالشركة وتاريخها المهني دون أي سند واقعي أو مستندات رسمية معتمدة.
وأكدت الشركة أنها كيان معتمد يعمل في السوق المصري منذ ما يقرب من 47 عامًا، التزمت خلالها بأعلى معايير النزاهة والشفافية والمصداقية، وحرصت دائمًا على حماية حقوق عملائها، ولم يسبق طوال تاريخها في سوق السيارات أن ثبت تورطها في بيع سيارات غير مطابقة للمواصفات أو مخالفة لشروط وطبيعة التعاقد.
وفيما يتعلق بالسيارة محل الادعاء، أوضحت الشركة أنها قامت فورًا باتخاذ كافة الإجراءات الداخلية اللازمة، وإجراء فحص وتحقيق فني شامل من خلال الجهات الفنية والتقنية المختصة، والذي أثبت بشكل قاطع أن السيارة لم تتعرض لأي حوادث أو إصلاحات قبل تسليمها للعميلة، وأن جميع الادعاءات المتداولة في هذا الشأن عارية تمامًا من الصحة.
كانت انتشرت خلال الأيام الماضية، إدعاءات لعميله قد اكتشفت مؤشرات تعرض سيارتها الجديدة التي قامت بشرائها لحادث قبل استهلامها، وقيام الشركة بإصلاحها قبل استلامها، مما دفعها لتقديم شكوى رسمية للمطالبة بتغييرها، مؤكدة عزمها اللجوء لجهاز حماية المستهلك أو القضاء للحصول على حقها.
كما أوضحت الشركة أن الصورة المتداولة تم التقاطها داخل فرع الشركة بسموحة أثناء عملية تسليم السيارة، وتُظهر بوضوح حالة الرضا والسعادة لدى المُدَّعية وقت الاستلام، بما يؤكد أن السيارة كانت في حالة فنية سليمة تمامًا عند التسليم، ولم تظهر عليها أي آثار تشير إلى تعرضها لأي أضرار أو حوادث سابقة.
وشددت الشركة على أن السيارة لم يتم المساس بها بأي شكل قبل تسليمها، وأن أي أمور قد تكون قد طرأت بعد مرور أربعة أيام من تاريخ الاستلام تقع خارج نطاق علم الشركة ومسؤوليتها، ولا يجوز قانونًا تحميل الشركة تبعات وقائع لاحقة لم يثبت حدوثها أثناء حيازة الشركة للسيارة.
وأكدت الشركة أن تداول مثل هذه الادعاءات غير المثبتة، والتي لم يصدر بشأنها أي تقارير رسمية من الجهات المختصة، من شأنه الإضرار المباشر بسمعة الشركة والعاملين بها، وهو ما لا يمكن القبول به أو التغاضي عنه.
وتهيب الشركة بالجميع تحري الدقة وعدم الانسياق وراء الشائعات أو الأخبار غير المؤكدة وغير المستندة إلى وقائع أو مستندات رسمية.
كما تؤكد الشركة احتفاظها بكامل حقوقها القانونية، المدنية والجنائية، تجاه كل من قام بنشر أو ترويج هذه الأخبار الكاذبة أو ساهم في تداولها عبر المواقع الإلكترونية ومنصات التواصل الاجتماعي، مع التأكيد على أنها لن تتهاون في اتخاذ كافة الإجراءات القانونية اللازمة حمايةً لاسمها التجاري وتاريخها المهني، وردعًا لأي محاولات تشهير أو تضليل لا تستند إلى حقائق.
وتؤكد الشركة في ختام بيانها التزامها الدائم بخدمة عملائها، واستعدادها الكامل للتعاون مع الجهات الرسمية المختصة، إيمانًا منها بسيادة القانون واحترامًا لحقوق جميع الأطراف.
اقرأ أيضًا..",2026-01-11
تأخر الزواج رغم الالتزام بالصلاة والدعاء ماذا أفعل أمين الفتوى يجيب,https://www.masrawy.com/islameyat/others-islamic_ppl_news/details/2026/1/8/2921845/%D8%AA%D8%A3%D8%AE%D8%B1-%D8%A7%D9%84%D8%B2%D9%88%D8%A7%D8%AC-%D8%B1%D8%BA%D9%85-%D8%A7%D9%84%D8%A7%D9%84%D8%AA%D8%B2%D8%A7%D9%85-%D8%A8%D8%A7%D9%84%D8%B5%D9%84%D8%A7%D8%A9-%D9%88%D8%A7%D9%84%D8%AF%D8%B9%D8%A7%D8%A1-%D9%85%D8%A7%D8%B0%D8%A7-%D8%A3%D9%81%D8%B9%D9%84-%D8%A3%D9%85%D9%8A%D9%86-%D8%A7%D9%84%D9%81%D8%AA%D9%88%D9%89-%D9%8A%D8%AC%D9%8A%D8%A8#hpislameyat-sub,masrawy.com,"أجاب الشيخ محمود شلبي، أمين الفتوى بدار الإفتاء المصرية، على سؤال يقول صاحبه: «عندي 40 سنة ولسه ما تجوزتش، وكل ما أتقدم لحد الموضوع ما بيكملش، وبالرغم إني مواظب على الصلاة والدعاء وتعبت جدًا وخايف أعمل حاجة تغضب ربنا، أعمل إيه؟»، مؤكدًا أن ما يمر به السائل يدخل في باب الابتلاء، ولا ينبغي للإنسان أن يفقد الأمل أو يسيء الظن بالله سبحانه وتعالى.
وأوضح شلبي، خلال حلقة برنامج"" فتاوى الناس"" المذاع على قناة"" الناس"": أن اللجوء إلى الله سبحانه وتعالى بالدعاء في مثل هذه الأمور أمر مشروع ومطلوب، خاصة إذا كان الإنسان حريصًا على طاعة الله والالتزام بأوامره، فالدعاء باب عظيم من أبواب القرب من الله.
وأشار إلى أن الدعاء وحده لا ينفصل عن السعي، مؤكدًا أن على الإنسان أن يستمر في الأخذ بالأسباب، وألا يتوقف عن المحاولة أو التقدم للزواج، لأن تعطّل الأمر مع بعض الأشخاص قد يكون صرفًا من الله سبحانه وتعالى لعدم وجود الخير في هذا الارتباط.
وأضاف أن تكرار عدم اكتمال الزواج لا يعني حرمانًا ولا غضبًا من الله، وإنما قد يكون لحكمة يعلمها الله وحده، وعلى الإنسان في هذه الحالة أن يجمع بين الصبر وحسن الظن بالله، مع الاستمرار في العمل والسعي وعدم الاستسلام لليأس.
وشدد أمين الفتوى على أن المطلوب من المسلم هو الاستمرار في الدعاء، وعدم القنوط من رحمة الله، والأخذ بالأسباب المشروعة، مؤكدًا أن الله سبحانه وتعالى إذا علم صدق العبد في دعائه وسعيه، ييسر له الأمور في الوقت الذي يقدره، وأن الفرج قد يأتي من حيث لا يحتسب.
اقرأ أيضاً:",2026-01-11
هل آيات الحساب تهديد أم فرصة جديدة خالد الجندي يوضح,https://www.masrawy.com/islameyat/others-islamic_ppl_news/details/2026/1/8/2921935/%D9%87%D9%84-%D8%A2%D9%8A%D8%A7%D8%AA-%D8%A7%D9%84%D8%AD%D8%B3%D8%A7%D8%A8-%D8%AA%D9%87%D8%AF%D9%8A%D8%AF-%D8%A3%D9%85-%D9%81%D8%B1%D8%B5%D8%A9-%D8%AC%D8%AF%D9%8A%D8%AF%D8%A9-%D8%AE%D8%A7%D9%84%D8%AF-%D8%A7%D9%84%D8%AC%D9%86%D8%AF%D9%8A-%D9%8A%D9%88%D8%B6%D8%AD#hpislameyat-sub,masrawy.com,"أكد الشيخ خالد الجندي، عضو المجلس الأعلى للشؤون الإسلامية، أن قول الله تعالى: «ووُضِعَ الكتابُ فترى المجرمين مشفقين مما فيه ويقولون يا ويلتنا ما لهذا الكتاب لا يغادر صغيرة ولا كبيرة إلا أحصاها ووجدوا ما عملوا حاضرًا ولا يظلم ربك أحدًا» يفتح باب الفهم العميق لمعنى التهديد الإلهي، موضحًا أن الآية قد يراها بعض الناس تهديدًا مباشرًا، بينما تحمل في حقيقتها معنى أوسع وأشمل.
وأوضح الجندي خلال حلقة ببرنامج ""لعلهم يفقهون""، المذاع على قناة ""dmc"" أن التهديد والفرصة الجديدة لا يتعارضان ولا يتنافران، بل يجتمعان في سياق واحد، فكل تهديد هو في حقيقته تنبيه للإنسان ومنحه فرصة جديدة لمراجعة نفسه وتصحيح مساره قبل أن يأتي وقت الحساب الذي لا ينفع فيه اعتذار ولا ندم.
وضرب عضو المجلس الأعلى للشؤون الإسلامية، مثالًا لذلك بتنبيه رجل المرور لشخص بعدم المخالفة، مشيرًا إلى أن هذا التنبيه يبدو في ظاهره تهديدًا، لكنه في حقيقته إتاحة فرصة جديدة وعدم توقيع العقوبة، وكذلك حين يُطلب من شخص أن يخفض صوته، فالمعنى الظاهر تحذير، بينما الباطن مسامحة عما مضى إذا استُفيد من الفرصة.
وأشار إلى أن السياق القرآني في هذه الآيات جاء مترابطًا ومتصاعدًا، يبدأ بمشاهد كونية عظيمة ثم ينتقل إلى عرض الخلق على الله سبحانه وتعالى، وصولًا إلى وضع الكتاب، ليعيش الإنسان المشهد كاملًا وكأنه جزء من القصة، فيدرك خطورة اللحظة ويستعد لها.
ولفت الجندي إلى دقة التعبير القرآني في قوله تعالى «لا يغادر صغيرة ولا كبيرة»، حيث بدأ بالصغائر لأن الاستهانة بها هي التي تُهلك الإنسان، إذ تتراكم من كلمة ونظرة وابتسامة وسخرية حتى تثقل الميزان، موضحًا أن كلمة «يغادر» تعني يترك، أي أن هذا الكتاب لا يترك شيئًا إلا أحصاه، في رسالة واضحة بضرورة الانتباه لكل ما يصدر عن الإنسان صغيرًا كان أو كبيرًا.",2026-01-11
هل الذهب ومتعلقات الأم بعد وفاتها من نصيب البنات داعية تحذر فيديو,https://www.masrawy.com/islameyat/others-islamic_ppl_news/details/2026/1/7/2921219/%D9%87%D9%84-%D8%A7%D9%84%D8%B0%D9%87%D8%A8-%D9%88%D9%85%D8%AA%D8%B9%D9%84%D9%82%D8%A7%D8%AA-%D8%A7%D9%84%D8%A3%D9%85-%D8%A8%D8%B9%D8%AF-%D9%88%D9%81%D8%A7%D8%AA%D9%87%D8%A7-%D9%85%D9%86-%D9%86%D8%B5%D9%8A%D8%A8-%D8%A7%D9%84%D8%A8%D9%86%D8%A7%D8%AA-%D8%AF%D8%A7%D8%B9%D9%8A%D8%A9-%D8%AA%D8%AD%D8%B0%D8%B1-%D9%81%D9%8A%D8%AF%D9%8A%D9%88-#hpislameyat-sub,masrawy.com,"حذرت الدكتورة دينا أبو الخير، الداعية الإسلامية، من عدم الالتزام بالحدود الشرعية في أمور التركة والميراث، التي حددها الدين وبينها العلماء، وشددت في تحذيرها من الخلاف على المتعلقات الدنيوية وتسببه في قطع الأرحام. 
وفي ردها على السؤال: هل الذهب ومتعلقات الأم بعد وفاتها من نصيب البنات؟، قالت الداعية الإسلامية إن جميع متعلقات الأم بعد وفاتها، مهما بدت بسيطة، تُعد من التركة الشرعية التي يجب جمعها وتقسيمها وفق أحكام الشريعة الإسلامية، موضحة أن ذلك يشمل الملابس، والأجهزة الكهربائية، والذهب والحُلي وأدوات المطبخ، وليس فقط الأموال أو الممتلكات الكبيرة.
وقالت أبو الخير، خلال تقديم برنامجها ""وللنساء نصيب"" المذاع على قناة ""صدى البلد"" إن الأصل في تقسيم التركة هو القسمة الشرعية بين الأبناء والبنات، «للذكر مثل حظ الأنثيين»، موضحة أن الشرع لا يفرق بين الأشياء الكبيرة أو الصغيرة، فجميعها تركة تُقسم، مع التأكيد على أن التطبيق العملي غالبًا ما يكون بالتراضي بين الورثة دون تعقيد أو نزاع.
وشددت على أن مبدأ التراضي هو الأساس في توزيع متعلقات الوالدين، قائلة: «للأسف بنشوف وقت توزيع التركات قسوة في القلوب ونسيان لصلة الرحم، وخلافات على أمور لا تستحق»، داعية الأبناء إلى تذكر أن الميت قد انتقل إلى رحمة الله، وأن الخلاف على المتعلقات الدنيوية لا يساوي قطع الأرحام.
وأضافت أن ذهب الأم الأصل الشرعي هو دخوله ضمن التركة وتوزيعه على جميع الورثة، ولا يُستثنى منه شيء إلا إذا كانت الأم قد وهبته لأحد أبنائها أو بناتها في حياتها بشكل واضح وصريح، قائلة: «الهبة في الحياة حق، لكن بعد الوفاة الذهب تركة لا يختص بها البنات دون غيرهن».
وختمت الداعية الإسلامية لافتة إلى أن بعض المتعلقات قد يتم توزيعها بالتراضي، مثل احتفاظ إحدى البنات بقطعة ملابس أو غرض شخصي بدافع الذكرى أو الارتباط العاطفي بالأم، مؤكدة أن هذا الأمر جائز شرعًا ما دام تم باتفاق الجميع دون ظلم أو ضغط.
اقرأ أيضًا:",2026-01-11
ما حكم من نسي سجدة في الصلاة وتذكر بعد إنهائها وعالم أزهري وجب عليه,https://www.masrawy.com/islameyat/others-islamic_ppl_news/details/2026/1/7/2921209/%D9%85%D8%A7-%D8%AD%D9%83%D9%85-%D9%85%D9%86-%D9%86%D8%B3%D9%8A-%D8%B3%D8%AC%D8%AF%D8%A9-%D9%81%D9%8A-%D8%A7%D9%84%D8%B5%D9%84%D8%A7%D8%A9-%D9%88%D8%AA%D8%B0%D9%83%D8%B1-%D8%A8%D8%B9%D8%AF-%D8%A5%D9%86%D9%87%D8%A7%D8%A6%D9%87%D8%A7-%D9%88%D8%B9%D8%A7%D9%84%D9%85-%D8%A3%D8%B2%D9%87%D8%B1%D9%8A-%D9%88%D8%AC%D8%A8-%D8%B9%D9%84%D9%8A%D9%87#hpislameyat-sub,masrawy.com,"تلقى الدكتور عطية لاشين، أستاذ الفقه وعضو لجنة الفتوى بالأزهر، سؤالا من شخص يقول في رسالته: سهوت في إحدى ركعات الصلاة فلم أسجد إلا سجدة واحدة وكانت الركعة الأولى، ولم أتذكر إلا بعد أن خرجت من الصلاة بالتسليم فقالوا لي: تسجد سجدتي سهو فهل ما قالوه صحيح؟.
أكد الدكتور عطية لاشين، أستاذ الفقه وعضو لجنة الفتوى بالأزهر، أن النسيان أمر جبلي جبل عليه الإنسان وفطر عليه منذ أول إنسان وجد في الحياة وهو أبونا آدم عليه السلام، قال بشأن ذلك الرحيم الرحمن: (ولقد عهدنا إلى آدم من قبل فنسي ولم نجد له عزما). وقال رسول الهدى ونبي السلام فيما روت عنه كتب السنة (نسي آدم فنسيت ذريته).
وللنسيان أسباب كثيرة منها: الغفلة وعدم استحضار القلب أثناء أداء العبادة لله العلي الكبير المتعال, ومنها وهو الأهم تسلط الشيطان على الإنسان ليفسد عليه عبادته للرحيم الرحمن ولو كان المصلي من عباد الرحمن حقا ويعبده صدقا ما كان للشيطان عليه من سلطان.
 قال تعالى :(إن عبادي ليس لك عليهم سلطان إلا من اتبعك من الغاوين).
 ومن فضل الله على عباده المؤمنين أن رفع عليهم اثم الخطأ والنسيان فلا ذنب يقلقهم ولا معصية تؤرقهم بسبب نسيانهم .
روت كتب السنة عنه صلى الله عليه وسلم (رفع عن أمتي الخطأ والنسيان وما استكرهوا عليه).
 
وفي رده، يقول العالم الأزهري إن الصلاة تتكون حقيقتها من أركان وأبعاض وهيئات، ومن الأركان على سبيل المثال: القيام عند قراءة الفاتحة والركوع والسجود، وأما الأبعاض فمنها القنوت في صلاة الفجر عند الجمهور، والتشهد الأوسط الذي يكون بعد الركعتين الأوليين في الصلاة غير الثنائية.
 وأما الهيئات فمنها على سبيل المثال: رفع اليدين عند الانتقال من ركن إلى آخر، وأذكار الركوع والسجود وأذكار الجلوس بين السجدتين. 
وأوضح لاشين، في بيان فتواه عبر صفحته الرسمية على فيسبوك: فإذا كان المتروك من الصلاة من الأبعاض، أو قام إلى الثالثة دون أن يقرأ التشهد الأوسط جبر ذلك بسجدتين سهوا فقط فيما بين الفراغ من قراءة التشهد الأخير وقبل الخروج من الصلاة بالتسليم. 
وأضاف: وإذا كان المتروك هيئة من هيئات الصلاة لا يشرع لتركها سجود السهو.
أما إذا كان المتروك سهوا من الصلاة ركنا من أركانها كما هو وارد بالسؤال حينما ترك أخونا سجدة من سجدتي الركعة الأولى ولم يأت بها حتى خرج من الصلاة، فحينئذ وجب عليه أمران:
 الأول: أن يأتي بالركعة الأولى من الصلاة وإن كان خرج من الصلاة بالتسليم، يأتي بها بعد أن يدخل فيها بتكبيرة الإحرام لأنها بطلت بترك هذه السجدة منها.
الثاني: بعد أن يأتي بركعة كاملة تكون بديلة عن التي بطلت قبل أن يخرج منها بالتسليم يسجد سجدتي سهو.
وختم الدكتور عطية لاشين: أما ما قيل له من أن يسجد فقط سجدتي سهو دون أن يأتي بالركن المتروك فهذا كلام غير شرعي ولم يقل به أحد من أهل العلم الحقيقيين، وحينئذ على الشخص ألا يتطوع بالإفتاء إلا إذا كان عنده علم مقطوع به وإلا أبطل على الناس عباداتهم وناله ذنب كبير وإثم عظيم.. والله أعلم.
اقرأ أيضًا:",2026-01-11
ما حكم صلاة تحية المسجد أثناء خطبة الجمعة سؤال ورد من الإفتاء,https://www.masrawy.com/islameyat/others-islamic_ppl_news/details/2026/1/7/2921461/%D9%85%D8%A7-%D8%AD%D9%83%D9%85-%D8%B5%D9%84%D8%A7%D8%A9-%D8%AA%D8%AD%D9%8A%D8%A9-%D8%A7%D9%84%D9%85%D8%B3%D8%AC%D8%AF-%D8%A3%D8%AB%D9%86%D8%A7%D8%A1-%D8%AE%D8%B7%D8%A8%D8%A9-%D8%A7%D9%84%D8%AC%D9%85%D8%B9%D8%A9-%D8%B3%D8%A4%D8%A7%D9%84-%D9%88%D8%B1%D8%AF-%D9%85%D9%86-%D8%A7%D9%84%D8%A5%D9%81%D8%AA%D8%A7%D8%A1#hpislameyat-sub,masrawy.com,"ما حكم صلاة تحية المسجد أثناء خطبة الجمعة؟.. سؤال تلقته دار الإفتاء المصرية، أجابت عنه لجنة الفتوى الرئيسة بالدار، موضحة الرأي الشرعي في تلك المسألة. 
وفي ردها، أوضحت لجنة الفتوى أن جمهور الفقهاء اتفق على أنَّه بجلوس الإمام على المنبر يحرم ابتداء التنفل على الحاضرين بالمسجد، أمَّا القادمون إلى المسجد بعد جلوس الإمام على المنبر؛ فإنَّه عند الحنفية والمالكية يحرم عليهم أيضًا ابتداء صلاة التطوع ولو كانت تحية المسجد كالجالسين بالمسجد.
وأضافت اللجنة، في بيان فتواها عبر الصفحة الرسمية للدار على فيسبوك: أما الشافعية فقد استحبوا للقادم أن يصلي ركعتين خفيفتين تحية المسجد إن كان صلى سنة الجمعة خارجه، وإن لم يكن صلاها صلى ركعتين، وهذا إذا كان الإمام في أول الخطبة، أما إذا كان في آخرها وظن الداخل حينئذٍ أنَّه لو أدَّاها فاتته تكبيرة الإحرام مع الإمام؛ فإنَّه لا يصلي التحية ندبًا، بل يقف حتى تقام الصلاة ولا يقعد ولا يجلس في المسجد قبل التحية، وأما مَن بدأ في صلاة النافلة قبل صعود الإمام على المنبر؛ فإنَّ الصحيح في مذهب الحنفية أنَّه لا يقطع صلاته بل يتمّها.
اقرأ أيضاً:",2026-01-11
