Title,Link,website,Article_Text,date
الحلقة 18 من برنامج دولة التلاوة بمشاركة كبار القراء بث مباشر,https://www.youm7.com/story/2026/1/10/%D8%A7%D9%84%D8%AD%D9%84%D9%82%D8%A9-18-%D9%85%D9%86-%D8%A8%D8%B1%D9%86%D8%A7%D9%85%D8%AC-%D8%AF%D9%88%D9%84%D8%A9-%D8%A7%D9%84%D8%AA%D9%84%D8%A7%D9%88%D8%A9-%D8%A8%D9%85%D8%B4%D8%A7%D8%B1%D9%83%D8%A9-%D9%83%D8%A8%D8%A7%D8%B1-%D8%A7%D9%84%D9%82%D8%B1%D8%A7%D8%A1-%D8%A8%D8%AB/7256765,youm7.com,"تذيع قنوات الحياة وCBC والناس بجانب منصة watch it فى بث مباشر الحلقة الـ 18 من حلقات برنامج دولة التلاوة، الذي يهدف إلى اكتشاف المواهب الجديدة في تجويد وترتيل القرآن الكريم، حيث يذاع التاسعة مساء يومي الجمعة والسبت من كل أسبوع.
ويهدف
البرنامج
إلى اكتشاف المواهب الجديدة في تجويد وترتيل القرآن الكريم، حيث يذاع على قنوات الحياة وCBC  والناس بجانب منصة  watch it، يومي الجمعة والسبت من كل أسبوع.
وشارك في اختبارات
البرنامج
الذي يقدم بالتعاون بين وزارة الأوقاف المصرية والشركة المتحدة للخدمات الإعلامية، ما يزيد عن 14 ألف متسابق من مختلف محافظات الجمهورية، فيما تضم لجنة تحكيم البرنامج نخبة من أبرز القامات الدينية والعلمية في مصر والعالم الإسلامي، وهم الشيخ حسن عبد النبي وكيل لجنة مراجعة المصحف الشريف بالأزهر، والدكتور دكتور طه عبد الوهاب خبير الأصوات والمقامات، وكذلك الداعية الإسلامي مصطفى حسني، والقارئ الشيخ طه النعماني.
وتضم
لجنة تحكيم البرنامج نخبة من أبرز القامات الدينية
والعلمية في مصر والعالم الإسلامي، في مقدمتهم الشيخ حسن عبد النبي، وكيل لجنة مراجعة المصحف بالأزهر الشريف، الدكتور طه عبد الوهاب خبير الأصوات والمقامات، بجانب الداعية الإسلامي مصطفى حسني والقارئ الشيخ طه النعماني، كما يشارك في البرنامج عدد من ضيوف الشرف البارزين، منهم، على رأسهم الأستاذ الدكتور أسامة الأزهري وزير الأوقاف، الأستاذ الدكتور نظير محمد عياد مفتي الديار المصرية، بجانب فضيلة الدكتور علي جمعة عضو هيئة كبار العلماء بالأزهر الشريف، القارئ الشيخ أحمد نعينع، القارئ الشيخ عبد الفتاح الطاروطي، الشيخ جابر البغدادي بالإضافة إلى القارئ البريطاني محمد أيوب عاصف والقارئ المغربي عمر القزابري إمام مسجد الحسن الثاني.
وتبلغ القيمة الإجمالية لجوائز
البرنامج
3.5 مليون جنيه، يحصل الفائزان بالمركز الأول في فرعي الترتيل والتجويد على مليون جنيه لكل منهما، إلى جانب تسجيل المصحف الشريف كاملًا بصوتيهما وإذاعته على قناة مصر قرآن كريم، فضلًا عن تشرفهما بإمامة المصلين في صلاة التراويح بمسجد الإمام الحسين خلال شهر رمضان المقبل.
يأتي البرنامج في إطار التعاون المشترك بين وزارة الأوقاف المصرية والشركة المتحدة للخدمات الإعلامية، بهدف اكتشاف المواهب الجديدة في ترتيل وتجويد القرآن الكريم من مختلف محافظات مصر، حيث تبلغ إجمالي قيمة جوائز البرنامج 3.5 مليون جنيه، ويحصل الفائزان بالمركز الأول في كل من فرعَي الترتيل والتجويد على مليون جنيه لكل منهما، إلى جانب تسجيل المصحف الشريف كاملًا بصوتيهما وإذاعته على قناة مصر قرآن كريم، كما سيُشرفان بإمامة المصلين في صلاة التراويح بمسجد الإمام الحسين خلال شهر رمضان المقبل.
وشهدت التصفيات التمهيدية للبرنامج إقبالًا كبيرًا، حيث تقدم أكثر من 14 ألف متسابق من مختلف محافظات الجمهورية، وتمت تصفية المشاركين عبر مراحل متعددة انتهت باختيار أفضل 32 موهبة للتنافس في الحلقات النهائية، تحت إشراف لجنة علمية متخصصة من وزارة الأوقاف المصرية برئاسة فضيلة الأستاذ الدكتور أسامة الأزهري، وزير الأوقاف.
البرنامج تقدمه المذيعة أية عبدالرحمن ويُعد ""دولة التلاوة"" خطوة رائدة في دعم المواهب القرآنية وإحياء فنون التلاوة المصرية الأصيلة، وتعزيز مكانة مصر الرائدة كمنارة للقرآن الكريم والعلم الديني الوسطي المستنير.",2026-01-11
,https://www.youm7.com/story/2026/1/10/%D9%85%D8%AD%D9%85%D8%AF-%D8%AD%D9%85%D8%AF%D9%89-%D9%8A%D8%AD%D8%B6%D8%B1-%D9%85%D8%A8%D8%A7%D8%B1%D8%A7%D8%A9-%D9%85%D8%B5%D8%B1-%D9%88%D9%83%D9%88%D8%AA-%D8%AF%D9%8A%D9%81%D9%88%D8%A7%D8%B1-%D9%84%D9%85%D8%B3%D8%A7%D9%86%D8%AF%D8%A9-%D8%B2%D9%85%D9%84%D8%A7%D8%A6%D9%87-%D8%B1%D8%BA%D9%85/7264140,youm7.com,"يحضر محمد حمدي لاعب
منتخب مصر
، مباراة كوت ديفوار المقرر لها التاسعة مساء اليوم-بتوقيت القاهرة - ضمن مباريات دور الثمانية لبطولة كأس الأمم الأفريقية 2025 بالمغرب .
وتعرض
محمد حمدي
لاصابة الرباط الصليبي خلال مباراة بنين في دور الستة عشر ، وفضل حمدى التواجد فى أرض الملعب لمساندة زملائه وتحفيزهم لتحقيق الفوز.
لمتابعة أخبار بطولة كأس أمم أفريقيا 2025 عبر بوابة كأس أمم أفريقيا اضغط هنا
ويتصدر
منتخب مصر
قائمة أكثر المنتخبات تسجيلًا للأهداف في تاريخ كأس الأمم الأفريقية، مؤكدًا سيطرته الهجومية المستمرة عبر مختلف نسخ البطولة، فيما تشهد النسخة الخامسة والثلاثين المقامة حاليًا في المغرب صراعًا محتدمًا على اللقب مع دخول المنافسة مرحلة الأدوار الإقصائية واقترابها من نصف النهائي.
ويتصدر منتخب مصر الترتيب برصيد 181 هدفًا سجلها خلال مشاركته في 27 نسخة سابقة، في رقم يعكس الاستمرارية والقدرة الهجومية الفريدة للمنتخب المصري على مدار عقود من المنافسة القارية، ورغم ذلك، يبقى هذا الرصيد قابلاً للزيادة في النسخة الحالية، بعد أن نجح المنتخب في بلوغ الدور ربع النهائي بتسجيل 6 أهداف حتى الآن، توزعت بين دور المجموعات ودور ثمن النهائي.
ويحتل منتخب كوت ديفوار المركز الثاني برصيد 160 هدفًا، في حين يأتي المنتخب النيجيري ثالثًا بـ 158 هدفًا، ويليه الكاميرون رابعًا بـ148 هدفًا، فيما يحتل منتخب غانا المركز الخامس برصيد 138 هدفًا.",2026-01-11
,https://www.youm7.com/story/2026/1/10/%D9%86%D8%AA%D9%8A%D8%AC%D8%A9-%D9%85%D8%A8%D8%A7%D8%B1%D8%A7%D8%A9-%D8%A7%D9%84%D8%A3%D9%87%D9%84%D9%8A-%D9%88%D9%81%D8%A7%D8%B1%D9%83%D9%88-%D9%81%D9%89-%D9%83%D8%A3%D8%B3-%D8%B9%D8%A7%D8%B5%D9%85%D8%A9-%D9%85%D8%B5%D8%B1/7264074,youm7.com,"حقق فريق
الأهلي
فوزا كبيرا على
فاركو
بأربعة أهداف مقابل هدف، في المباراة التي جمعتهما اليوم السبت على استاد برج العرب بالإسكندرية، ضمن منافسات الجولة السادسة من مرحلة المجموعات ل
كأس عاصمة مصر
، سجل أهداف الأهلي حسين الشحات ""هاتريك"" ونيتس جراديشار، فيما سجل محمود فرحات هدف فاركو الوحيد.
لمتابعة أخبار بطولة كأس أمم أفريقيا 2025 عبر بوابة كأس أمم أفريقيا اضغط هنا
بهذا الانتصار حقق الأهلي الفوز الثاني في بطولة كأس عاصمة مصر، ورفع رصيده إلى 6 نقاط في المركز الرابع بجدول مجموعته خلف طلائع  الجيش (10 نقاط) وإنبي (9 نقاط) وفاركو (9 نقاط).
فرض الأهلي سيطرته على مجريات المباراة في أول 20 دقيقة، وأحرز حسين الشحات لاعب الأهلي هدف التقدم لفريقه في شباك فاركو، في الدقيقة 26 من عمر المباراة.
وعزز حسين الشحات لاعب الأهلي تقدم فريقه أمام فاركو، بهدف ثان في الدقيقة 43 من عمر المباراة، واستمر تقدم الفريق الأحمر حتى نهاية الشوط الأول بتقدم الأهلي 2-0.
واستمر ضغط الأهلي مع بداية الشوط الثاني ونجح نيتس جراديشار لاعب الأهلي في إضافة الهدف الثالث لفريقه في شباك فاركو، في الدقيقة 52 ، وبعدها بدقيقتين أضاف الهدف الرابع في الدقيقة 54 من عمر المباراة، قبل أن يتم إلغائه من قبل الفار.
وأضاف حسين الشحات الهدف الثالث له والرابع للأهلي في شباك فاركو في الدقيةة 61 من عمر المباراة، ، فيما أحرز محمود فرحات لاعب فاركو هدف التعديل لفريقه في شباك الأهلي في الدقيقة 66  لتصبح النتيجة 4-1 لصالح الأهلي.
وأجرى الأهلي 3 تغييرات في الدقيقة 68، بنزول أشرف داري وحمزة عبد الكريم وإبراهيم عادل بدلا من طاهر محمد ومحمد رأفت وأحمد رمضان بيكهام، وأجرى الأهلي تغييره الرابع بنزول مهند الشامي بدلا من حسين الشحات في الدقيقة 81 من عمر المباراة، واستمرت النتيجة بدون تعديل حتى نهاية المباراة بفوز الأهلي 4-1.
ويخوض الأهلي مواجهة فاركو بتشكيل مكون من، حمزة علاء في حراسة المرمى، إبراهيم الأسيوطي - أحمد رمضان بيكهام - ياسين مرعي - محمد شكري في الدفاع، أحمد رضا - حسين الشحات - طاهر محمد طاهر - محمد عبد الله - محمد رأفت في الوسط، ونيتس جراديشار في الهجوم.
وتواجد على مقاعد البدلاء كل من: أشرف داري ومحمد سيحا ومصطفى العش ومحمد زعلوك وحمزة عبد الكريم وإبراهيما كاظم ومهند الشامي وإبراهيم عادل وعمر معوض.
فيما جاء تشكيل فاركو كالتالي، أحمد دعدور في حراسة المرمى، بابا كار، سيف الإمام، محمد حسين، معاذ أحمد في الدفاع، وليد مصطفى،يوسف جلال، ياسين الملاح، أحمد فؤاد في الوسط، كريم الطيب، أليو بادارا في الهجوم.
وتواجد على مقاعد البدلاء: محمد شيكا، جابر كامل، محمد عز، محمد سيد، محمود فرحات، رامز مدحت، يوسف عبد الحفيظ، حسام رضا، شوقي الضنين.",2026-01-11
,https://www.youm7.com/story/2026/1/10/%D9%85%D8%A7%D9%86-%D8%B3%D9%8A%D8%AA%D9%8A-%D8%B6%D8%AF-%D8%A5%D9%8A%D9%83%D8%B3%D9%8A%D8%AA%D8%B1-%D8%B3%D9%8A%D8%AA%D9%8A-%D8%B1%D8%A8%D8%A7%D8%B9%D9%8A%D8%A9-%D9%84%D9%84%D8%B3%D9%8A%D8%AA%D8%B2%D9%86%D8%B2-%D9%81%D9%89-%D8%A7%D9%84%D8%B4%D9%88%D8%B7-%D8%A7%D9%84%D8%A3%D9%88%D9%84/7264233,youm7.com,"أنهى فريق
مانشستر سيتي
أحداث الشوط الأول من مواجهة فريق إكسيتر سيتي، أحد أندية دوري الدرجة الأولى الإنجليزي، متقدما بنتيجة 4-0، في المباراة التي تجمع الفريقين حاليا، ضمن منافسات الدور الثالث من كأس الاتحاد الإنجليزي.
لمتابعة أخبار بطولة كأس أمم أفريقيا 2025 عبر بوابة كأس أمم أفريقيا اضغط هنا
أهداف مانشستر سيتي جاءت عبر كل من، ماكس أليني والنجم الاسباني رودري وجاك دويل وجاك فيتزووتر في الدقائق 12 و24 و42 و45+2، ويعد هذا رودري الأول له منذ 600 يوم.
ويشكل اللقاء أول مواجهة رسمية بين الفريقين، فيما سيحظى إكسيتر بدعم جماهيري كامل من 7,800 مشجع في المدرجات المخصصة للزوار.
وأنهى مانشستر سيتي عام 2025 بتحقيق ثمانية انتصارات متتالية في مختلف المسابقات، لكن بداية الفريق في العام الجديد كانت أقل إقناعًا، بعد ثلاثة تعادلات متتالية في الدوري الإنجليزي أمام سندرلاند وتشيلسي وبرايتون، حيث انتهت مباراتاه الأخيرتان بنتيجة 1-1 خلال أربعة أيام فقط.
وكان هدف
إيرلينج هالاند
رقم 150 مع السيتي قد أُلغِي بسبب هدف ثاني من كاورو ميتوما في المباراة الأخيرة، ما دفع الفريق للتأمل في فرص ضائعة أمام منافسين أضعف، وأبقى الفريق في المركز الثاني بفارق خمس نقاط عن أرسنال.
يُعد مانشستر سيتي من أبرز الأندية في المسابقة، إذ فاز بها سبع مرات، وبلغ نصف النهائي أو أكثر في ثماني من آخر تسع مواسم تحت قيادة بيب جوارديولا.
ومنذ خسارته أمام ويجان 1-0 في الدور الخامس لموسم 2017-18، حقق السيتي الفوز في آخر 19 مواجهة بكأس الاتحاد ضد فرق من الدرجات الأدنى، بمجموع أهداف بلغ 72-10، ما يعزز من فرصه في تجاوز إكسيتر بسهولة.
في المقابل، يخوض إكسيتر موسمه الرابع على التوالي في دوري الدرجة الأولى، وقد ساعدته نتائج جيدة في آخر ثلاث مباريات (فوزان وتعادل) على التقدم إلى المركز الرابع عشر بفارق ثلاث نقاط عن منطقة الهبوط.
pic.twitter.com/tIYHjI7w2i",2026-01-11
,https://www.youm7.com/story/2026/1/10/%D8%A7%D9%84%D8%A3%D9%87%D9%84%D9%8A-%D9%8A%D9%87%D8%B2%D9%85-%D9%81%D8%A7%D8%B1%D9%83%D9%88-4-1-%D9%88%D9%87%D8%A7%D8%AA%D8%B1%D9%8A%D9%83-%D9%84%D9%84%D8%B4%D8%AD%D8%A7%D8%AA-%D9%88%D9%8A%D8%AD%D9%82%D9%82-%D9%81%D9%88%D8%B2%D9%87-%D8%A7%D9%84%D8%AB%D8%A7%D9%86%D9%8A/7264079,youm7.com,"حقق فريق
الأهلي
فوزا كبيرا على
فاركو
بأربعة أهداف مقابل هدف، في المباراة التي جمعتهما اليوم السبت باستاد برج العرب بالإسكندرية، ضمن منافسات الجولة السادسة من مرحلة المجموعات ل
كأس عاصمة مصر
، سجل أهداف الأهلي حسين الشحات ""هاتريك"" ونيتس جراديشار، فيما سجل محمود فرحات هدف فاركو الوحيد.
لمتابعة أخبار بطولة كأس أمم أفريقيا 2025 عبر بوابة كأس أمم أفريقيا اضغط هنا
بهذا الانتصار حقق الأهلي الفوز الثاني في بطولة كأس عاصمة مصر، ورفع رصيده إلى 6 نقاط في المركز الرابع بجدول مجموعته خلف طلائع  الجيش (10 نقاط) وإنبي (9 نقاط) وفاركو (9 نقاط).
فرض الأهلي سيطرته على مجريات المباراة في أول 20 دقيقة، وأحرز حسين الشحات لاعب الأهلي هدف التقدم لفريقه في شباك فاركو، في الدقيقة 26 من عمر المباراة.
وعزز حسين الشحات لاعب الأهلي تقدم فريقه أمام فاركو، بهدف ثان في الدقيقة 43 من عمر المباراة، واستمر تقدم الفريق الأحمر حتى نهاية الشوط الأول بتقدم الأهلي 2-0.
واستمر ضغط الأهلي مع بداية الشوط الثاني ونجح نيتس جراديشار لاعب الأهلي في إضافة الهدف الثالث لفريقه في شباك فاركو، في الدقيقة 52 ، وبعدها بدقيقتين أضاف الهدف الرابع في الدقيقة 54 من عمر المباراة، قبل أن يتم إلغائه من قبل الفار.
وأضاف حسين الشحات الهدف الثالث له والرابع للأهلي في شباك فاركو في الدقيةة 61 من عمر المباراة، ، فيما أحرز محمود فرحات لاعب فاركو هدف التعديل لفريقه في شباك الأهلي في الدقيقة 66  لتصبح النتيجة 4-1 لصالح الأهلي.
وأجرى الأهلي 3 تغييرات في الدقيقة 68، بنزول أشرف داري وحمزة عبد الكريم وإبراهيم عادل بدلا من طاهر محمد ومحمد رأفت وأحمد رمضان بيكهام، وأجرى الأهلي تغييره الرابع بنزول مهند الشامي بدلا من حسين الشحات في الدقيقة 81 من عمر المباراة، واستمرت النتيجة بدون تعديل حتى نهاية المباراة بفوز الأهلي 4-1.
لمتابعة أخبار بطولة كأس أمم أفريقيا 2025 عبر بوابة كأس أمم أفريقيا اضغط هنا
ويخوض الأهلي مواجهة فاركو بتشكيل مكون من، حمزة علاء في حراسة المرمى، إبراهيم الأسيوطي - أحمد رمضان بيكهام - ياسين مرعي - محمد شكري في الدفاع، أحمد رضا - حسين الشحات - طاهر محمد طاهر - محمد عبد الله - محمد رأفت في الوسط، ونيتس جراديشار في الهجوم.
وتواجد على مقاعد البدلاء كل من: أشرف داري ومحمد سيحا ومصطفى العش ومحمد زعلوك وحمزة عبد الكريم وإبراهيما كاظم ومهند الشامي وإبراهيم عادل وعمر معوض.
فيما جاء تشكيل فاركو كالتالي، أحمد دعدور في حراسة المرمى، بابا كار، سيف الإمام، محمد حسين، معاذ أحمد في الدفاع، وليد مصطفى،يوسف جلال، ياسين الملاح، أحمد فؤاد في الوسط، كريم الطيب، أليو بادارا في الهجوم.
وتواجد على مقاعد البدلاء: محمد شيكا، جابر كامل، محمد عز، محمد سيد، محمود فرحات، رامز مدحت، يوسف عبد الحفيظ، حسام رضا، شوقي الضنين.",2026-01-11
,https://www.youm7.com/story/2026/1/10/%D8%A7%D9%84%D8%A3%D9%87%D9%84%D9%8A-%D9%8A%D8%B2%D8%A7%D8%AD%D9%85-%D8%A8%D9%8A%D8%B1%D8%A7%D9%85%D9%8A%D8%AF%D8%B2-%D8%B9%D9%84%D9%89-%D8%AD%D8%B3%D9%85-%D8%B5%D9%81%D9%82%D8%A9-%D8%A8%D8%A7%D8%B3%D9%83%D8%A7%D9%84-%D9%81%D9%8A%D8%B1%D9%8A-%D9%84%D8%A7%D8%B9%D8%A8-%D8%B2%D9%8A%D8%B3%D9%83%D9%88/7264139,youm7.com,"دخل مسئولو
النادي الأهلي
على خط المفاوضات بقوة من أجل خطف الزامبي
باسكال فيري
، لاعب فريق زيسكو يونايتد الزامبي، فى ظل القناعة الكبيرة داخل القلعة الحمراء بإمكانات اللاعب الفنية ومستقبله الواعد.
لمتابعة أخبار بطولة كأس أمم أفريقيا 2025 عبر بوابة كأس أمم أفريقيا اضغط هنا
وأكدت مصادر مطلعة أن اللاعب بات قريبًا من الانضمام إلى صفوف نادي
بيراميدز
خلال فترة الانتقالات الشتوية، بعد تقدم المفاوضات بين الطرفين، إلا أن الأهلي لم يرفع الراية البيضاء، حيث يقود مسئولو القلعة الحمراء تحركات مكثفة لإقناع إدارة زيسكو واللاعب بتغيير وجهته نحو الجزيرة.
ويأتي اهتمام الأهلي باللاعب باسكال فيري فى إطار سياسة النادي خلال الفترة الأخيرة بالتركيز على العناصر الشابة المميزة من القارة الأفريقية، القادرة على تقديم الإضافة الفنية على المدى القريب، مع إمكانية التطور وتحقيق الاستفادة الفنية والتسويقية مستقبلًا.
وأكدت المصادر أن أحد مسئولي النادي الأهلي أجرى اتصالات مباشرة خلال الساعات الماضية، سواء مع وكلاء اللاعب أو مسؤولي ناديه، من أجل التعرف على مطالبهم المالية وشروط إتمام الصفقة، مع محاولة تقريب وجهات النظر وحسم الأمور سريعًا قبل إغلاق باب الانتقالات.
ومن المنتظر أن تشهد الأيام القليلة المقبلة تطورات حاسمة في مصير الصفقة، في ظل الصراع القوى بين الأهلي وبيراميدز لضم اللاعب، خاصة مع تمسك كل طرف بتدعيم صفوفه بعناصر مميزة استعدادًا للاستحقاقات المحلية والقارية المقبلة.",2026-01-11
,https://www.youm7.com/story/2026/1/10/%D8%AD%D8%B3%D9%8A%D9%86-%D8%A7%D9%84%D8%B4%D8%AD%D8%A7%D8%AA-%D9%8A%D8%B3%D8%AC%D9%84-%D8%B1%D8%A7%D8%A8%D8%B9-%D8%A3%D9%87%D8%AF%D8%A7%D9%81-%D8%A7%D9%84%D8%A3%D9%87%D9%84%D9%8A-%D9%81%D9%89-%D8%B4%D8%A8%D8%A7%D9%83-%D9%81%D8%A7%D8%B1%D9%83%D9%88-%D9%88%D8%A7%D9%84%D9%87%D8%A7%D8%AA%D8%B1%D9%8A%D9%83/7264076,youm7.com,"أضاف حسين الشحات لاعب
الأهلي
الهدف الثالث له والرابع لفريقه في مرمى
فاركو
، في الدقيقة 61 من عمر المباراة التي تجمعهما باستاد برج العرب بالإسكندرية، ضمن منافسات الجولة السادسة من مرحلة المجموعات ل
كأس عاصمة مصر
.
لمتابعة أخبار بطولة كأس أمم أفريقيا 2025 عبر بوابة كأس أمم أفريقيا اضغط هنا
ويخوض الأهلي مواجهة فاركو بتشكيل مكون من، حمزة علاء في حراسة المرمى، إبراهيم الأسيوطي - أحمد رمضان بيكهام - ياسين مرعي - محمد شكري في الدفاع، أحمد رضا - حسين الشحات - طاهر محمد طاهر - محمد عبد الله - محمد رأفت في الوسط، ونيتس جراديشار في الهجوم.
وتواجد على مقاعد البدلاء كل من: أشرف داري ومحمد سيحا ومصطفى العش ومحمد زعلوك وحمزة عبد الكريم وإبراهيما كاظم ومهند الشامي وإبراهيم عادل وعمر معوض.
فيما جاء تشكيل فاركو كالتالي، أحمد دعدور في حراسة المرمى، بابا كار، سيف الإمام، محمد حسين، معاذ أحمد في الدفاع، وليد مصطفى،يوسف جلال، ياسين الملاح، أحمد فؤاد في الوسط، كريم الطيب، أليو بادارا في الهجوم.
وتواجد على مقاعد البدلاء: محمد شيكا، جابر كامل، محمد عز، محمد سيد، محمود فرحات، رامز مدحت، يوسف عبد الحفيظ، حسام رضا، شوقي الضنين.",2026-01-11
,https://www.youm7.com/story/2026/1/10/%D8%A7%D9%84%D8%AA%D8%B4%D9%83%D9%8A%D9%84-%D8%A7%D9%84%D8%B1%D8%B3%D9%85%D9%8A-%D9%84%D9%85%D8%A8%D8%A7%D8%B1%D8%A7%D8%A9-%D8%A7%D9%84%D8%AC%D8%B2%D8%A7%D8%A6%D8%B1-%D8%B6%D8%AF-%D9%86%D9%8A%D8%AC%D9%8A%D8%B1%D9%8A%D8%A7-%D9%81%D9%89-%D8%B1%D8%A8%D8%B9-%D9%86%D9%87%D8%A7%D8%A6%D9%8A-%D8%A3%D9%85%D9%85/7264046,youm7.com,"أعلن فلاديمير بيتكوفيتش مدرب
منتخب الجزائر
التشكيل الرسمي لمواجهة منتخب نيجيريا فى السادسة مساء اليوم، السبت، بملعب مراكش، في إطار منافسات الدور ربع النهائي من بطولة
كأس أمم أفريقيا 2025
المقامة حاليًا في المغرب.
لمتابعة أخبار بطولة كأس أمم أفريقيا 2025 عبر بوابة كأس أمم أفريقيا اضغط هنا
حراسة المرمى: لوكا زيدان
الدفاع: ريان آيت نوري - رامي بن سبعيني - عيسى ماندي - رفيق بلغالي
الوسط: رامز زروقي - هشام بوداوي - إبراهيم مازا
الهجوم: رياض محرز - فارس شايبي - ومحمد الأمين عمورة
نواوبالي في حراسة المرمى، ثم أوساي، نديدي، لوكمان، أونيكا، أوسيمين، برونو أونيمايتشي، إيوبي، كالفن، أكور أدامز.
بعد غياب دام أربع سنوات، يعود منتخب الجزائر إلى ملعب ""مراكش""، لخوض مواجهة مصيرية أمام منتخب نيجيريا في مباراة تحمل أبعادًا تاريخية ونفسية خاصة لـ""محاربي الصحراء"".
العودة إلى مراكش لا تقتصر على كونها محطة جديدة في مشوار البطولة، بل تمثل فرصة حقيقية لرفقاء رياض محرز من أجل تجاوز إرث ثقيل من الذكريات، وكسر ما يُعرف بـ""عقدة مراكش""، وفتح صفحة جديدة تقود إلى نصف النهائي.
وخسر منتخب الجزائر أمام المغرب برباعية نظيفة ضمن تصفيات كأس أمم أفريقيا 2012 على ملعب ""مراكش""، وكان آخر ظهور لمنتخب الجزائر على الملعب ذاته في 7 سبتمبر 2021، عندما واجه بوركينا فاسو ضمن تصفيات كأس العالم 2022، وانتهت المباراة بالتعادل الإيجابي (1-1).
ويدخل محاربو الصحراء المواجهة بطموحات كبيرة لمواصلة الزحف نحو منصة التتويج القاري، مستمدّين الثقة من فوز شاق ومثير على منتخب الكونغو الديمقراطية بهدف نظيف في جاء في الثواني الأخيرة من زمن الوقت الأَضافي في المباراة التي جمعتهما بالعاصمة الرباط ضمن منافسات دور الـ16، في مواجهة أظهرت شخصية البطل وروح القتال حتى اللحظات الأخيرة.
في المقابل، يبدو منتخب نيجيريا عازمًا على تأكيد قوته مبكرًا، بعدما بلغ ربع النهائي بأسلوب هجومي كاسح، عقب انتصار ساحق على موزمبيق برباعية نظيفة، عكس الجاهزية العالية لـ""النسور الخضر"" ورغبتهم في فرض الهيمنة.
وبهذا التأهل، تبلغ نيجيريا ربع النهائي للمرة الثانية تواليًا منذ 2010، وتطمح لبلوغ نصف النهائي للمرة السادسة عشرة في تاريخها، رقم قياسي يعكس ثبات ""النسور الخضر"" في المواعيد الكبرى.",2026-01-11
,https://www.youm7.com/story/2026/1/10/%D8%B3%D9%8A%D8%AF%D8%A9-%D8%A5%D9%86%D8%AC%D9%84%D9%8A%D8%B2%D9%8A%D8%A9-%D8%A7%D9%84%D8%B1%D8%B9%D8%A7%D9%8A%D8%A9-%D8%A7%D9%84%D8%B5%D8%AD%D9%8A%D8%A9-%D9%81%D9%8A-%D9%85%D8%B5%D8%B1-%D8%A3%D9%81%D8%B6%D9%84-%D9%88%D8%A3%D8%B3%D8%B1%D8%B9-%D9%85%D9%86-%D8%A8%D8%B1%D9%8A%D8%B7%D8%A7%D9%86%D9%8A%D8%A7/7264475,youm7.com,"عرض برنامج ستوديو إكسترا، على قناة إكسترا نيوز، تقريراً مصوراً لسيدة إنجليزية تتلقى العلاج فى مستشفى شرم الشيخ الدولي، حيث أشادت ب
جودة الخدمات الطبية
المقدمة لها.
وأكدت السيدة في حديثها أنها تشعر بالأمان التام داخل المستشفيات المصرية، مشيرة إلى أن هذه هي المرة الثانية التي تختار فيها تلقي العلاج في مصر بعد تجربة سابقة ناجحة لعلاج كسر ألمّ بها.
أجرت السيدة الإنجليزية مقارنة بين الرعاية الصحية في مصر ونظيرتها في بريطانيا، معبرة عن استيائها من طول فترات الانتظار في بلدها، وكشفت أنها لا تزال تنتظر مقابلة طبيب استشاري في إنجلترا منذ 14 شهراً بسبب إصابة في ظهرها، بينما تلقت الرعاية الطبية الفورية واللازمة في مصر بمجرد وصولها، وقالت بوضوح: أشعر بالأمان هنا أكثر، ولن أذهب للمستشفيات في إنجلترا مجدداً.
يأتي هذا التقرير في إطار متابعة جهود هيئة الرعاية الصحية، برئاسة الدكتور أحمد السبكي، والمشرف على مشروع التأمين الصحي الشامل، لتطوير المستشفيات المصرية وتحويلها إلى وجهات عالمية للسياحة العلاجية، وتبرز تجربة هذه السيدة نجاح مستشفى شرم الشيخ الدولي في تقديم نموذج طبي متطور يضاهي المعايير العالمية، مما يجذب السائحين الأجانب لتلقي العلاج في مصر.
من جانبه، تمنى الفريق الطبي في مستشفى شرم الشيخ الدولي الشفاء العاجل للسيدة الإنجليزية، معبرين عن سعادتهم بتقديم الخدمة الطبية لها ولجميع الزائرين، وتؤكد مثل هذه الشهادات الدولية على نجاح مشروع التأمين الصحي الشامل في رفع كفاءة المنظومة الصحية، وتعزيز مكانة مصر كمركز إقليمي ودولي متميز في مجال الرعاية الطبية والسياحة العلاجية.",2026-01-11
,https://www.youm7.com/story/2026/1/10/%D8%A7%D8%A8%D9%86-%D8%A8%D8%A7%D8%AA%D8%B1%D9%8A%D8%B3-%D9%84%D9%88%D9%85%D9%88%D9%85%D8%A8%D8%A7-%D9%86%D8%B4%D8%A3%D9%86%D8%A7-%D9%81%D9%8A-%D9%85%D9%86%D8%B2%D9%84-%D8%A7%D9%84%D8%B2%D8%B9%D9%8A%D9%85-%D8%AC%D9%85%D8%A7%D9%84-%D8%B9%D8%A8%D8%AF-%D8%A7%D9%84%D9%86%D8%A7%D8%B5%D8%B1/7264458,youm7.com,"كشف رولان لومومبا، نجل الزعيم الأفريقي الراحل
باتريس لومومبا
، عن تفاصيل نشأته في مصر والعلاقة الاستثنائية التي ربطت عائلته بالزعيم الراحل
جمال عبد الناصر
.
وأكد رولان لومومبا، في أول لقاء مع قناة مصرية ببرنامج كلمة أخيرة مع الإعلامي أحمد سالم، على قناة ON، أنه يعتبر نفسه ابناً لمصر، حيث قضى فيها كافة مراحل حياته التعليمية من الابتدائي وحتى الجامعي، مشيراً إلى أن جميع أصدقاء طفولته هم من المصريين. واستعاد ذكرياته في مدرسة ""ليسيه مصر الجديدة""، مؤكداً أنه لا يزال يحتفظ بعلاقات وثيقة مع زملائه القدامى ويحرص على زيارتهم.
وتحدث رولان بتأثر عن الفترة التي قضاها في منزل الزعيم جمال عبد الناصر، قائلاً: ""نشأنا كأخوة مع أبناء عبد الناصر، وكانت السيدة تحية عبد الناصر تعاملنا كأولادها تماماً"". وأضاف أن عائلة عبد الناصر وعائلة المستشار عبد العزيز إسحاق كانتا بمثابة العائلة البديلة لهم في مصر، مؤكداً استمرار هذا التواصل الإنساني حتى يومنا هذا.
وعن والده الزعيم باتريس لومومبا، أوضح رولان أن العالم لا يزال يذكر نضاله، حيث يوجد أكثر من 40 دولة تخلد اسمه على منشآتها التعليمية وشوارعها. وبشأن صورته الإنسانية، قال: ""رغم أنني فقدته وأنا في الثانية من عمري، إلا أنني عرفت من والدتي أنه كان أباً حنوناً يحب أطفاله بجنون، لكن حبه لوطنه وتضحيته من أجله كانت تفوق كل شيء"".
وفي ختام حديثه، أعرب رولان عن اشتياقه الدائم لمصر، مشيراً إلى أن زيارته الأخيرة كانت منذ عام ونصف، وأنه ينوي العودة مجدداً في شهر مارس المقبل لقضاء وقت أطول مع أصدقائه في ربوع القاهرة التي شهدت أجمل سنوات عمره.",2026-01-11
,https://www.youm7.com/story/2026/1/11/%D8%A7%D8%AA%D8%AD%D8%A7%D8%AF-%D8%A7%D9%84%D9%83%D8%B1%D8%A9-%D8%AD%D8%B3%D8%A7%D9%85-%D8%AD%D8%B3%D9%86-%D9%85%D8%B3%D8%AA%D9%85%D8%B1-%D9%85%D8%B9-%D8%A7%D9%84%D9%81%D8%B1%D8%A7%D8%B9%D9%86%D8%A9-%D8%AD%D8%AA%D9%89-%D9%83%D8%A3%D8%B3-%D8%A7%D9%84%D8%B9%D8%A7%D9%84%D9%85/7264149,youm7.com,"أكد مصطفى أبو زهرة، عضو مجلس إدارة اتحاد الكرة، أن لاعبي
منتخب مصر
أثبتوا أنهم على قدر المسؤولية بعد الفوز المهم على
كوت ديفوار
، مشددًا على أن عناصر المنتخب «رجالة ولا يخافون من أي شيء».
وقال خلال تصريحات تليفزيونية: «نشكر ربنا على الفوز، وما النصر إلا من عند الله، وربنا كلل تعب منتخب مصر بهذا الانتصار».
وأضاف أبو زهرة، أن لاعبي المنتخب قدموا مجهودًا كبيرًا خلال اللقاء، ونجحوا في ترجمة هذا التعب إلى فوز أسعد الجماهير المصرية، مؤكدًا أن الجميع داخل الفريق كان على قدر المسؤولية في واحدة من أصعب مباريات البطولة أمام
كوت ديفوار
.
واختتم عضو مجلس إدارة اتحاد الكرة تصريحاته بالتأكيد على استمرار
حسام حسن
في قيادة منتخب مصر حتى كأس العالم، موضحًا أن الأجواء داخل معسكر المنتخب في المغرب يسودها قدر كبير من السعادة والتركيز، في ظل حالة من التفاؤل بما هو قادم.",2026-01-11
,https://www.youm7.com/story/2026/1/11/%D8%A3%D8%AE%D8%A8%D8%A7%D8%B1-24-%D8%B3%D8%A7%D8%B9%D8%A9-%D8%A7%D9%84%D8%AC%D9%8A%D8%B2%D8%A9-%D8%BA%D9%84%D9%82-%D8%A7%D9%84%D8%B7%D8%B1%D9%8A%D9%82-%D8%A7%D9%84%D8%AF%D8%A7%D8%A6%D8%B1%D9%89-%D8%A7%D9%84%D9%82%D9%88%D8%B3-%D8%A7%D9%84%D8%BA%D8%B1%D8%A8%D9%89-%D8%A8%D8%A7%D9%84%D8%A7%D8%AA%D8%AC%D8%A7%D9%87%D9%8A%D9%86/7264463,youm7.com,"يقدم «اليوم السابع» سلسلة من الأخبار التى تهم الجمهور، خاصة الملفات الحيوية والخدمية، وتتضمن عرضًا لأهم الأخبار فى 24 ساعة، من بينها:
‎وزير الزراعة: صرف حصص الأسمدة كاملة دون النظر لمديونيات أو أقساط المزارعين
«الزراعة»: إتاحة الكلاب للحراسة والبحث العلمى.. وتصديرها لغرض الإطعام ممنوع
محافظة الجيزة تعلن غلق الطريق الدائرى القوس الغربى بالاتجاهين 21 يومًا
رفع كمرات محور عمرو بن العاص أعلى الطريق الدائرى القوس الغربى.. صور
مشهد إنسانى لمحبة أهل القرآن.. متسابقو دولة التلاوة يودعون زميلهم بالأحضان
وزارة الزارعة: المواطن سيشعر بنتائج خطة مواجهة الكلاب الضالة خلال 6 أشهر
ننشر جميع أسماء الفائزين فى 27 دائرة ملغاة لانتخابات مجلس النواب
منى خليل: جمعيات الرفق بالحيوان غير مسؤولة عن سبوبة تبرعات فيسبوك للكلاب الضالة
وزارة الزراعة تعلن حسابا بنكيا لتلقى التبرعات لتمويل استراتيجية الكلاب الضالة
جمعية الرفق بالحيوان: أزمة الكلاب تحولت لبيزنس لجمع التبرعات على السوشيال
الصحة: تقديم 8.5 مليون خدمة طبية من خلال المنشآت الصحية بالمنيا عام 2025
الطقس غدا.. انخفاض جديد فى درجات الحرارة وشبورة كثيفة صباحا والصغرى بالقاهرة 10
الزراعة: تكلفة تعقيم الكلاب الضالة 475 جنيها للذكر و800 جنيه للأنثى
وزارة الزراعة: الكلب البلدى المصري يعمل في الحراسة بسويسرا
البيطريين: عجز الأطباء تجاوز 50% وأثر فى استراتيجية السيطرة على الكلاب الضالة
التعليم العالى: بعض المعاهد الهندسية طلبت عدم ترشيح طلاب بها تمهيدا للغلق
وزارة الزراعة: تزاوج السلالات الأجنبية من الكلب البلدي سبب شراسته الحالية
عضو بنقابة البيطريين تقترح تبني الكلاب البلدي وفرض رسوم على السلالات المستوردة
وزارة الزراعة: حظر إطعام الكلاب بمداخل البيوت وتخصيص نقاط بعيدة عن السكان
اتحاد جمعيات الرفق بالحيوان: دفاعى عن الكلاب شغلتى.. ونرفض قتلها أو تسميمها
الزراعة: تطعيم 70% من الكلاب سنويا ضد السعار.. وانخفاض حالات العقر منتصف 2026
الصحة: تقديم 22.8 مليون خدمة طبية من خلال المنشآت الصحية بالبحيرة فى 2025
وزارة الزراعة: إنشاء 12 شلتر بالمحافظات لإيواء الكلاب.. والبدء بـ4 محافظات
وزارة الزراعة تلاحق صفحات المتاجرة بالكلاب الضالة لجمع تبرعات بالتعاون مع الداخلية
الطب البيطرى: 12 مليون كلب ضال فى الشوارع
الزراعة: 54 عيادة متنقلة تجوب شوارع المحافظات خلال أيام لتعقيم الكلاب الضالة
وزير التموين يطمئن على إنتاج السكر المحلى من القصب وتخزين القمح فى الصوامع بالمنيا
التعليم العالي: «تمكين» تؤكد التزام الدولة ببناء منظومة دامجة للطلاب ذوي الإعاقة
رابط وخطوات وأوراق تسجيل استمارة امتحانات الثانوية العامة 2026",2026-01-11
احتفل لاعبو منتخب مصر عقب الفوز على كوت ديفوار 32 فى ربع نهائى أمم أفريقيا وقام اللاعبون بالغناء والرقص فى غرفة خلع الملابس حاملين قميص محمد حمدى,https://www.youm7.com/story/2026/1/10/%D8%B4%D8%A7%D9%87%D8%AF-%D8%BA%D9%86%D8%A7%D8%A1-%D9%88%D8%B1%D9%82%D8%B5-%D9%84%D8%A7%D8%B9%D8%A8%D9%89-%D9%85%D9%86%D8%AA%D8%AE%D8%A8-%D9%85%D8%B5%D8%B1-%D8%A8%D9%82%D9%85%D9%8A%D8%B5-%D9%85%D8%AD%D9%85%D8%AF-%D8%AD%D9%85%D8%AF%D9%89-%D8%A8%D8%B9%D8%AF/7264155,youm7.com,"احتفل لاعبو
منتخب مصر
عقب الفوز على كوت ديفوار 3-2 فى ربع نهائى أمم أفريقيا، وقام اللاعبون بالغناء والرقص فى غرفة خلع الملابس حاملين قميص
محمد حمدى
الذى يغادر لألمانيا خلال ساعات لإجراء جراحة الرباط الصليبى.
وأبدى
محمد صلاح
نجم منتخب مصر، سعادته الكبيرة بالفوز على كوت ديفوار فى ربع نهائى أمم أفريقيا، لافتا إلى أن فريقه كان الأفضل واستحق الفوز بثلاثية.
قال صلاح فى تصريحات تليفزيونية، إنه سيقاتل مع فريقه ويبذلون قصارى جهدهم من أجل الفوز فى كل مباراة، والوصول لأبعد نقطة فى البطولة.
توج محمد صلاح بجائزة رجل مباراة
منتخب مصر وكوت ديفوار
فى المباراة التى جرت اليوم ملعب أدرار بالمغرب، ليصعد منتخب مصر للدور نصف نهائى أمم أفريقيا لمواجهة السنغال.
لمتابعة أخبار بطولة كأس أمم أفريقيا 2025 عبر بوابة كأس أمم أفريقيا اضغط هنا
سجل لمنتخب مصر
عمر مرموش
ورامى ربيعة ومحمد صلاح فى الدقائق 4 و32 و52 من عمر اللقاء، بينما جاء هدفى كوت ديفوار فى الدقيقة 40 من خطأ لأحمد فتوح، ثم ديوى فى الدقيقة 73.
وهدد عمر مرموش مرمى كوت ديفوار مجددا فى الدقيقة 12 وكاد يسجل الهدف الثانى لكن الحكم يرفع الراية معلنا تسلل نجم مانشستر سيتى الانجليزى، وكاد حسام عبد المجيد يضيف الهدف الثانى فى الدقيقة 21 من كرة رأسية لكن الحارس الإيفوارى ينقذ الموقف.
وفى الدقيقة 32 نجح
رامى ربيعة
فى تسجيل الهدف الثانى لمنتخب مصر من رأسية سكنت شباك الحارس الإيفوارى، ومن خطأ عكسى لاحمد فتوح سجل منتخب كوت ديفوار هدفه الأول فى الدقيقة 40، لينتهى الشوط الأول بتقدم مصر 2-1.
وفى الدقيقة 52 نجح
محمد صلاح
فى تسجيل الهدف الثالث من تمريرة حريرية من إمام عاشور وضعته فى مواجهة حارس مرمى كوت ديفوار، وأشهر الحكم الجزائرى مصطفى غربال البطاقة الصفراء لحسام عبد المجيد فى الدقيقة 66.
وفى الدقيقة 73 سجل ديوى لاعب
كوت ديفوار
هدف الأفيال الثانى من ركنية تعامل معها محمد الشناوى بغرابة شديدة، ودفع حسام حسن بمحمود تريزيجيه بدلا من إمام عاشور فى الدقيقة 79 قبل أن يدفع بمصطفى محمد فى الدقيقة 90.
ودفع
حسام حسن
بالثلاثى رامى ربيعة وياسر إبراهيم وحسام عبد المجيد فى قلب الدفاع بجوار محمد هانى وأحمد فتوح على الطرفين الأيمن والأيسر، مع الدفع بالثلاثى مروان عطية وحمدى فتحى وإمام عاشور فى الوسط، وفى الهجوم الثنائى محمد صلاح وعمر مرموش.
فى حراسة المرمى: محمد الشناوي.
خط الدفاع : محمد هاني - رامي ربيعة - حسام عبد المجيد - ياسر إبراهيم - أحمد فتوح.
الوسط: مروان عطية - حمدي فتحي - إمام عاشور.
الهجوم :
محمد صلاح
- عمر مرموش.
وعلى مقاعد البدلاء كل من: أحمد الشناوي - مصطفى شوبير - أحمد عيد  - محمد إسماعيل - خالد صبحي  - محمود صابر - محمد شحاته - إبراهيم عادل - مهند لاشين - أحمد سيد زيزو - محمود تريزيجيه - مصطفى فتحي - أسامة فيصل - صلاح محسن - مصطفى محمد، واستبعد حسام حسن الثنائى محمد صبحى ومحمد حمدى لإصابته بالرباط الصليبى، ويحضر محمد حمدي لاعب منتخب مصر فى أرض الملعب لمساندة زملائه وتحفيزهم لتحقيق الفوز.",2026-01-11
,https://www.youm7.com/story/2026/1/10/%D8%B3%D9%8A%D8%AF%D8%A9-%D8%A5%D9%86%D8%AC%D9%84%D9%8A%D8%B2%D9%8A%D8%A9-%D8%A7%D9%84%D8%B1%D8%B9%D8%A7%D9%8A%D8%A9-%D8%A7%D9%84%D8%B5%D8%AD%D9%8A%D8%A9-%D9%81%D9%8A-%D9%85%D8%B5%D8%B1-%D8%A3%D9%81%D8%B6%D9%84-%D9%88%D8%A3%D8%B3%D8%B1%D8%B9-%D9%85%D9%86-%D8%A8%D8%B1%D9%8A%D8%B7%D8%A7%D9%86%D9%8A%D8%A7/7264475,youm7.com,"عرض برنامج ستوديو إكسترا، على قناة إكسترا نيوز، تقريراً مصوراً لسيدة إنجليزية تتلقى العلاج فى مستشفى شرم الشيخ الدولي، حيث أشادت ب
جودة الخدمات الطبية
المقدمة لها.
وأكدت السيدة في حديثها أنها تشعر بالأمان التام داخل المستشفيات المصرية، مشيرة إلى أن هذه هي المرة الثانية التي تختار فيها تلقي العلاج في مصر بعد تجربة سابقة ناجحة لعلاج كسر ألمّ بها.
أجرت السيدة الإنجليزية مقارنة بين الرعاية الصحية في مصر ونظيرتها في بريطانيا، معبرة عن استيائها من طول فترات الانتظار في بلدها، وكشفت أنها لا تزال تنتظر مقابلة طبيب استشاري في إنجلترا منذ 14 شهراً بسبب إصابة في ظهرها، بينما تلقت الرعاية الطبية الفورية واللازمة في مصر بمجرد وصولها، وقالت بوضوح: أشعر بالأمان هنا أكثر، ولن أذهب للمستشفيات في إنجلترا مجدداً.
يأتي هذا التقرير في إطار متابعة جهود هيئة الرعاية الصحية، برئاسة الدكتور أحمد السبكي، والمشرف على مشروع التأمين الصحي الشامل، لتطوير المستشفيات المصرية وتحويلها إلى وجهات عالمية للسياحة العلاجية، وتبرز تجربة هذه السيدة نجاح مستشفى شرم الشيخ الدولي في تقديم نموذج طبي متطور يضاهي المعايير العالمية، مما يجذب السائحين الأجانب لتلقي العلاج في مصر.
من جانبه، تمنى الفريق الطبي في مستشفى شرم الشيخ الدولي الشفاء العاجل للسيدة الإنجليزية، معبرين عن سعادتهم بتقديم الخدمة الطبية لها ولجميع الزائرين، وتؤكد مثل هذه الشهادات الدولية على نجاح مشروع التأمين الصحي الشامل في رفع كفاءة المنظومة الصحية، وتعزيز مكانة مصر كمركز إقليمي ودولي متميز في مجال الرعاية الطبية والسياحة العلاجية.",2026-01-11
أهم الأخبار العالمية والعربية حتى منتصف الليل روسيا تعارض أي وجود عسكري غربي في أوكرانيا وزيلينسكي يقايض أمريكا باتفاق تجاري مقابل ضمانات أمنية وبولندا تحث رعاياها مغادرة إيران إسرائيل تحاصر أطفال غزة,https://www.youm7.com/story/2026/1/11/%D8%A3%D9%87%D9%85-%D8%A7%D9%84%D8%A3%D8%AE%D8%A8%D8%A7%D8%B1-%D8%A7%D9%84%D8%B9%D8%A7%D9%84%D9%85%D9%8A%D8%A9-%D9%88%D8%A7%D9%84%D8%B9%D8%B1%D8%A8%D9%8A%D8%A9-%D8%AD%D8%AA%D9%89-%D9%85%D9%86%D8%AA%D8%B5%D9%81-%D8%A7%D9%84%D9%84%D9%8A%D9%84-%D8%B1%D9%88%D8%B3%D9%8A%D8%A7-%D8%AA%D8%B9%D8%A7%D8%B1%D8%B6-%D8%A3%D9%8A/7264403,youm7.com,"حرصا على تقديم الخدمات المتكاملة للقراء الكرام، يعرض اليوم السابع أهم الأخبار العربية والعالمية على مدار الساعات الماضية.
زيلينسكي: محادثات مع واشنطن حول اتفاق تجارة حرة مقابل ضمانات أمنية واضحة لأوكرانيا
قال الرئيس الأوكراني فولوديمير زيلينسكي إن كييف تجري محادثات مع الولايات المتحدة بشأن اتفاق محتمل للتجارة الحرة، في مسعى لإقناع واشنطن
نائب رئيس مجلس الأمن الروسي يؤكد معارضة بلاده أي وجود عسكري غربي في أوكرانيا
أكد نائب رئيس مجلس الأمن الروسي، ديمتري ميدفيديف، أن نشر أي قوة عسكرية في أوكرانيا، سواء من قبل دول أوروبية منفردة أو حلف شمال الأطلسي (الناتو)
سيبونا فى حالنا.. أحزاب جرينلاند توجه رسالة إلى ترامب بعد تهديده بضم الجزيرة
أصدرت الأحزاب السياسية الخمسة فى برلمان جرينلاند بيانًا مشتركًا رفضت فيه تهديدات الرئيس الأمريكي دونالد ترامب بضم الجزيرة إلى الولايات المتحدة، مؤكدة: «لا نريد أن نكون أمريكيين، اتركونا وشأننا»
كوريا الجنوبية تنفى اتهامات جارتها الشمالية بإطلاق طائرات مسيرة إلى أراضيها
نفت كوريا الجنوبية، السبت، اتهامات كوريا الشمالية بشأن تسلل طائرات مسيرة تابعة لها إلى أراضيها خلال سبتمبر الماضي وبداية الأسبوع الجاري، مؤكدة أن المزاعم المتداولة لا تستند إلى أي أساس من الصحة.
الانقسامات تهدد حظوظ الجمهوريين بانتخابات التجديد النصفى 2026..ما القصة؟
اعترف الرئيس الأمريكي، دونالد ترامب بأن الجمهوريين عليهم أن يحققوا مكاسب فى انتخابات التجديد النصفى فى نوفمبر من العام الجاري، وإلا سينجح الديمقراطيون فى عزله
بولندا تحث رعاياها على مغادرة إيران فورا
حثت وزارة الشئون الخارجية البولندية رعاياها الموجودين في إيران على مغادرتها فورا، ناصحة مواطنيها بتجنب كل أشكال السفر إليها.
وزير الخارجية الصيني يطرح مقترحات لمواصلة تعميق التعاون بين الصين وإفريقيا
التقى وزير الخارجية الصيني وانج يي، وزير الخارجية والتعاون الشرق أفريقي بجمهورية تنزانيا محمود ثابت كومبو، في دار السلام
مسئول أمريكى: إدراة ترامب تدرس شن ضربات جوية تستهدف مواقع عسكرية إيرانية
نقلت وول ستريت جورنال عن مسؤول أمريكي قوله إن من بين الخيارات المطروحة داخل الإدارة الأمريكية شن ضربات جوية واسعة تستهدف مواقع عسكرية إيرانية، ضمن قائمة بدائل يجرى بحثها دون حسم.
انظروا إلى السماء نحن قادمون.. رسائل تهديد تثير الذعر فى إسرائيل
أثارت رسائل تهديد حالة من الذعر في إسرائيل، بعد أن تلقى عدد كبير من الإسرائيليين، عصر السبت، رسائل نصية قصيرة تحمل مضمونًا تهديديًا، ظهر مصدرها من رقم بريطاني
مظاهرات إيران.. مقتل 7 من قوات الأمن الإيرانى واعتقال 200 من المخربين فى مشهد
أفادت وكالة تسنيم، نقلاً عن مصدر أمني إيرانى، بأن السلطات تمكنت من اعتقال 200 من قادة أعمال الشغب فى مختلف المدن الإيرانية، وكان بحوزتهم أسلحة وقنابل
«الزراعة»: إتاحة الكلاب للحراسة والبحث العلمى.. وتصديرها لغرض الإطعام ممنوع
حسم الدكتور محمد الحسيني عوض، مدير الإدارة العامة للرفق بالحيوان بوزارة الزراعة، الجدل المثار حول ملف تصدير الكلاب المصرية للخارج.
""الأونروا"": أطفال غزة يعيشون أوضاعا مزرية في ظل قيود إسرائيل على دخول المساعدات
أكدت وكالة الأمم المتحدة لغوث وتشغيل اللاجئين الفلسطينيين (الأونروا)، أن الأطفال في قطاع غزة ما يزالون يعيشون ظروفا مزرية في ظل القيود الإسرائيلية
وزير خارجية عُمان لنظيره الإيراني: إبقاء قنوات الحوار مفتوحة ضرورة لمواجهة التحديات
أكد وزير خارجية سلطنة عُمان، بدر بن حمد البوسعيدي، حرص بلاده على إبقاء قنوات التشاور والحوار مفتوحة بين الدول من أجل التعامل مع التحديات الإقليمية
سوريا: استمرار إغلاق مطار حلب أمام الحركة الجوية حتى إشعار آخر
أعلنت الهيئة العامة للطيران المدني والنقل الجوي في سوريا، استمرار إغلاق مطار حلب أمام الحركة الجوية حتى إشعار آخر، حرصا على سلامة المسافرين والطواقم الجوية
قسد تستهدف مبنى محافظة حلب بطائرة مسيرة والخارجية السورية تدين
قالت مديرية إعلام حلب، السبت، إن قوات قسد استهدفت مبنى محافظة حلب بطائرة مسيرة، أثناء عقد مؤتمر صحفي ضم محافظ حلب عزام الغريب، ووزير الإعلام حمزة مصطفى، ووزيرة الشؤون الاجتماعية والعمل هند قبوات.
وزير الإعلام اللبنانى معزيًا فيروز: فى صمتك نتعلم الصبر
قدم وزير الإعلام اللبنانى المحامي دكتور بول مرقص، واجب العزاء للفنانة فيروز من كنيسة رقاد السيدة في المحيدثة – بكفيا، بوفاة نجلها هلي الرحباني،
البحرين: مجلس الشورى يناقش غدًا حظر ومكافحة غسل الأموال وتمويل الإرهاب
يعقد مجلس الشورى البحرينى في جلسته الرابعة عشرة في دور الانعقاد الرابع من الفصل التشريعي السادس، غداً الأحد، وتتناول الجلسة تقرير
رئيس المجلس الأوروبي: مستمرون في دعم جهود إعادة بناء سوريا
أكد رئيس المجلس الأوروبي أنطونيو كوستا، أن زيارته، رفقة رئيسة المفوضية الأوروبية أورسولا فون دير لاين، إلى سوريا تؤكد استمرار دعم الاتحاد الأوروبي لجهود إعادة بناء البلاد.",2026-01-11
منتخب مصر يكرس عقدة الأفيال ويخطف بطاقة الصعود إلى نصف نهائي أمم أفريقيا الفراعنة يتأهلون لمواجهة السنغال بالدور المقبل 3 أهداف لأبناء النيل تحبط الإيفواريين وحسام حسن يلعب بخطة متوازنة دفاعا وهجوما,https://www.youm7.com/story/2026/1/10/%D9%85%D9%86%D8%AA%D8%AE%D8%A8-%D9%85%D8%B5%D8%B1-%D9%8A%D9%8F%D9%83%D8%B1%D8%B3-%D8%B9%D9%82%D8%AF%D8%A9-%D8%A7%D9%84%D8%A3%D9%81%D9%8A%D8%A7%D9%84-%D9%88%D9%8A%D8%AE%D8%B7%D9%81-%D8%A8%D8%B7%D8%A7%D9%82%D8%A9-%D8%A7%D9%84%D8%B5%D8%B9%D9%88%D8%AF-%D8%A5%D9%84%D9%89-%D9%86%D8%B5%D9%81/7264157,youm7.com,"نجح
منتخب مصر
في مواصلة مشواره ببطولة
كأس الأمم الإفريقية
بعد التأهل على نصف نهائي البطولة القارية، عقب الفوز على نظيره الإيفواري بثلاثة أهداف مقابل هدفين في المباراة التي جمعتهما مساء السبت على استاد أدرار في ربع نهائي المونديال القاري.
مباراة الفراعنة والأفيال كانت حافلة بالعديد من المشاهد والأحداث المثيرة وشهدت 90 دقيقة مليئة بالشد والجذب وتوتر الأعصاء والأجواء الساخنة، ولعل أبرزها في النقاط التالية:
نجح منتخب مصر في امتصاص حماس البدايات بعدما سجل هدف مبكر في الدقيقة الرابعة عن طريق عمر مرموش من هجمة منظمة حيث وصلته الكرة من إمام عاشور وراوغ مدافع كوت ديفوار وسددها على يسار الحارس الإيفواري، وهو ما منح المنتخب المصري ثقة ودفعة معنوية عالية.
لعب منتخب مصر بطريقة متوازنة دفاعيا وهجوميا، حيث لعب بخمسة لاعبين في الخط الخلفي وهم محمد هاني وياسر إبراهيم وحسام عبد المجيد ورامي ربيعة وأحمد فتوح ومن أمهم الثلاثي مروان عطية وحمدي فتحي وإمام عاشور، فيما يلعب بالثنائي أصحاب السرعات محمد صلاح وعمر مرموش.
اعتمد منتخب مصر على اللعب بالتحولات بحيث يلعب بـ5 لاعبين في الخط الخلفي في الحالة الدفاعية وتحول الطريقة إلى 3-5-2 في الحالة الهجومية، بحيث يتقدم هاني وفتوح للأمام واستغلال الأطراف للفراعنة مع تقدم إمام لتقديم الدعم الهجومي مع صلاح ومرموش.
نجح منتخب مصر في تسجيل هدف ثاني مباغت في الدقيقة 32 بتوقيع رامي ربيعة وصناعة رامي ربيعة من متابعته لركلة ركنية، وسددها على يسار الحارس الإيفواري، وهو ما منح الفراعنة ثقة أكبر وطمأنينة خلال أحداث المباراة، ووضع الأفيال تحت ضغط وصدمة ودفعهم لاستعجال اللعب من أجل تعديل النتيجة.
استقبل منتخب مصر هدف عكسي في الدقيقة 40 نتيجة ارتطام الكرة في قدم أحمد فتوح ودخول شباك الفراعنة من ركلة حرة مباشرة لمنتخب كوت ديفوار، لتمنح الأفيال قبلة الحياة في العودة إلى اللقاء بعد حالة من التوتر والاستعجال في اللعب بعد التأخر بهدفين في أول 32 دقيقة.
مع بداية الشوط الثاني ووسط محاولات مستميتة من منتخب الأفيال لإدراك التعادل والضغط على منتخب مصر، نجح الفراعنة في استغلال هجمة مرتدة بعدما وصلت الكرة إلى إمام عاشور في الجبهة اليسرى ولعبها بوجه القدم الخارجي لصلاح داخل منطقة الجزاء والذي سددها على يمين حارس كوت ديفوار، ليحبط آمال المنتخب الإيفواري ويقتل معنوياتهم في العودة للقاء.
تمكن منتخب مصر من استغلال هدف فادح لدفاع منتخب مصر ومحمد الشناوي وسجل الهدف الثاني وقلص الفارق في النتيجة لتصبح 3-2 في الدقيقة 73 من عمر المباراة، بسبب تعامل خاطئ من الشناوي في إبعاد الكرة التي كانت في حوزة يده وسط ارتباك دفاعي للفراعنة استغلها دوي لاعب كوت ديفوار في تسجيل الهدف الثاني لهم.
أدى لاعبو منتخب مصر بروح قتالية في الدقائق الأخيرة من عمر المباراة حفاظا على النتيجة والتأهل إلى نصف النهائي، ونجحوا في امتصاص حماس الأفيال حتى نهاية المباراة بفوز الفراعنة والصعود إلى نصف نهائي البطولة القارية، في رحلة حصد النجمة الثامنة وحصد اللقب الغائب عن الفراعنة منذ 15 عام.",2026-01-11
قارئ بريطانى يشيد بقراء دولة التلاوة هى دى مصر لجنة التحكيم لـ القلاجى ما فيش بعد كده وقبلات على الرأس بين المتسابقين تأهل محمد القلاجى ومحمود السيد وخروج محمد شفيق واحتفاء بالشيخ أحمد عامر,https://www.youm7.com/story/2026/1/10/%D9%82%D8%A7%D8%B1%D8%A6-%D8%A8%D8%B1%D9%8A%D8%B7%D8%A7%D9%86%D9%89-%D9%8A%D8%B4%D9%8A%D8%AF-%D8%A8%D9%82%D8%B1%D8%A7%D8%A1-%D8%AF%D9%88%D9%84%D8%A9-%D8%A7%D9%84%D8%AA%D9%84%D8%A7%D9%88%D8%A9-%D9%87%D9%89-%D8%AF%D9%89-%D9%85%D8%B5%D8%B1-%D9%84%D8%AC%D9%86%D8%A9/7264449,youm7.com,"حل القارئ الشيخ محمد أيوب عاصف ضيفا بالحلقة الـ 18 من
برنامج دولة التلاوة
، والتى شارك بها المتسابقون وهم كل من محمد ماهر شفيق، محمد القلاجى، محمود السيد عبد الله.
شهدت الحلقة قراءة قرآنية مشتركة ومميزة بين المتسابق محمد القلاجى والقارئ البريطانى الشيخ محمد أيوب عاصف، مما نال إعجاب لجنة التحكيم مشيدين بجمال صوتيهما. وأثناء صعود الشيخ محمد أيوب عاصف، على المسرح للقراءة بجوار محمد القلاجى قال : انا جمبه أروح فين؟ هى دى مصر، صافح يده وقبله فوق رأسه.
وخلال الفقرة الثانية وأثناء صعود الشيخ محمد أيوب عاصف، على المسرح للقراءة بجوار محمود السيد قال :الشيخ محمود حبيبنا وزميلنا وأخونا وسافرنا سوى فى حفلات وهو علم من أعلام التلاوة، وصافحه وقبله وأحتضنه فى مشهد يجسد روح المحبة والإخوة.
علقت لجنة تحكيم دولة التلاوة على قراءة المتسابق محمد ماهر شفيق، قائلة: الأحكام التجويدية سليمة والقراءة متقنة والصوت جيد، وهذه المسابقة تثبت أن مصر دولة التلاوة، وانت تحاول أن تصل إلى الصفوة إتقان ما بعده اتقان، وسعداء بجميع المتسابقين.
وعلقت لجنة التحكيم على قراءة المتسابق محمد القلاجى، قائلة: ماشاء الله أبدعت واتقنت القراءة حكما وآداءا وتجويدا مافيش بعد كده، ولا توجد أى أخطاء تجويدية، أنت نجما متميزا ولو طلت لأصعدك للمرحلة الأخيرة لأصعدك، وآداءك فوق الممتاز ولديك ثبات وآداء الكبار، مداعبا له : انت عجوز يا شيخ محمد ربنا يحفظك.
وعلق الداعية مصطفى حسني، على قراءة المتسابق محمد ماهر شفيق، قائلا: من أهم احتياجات الإنسان بقاء النعمة، ولا يملك إبقاءها أو إزالتها إلا الله سبحانه وتعالى. ولفت مصطفى حسنى إلى أنه أولى أن نطمئن بأن أى إنسان يريد أن تظل النعمة لديه يجب أن يكون مع الله ولا يطلبها بطريقة لا ترضي الخالق.
وعلق مصطفى حسني، على قراءة محمد القلاجى، قائلا: وراء قرائتك الأهل رقم واحد، وجمبهم أيام وساعات من الحفظ والمراجعة والتضحية بأشياء أكثر متعة بالنسبة لكثير من الناس، ولكن اخترت الأنفع عن الأمتع، والأمتع بالمنسبة لك تقرأ السورة عن ظهر قلب، وده شهور من التعب والمجهود وربنا يوفقك بستره ومدده، وأثنى على السنين اللى جعلتك تجاهد حتى اليوم، وهذه الشكرانية بداية الطريق فاستمرت لما أنت عليه.
كما علق مصطفى حسني، على قراءة المتسابق محمود السيد عبد الله، قائلا: استمتعنا وانتفعنا، لافتا إلى أن الذل شعور يفر منه الإنسان، وهو شعور ممتلىء بالسكينة عندما يكون بين يدى الله، واللى مدقش التذلل بين يدى الله فى منطقة من جنة ونعيم الدنيا لسه مدخلهاش. وأضاف مصطفى حسنى أن شعور الاضطرار للدعوة وإجابة الله لدعوة هذا العبد هو شعور ييجعل القلب يصل لدرجة عالية من شعور العبودية.
قدم المتسابقون محمد ماهر شفيق، محمد القلاجى، محمود السيد عبد الله، بعض من تترات إذاعة القرآن الكريم بأصوات جميلة للتهدئة من خوفهم قبل إعلان النتيجة.
وحصل المتسابق محمد قلاجى، على 275 درجة، وحصل محمود السيد عبد الله، على 274 درجة، والتأهل للجولة المقبلة من دولة التلاوة، فيما خرج مبدئيا محمد ماهر شفيق الذى حصل على على 271 درجة، والذي مازالت أمامه فرصة قد تعيده للمنافسة وهي تصويت الجمهور عبر منصات البرنامج بمواقع التواصل الاجتماعي وتطبيق watch it.
ودع المتسابق محمد ماهر شفيق مسابقة برنامج دولة التلاوة بعد حصوله على 271 درجة وهو أقل الدرجات بين المتسابقين، ولكن لديه فرصة من تصويت الجمهور.
فى تقرير صوتي مميز بصوت الفنانة والإعلامية الكبيرة إسعاد يونس، احتفى برنامج دولة التلاوة بالشيخ أحمد عامر صاحب الصوت الرائع والذي شكل وجدان التلاوة المصرية نجم فى سماها لا يزول بريقه مهما طال الزمن.
وقال التقرير، كان صوته زى شعاع نور نازل من السماء ينور القلوب وتطير معاه الروح، مكنش بيقرأ القرآن دا كان بيعيشه ويخلى اللى يسمعه يعيشه معاه، ولد سنة 1927 فى قرية العساكرة بمحافظة الشرقية ومن صغره كان القرىن رفيقه وطريقه.
ولفت التقرير إلى أن الشيخ حفظ القرآن الكريم كاملا فى عمر الـ 9 سنوات بلسانه وقلبه وعقله وروحه وبعدها بدأ رحلته مع دراسة القراءات السبع، وتعلمها على يد الشيخ عبد السلام الشرباصى، وبدأ صوته يلفت انتباه قريته واسمه يكبر، ورغم نجاحه فى الإذاعة سنة 1959 إلا أن صوته مخرجش منها إلا فى سنة 1963. ويهدف البرنامج إلى اكتشاف المواهب الجديدة في تجويد وترتيل القرآن الكريم، حيث يذاع على قنوات الحياة وCBC  والناس بجانب منصة  watch it، يومي الجمعة والسبت من كل أسبوع.
وشارك في اختبارات البرنامج الذي يقدم بالتعاون بين وزارة الأوقاف المصرية والشركة المتحدة للخدمات الإعلامية، ما يزيد عن 14 ألف متسابق من مختلف محافظات الجمهورية، فيما تضم لجنة تحكيم البرنامج نخبة من أبرز القامات الدينية والعلمية في مصر والعالم الإسلامي، وهم الشيخ حسن عبد النبي وكيل لجنة مراجعة المصحف الشريف بالأزهر، والدكتور دكتور طه عبد الوهاب خبير الأصوات والمقامات، وكذلك الداعية الإسلامي مصطفى حسني، والقارئ الشيخ طه النعماني.
وتضم لجنة تحكيم البرنامج نخبة من أبرز القامات الدينية والعلمية في مصر والعالم الإسلامي، في مقدمتهم الشيخ حسن عبد النبي، وكيل لجنة مراجعة المصحف بالأزهر الشريف، الدكتور طه عبد الوهاب خبير الأصوات والمقامات، بجانب الداعية الإسلامي مصطفى حسني والقارئ الشيخ طه النعماني، كما يشارك في البرنامج عدد من ضيوف الشرف البارزين، منهم، على رأسهم الأستاذ الدكتور أسامة الأزهري وزير الأوقاف، الأستاذ الدكتور نظير محمد عياد مفتي الديار المصرية، بجانب فضيلة الدكتور علي جمعة عضو هيئة كبار العلماء بالأزهر الشريف، القارئ الشيخ أحمد نعينع، القارئ الشيخ عبد الفتاح الطاروطي، الشيخ جابر البغدادي بالإضافة إلى القارئ البريطاني محمد أيوب عاصف والقارئ المغربي عمر القزابري إمام مسجد الحسن الثاني.
وتبلغ القيمة الإجمالية لجوائز البرنامج 3.5 مليون جنيه، يحصل الفائزان بالمركز الأول في فرعي الترتيل والتجويد على مليون جنيه لكل منهما، إلى جانب تسجيل المصحف الشريف كاملًا بصوتيهما وإذاعته على قناة مصر قرآن كريم، فضلًا عن تشرفهما بإمامة المصلين في صلاة التراويح بمسجد الإمام الحسين خلال شهر رمضان المقبل.
يأتي البرنامج في إطار التعاون المشترك بين وزارة الأوقاف المصرية والشركة المتحدة للخدمات الإعلامية، بهدف اكتشاف المواهب الجديدة في ترتيل وتجويد القرآن الكريم من مختلف محافظات مصر، حيث تبلغ إجمالي قيمة جوائز البرنامج 3.5 مليون جنيه، ويحصل الفائزان بالمركز الأول في كل من فرعَي الترتيل والتجويد على مليون جنيه لكل منهما، إلى جانب تسجيل المصحف الشريف كاملًا بصوتيهما وإذاعته على قناة مصر قرآن كريم، كما سيُشرفان بإمامة المصلين في صلاة التراويح بمسجد الإمام الحسين خلال شهر رمضان المقبل.
وشهدت التصفيات التمهيدية للبرنامج إقبالًا كبيرًا، حيث تقدم أكثر من 14 ألف متسابق من مختلف محافظات الجمهورية، وتمت تصفية المشاركين عبر مراحل متعددة انتهت باختيار أفضل 32 موهبة للتنافس في الحلقات النهائية، تحت إشراف لجنة علمية متخصصة من وزارة الأوقاف المصرية برئاسة فضيلة الأستاذ الدكتور أسامة الأزهري، وزير الأوقاف.
البرنامج تقدمه المذيعة أية عبدالرحمن ويُعد ""دولة التلاوة"" خطوة رائدة في دعم المواهب القرآنية وإحياء فنون التلاوة المصرية الأصيلة، وتعزيز مكانة مصر الرائدة كمنارة للقرآن الكريم والعلم الديني الوسطي المستنير.",2026-01-11
لعبة وقلبت بجد انطلاقة قوية ورسائل اجتماعية فى الحلقة الأولى أحمد زاهر يتألق فى بداية المسلسل نجله مريض بالسكرى واستعراض لمخاطر الألعاب الإلكترونية عدم الالتفاف حول مشاكل الأبناء والتركيز على أخطائهم,https://www.youm7.com/story/2026/1/10/%D9%84%D8%B9%D8%A8%D8%A9-%D9%88%D9%82%D9%84%D8%A8%D8%AA-%D8%A8%D8%AC%D8%AF-%D8%A7%D9%86%D8%B7%D9%84%D8%A7%D9%82%D8%A9-%D9%82%D9%88%D9%8A%D8%A9-%D9%88%D8%B1%D8%B3%D8%A7%D8%A6%D9%84-%D8%A7%D8%AC%D8%AA%D9%85%D8%A7%D8%B9%D9%8A%D8%A9-%D9%81%D9%89-%D8%A7%D9%84%D8%AD%D9%84%D9%82%D8%A9-%D8%A7%D9%84%D8%A3%D9%88%D9%84%D9%89/7264436,youm7.com,"بعد عرض الحلقة الأولى من مسلسل «
لعبة وقلبت بجد
»، بدأت الأحداث تلفت الأنظار، وتبشر بأن العمل سيصبح واحدًا من أبرز الأعمال الدرامية على الساحة، يقوم ببطولته أحمد زاهر الذي نجح منذ اللحظات الأولى في جذب انتباه الجمهور، ليس فقط بقوّة الأداء، بل أيضًا بالمواضيع الاجتماعية التي يطرحها بشكل معاصر ومؤثر.
افتُتِحت الحلقة الأولى بسرد «فويس أوفر» قوي ومباشر تناول موضوعًا حساسًا: تأثير الألعاب الإلكترونية ووسائل التواصل الاجتماعي على الأطفال والشباب، وبذلك وضع العمل نفسه من البداية أمام أسئلة واقعية تهم الأسرة والمجتمع، مما أعطى للحلقة طابعًا مختلفًا عن بدايات عدد من الأعمال الأخرى.
واحدة من أبرز اللحظات في الحلقة كانت عندما جلست زوجة أحمد زاهر ريام كفارنه مع أولادها لتلبية احتياجاتهم مع بداية العام الدراسي، فكل طفل كان لديه طلب خاص به، يعكس شخصيته واهتماماته، لكن اللافت أن أحد الأبناء رفض طلب الأدوات المدرسية التقليدية، وبدلًا من ذلك طلب اللعبة الإلكترونية «روبوكس»، في مشهد يعكس تأثير الألعاب الرقمية على تركيز الأطفال واهتماماتهم.
يأتي هذا المشهد في إطار الخط الدرامي الذي يحاول العمل من خلاله طرح تساؤلات هامة حول تحديات التكنولوجيا الحديثة وتأثيرها على الأبناء، وكيف يمكن أن تتحول الألعاب الإلكترونية من متعة بسيطة إلى عنصر مشوّش في حياة الأسرة.
في تطور درامي آخر، تلقى شريف (أحمد زاهر) نصيحة من صديق له بخصوص سبل زيادة دخله المالي عبر العمل على تطبيقات السواقة، لتوصيل الناس مقابل مبالغ مالية. النصيحة جاءت في سياق واقعي يعكس تحول الكثيرين في المجتمع نحو فرص العمل الحر عبر المنصات الرقمية، وهو جانب واجهته الشخصية ضمن أحداث المسلسل.
ولم تغفل الحلقة عن جانب إنساني مؤثر في حياة الأسرة، حيث ظهرت قصة يوسف، نجل أحمد زاهر، الذي يعاني من مرض السكري. قدمت الأحداث لمحات عميقة عن التحديات الصحية التي يواجهها الطفل وكيفية تعامل الأسرة معها، مما أضاف بعدًا إنسانيًا للمسلسل وأثرى تجربة المشاهدة.
من خلال هذه التفاصيل، يتضح أن «لعبة وقلبت بجد» لا يكتفي بالترفيه فقط، بل يسعى أيضًا إلى طرح قضايا اجتماعية واقعية تمس الأسرة والمجتمع في زمن التكنولوجيا والصراعات اليومية، وقد نجح في الحلقة الأولى في إيجاد توازن بين التشويق، والرسالة، والبعد الإنساني، ما يجعله عملًا يستحق المتابعة ويضعه على خريطة الأعمال اللافتة لهذا الموسم الدرامي.
المسلسل يروي قصة شريف وشروق، الزوجين اللذين كانت حياتهما مستقرة إلى أن دخلت الألعاب الإلكترونية في حياة أولادهما، لتقلب كل شيء رأسًا على عقب، الأحداث تسلط الضوء على الإدمان الرقمي وكيف يمكن أن يتحول من مجرد هواية ممتعة إلى تهديد حقيقي للتواصل الأسري والروابط العائلية.
مسلسل لعبة وقلبت بجد ليس مجرد قصة ترفيهية، بل رسالة اجتماعية تحذيرية لكل أسرة: كيف نراقب ونوازن بين التكنولوجيا وحياتنا اليومية، وكيف نحمي أولادنا دون أن نقطع صلتهم بعالمهم الحديث، فبين الإثارة والدراما، يقدم المسلسل فرصة للتفكير في حياتنا الرقمية، وكيف يمكن للتكنولوجيا أن تكون أداة مفيدة إذا ما استخدمناها بحكمة، أو كارثة إذا تركناها تسيطر على عائلاتنا.
مسلسل لعبة وقلبت بجد من إنتاج المتحدة للخدمات الإعلامية عبر شركة united studios، وقصة محمد عبد العزيز، سيناريو وحوار علاء حسن، هبة رجب، هدير شريف، اخراج حاتم متولى في أولى تجاربه الإخراجية وبطولة أحمد زاهر، عمر الشناوي، السورية ريام كفارنة،حجاج عبد العظيم، دنيا المصرى، شريف ادريس، منى أحمد زاهر، زينب يوسف شعبان وعدد آخر من الفنانين.",2026-01-11
العالم هذا المساء ترامب يعلن حالة طوارئ وطنية لحماية عائدات نفط فنزويلا مقتل 7 من قوات الأمن الإيرانى واعتقال 200 من المخربين فى مشهد ومقتل 23 مدنيا و104 إصابات بسبب هجمات قسد على حلب السورية,https://www.youm7.com/story/2026/1/10/%D8%A7%D9%84%D8%B9%D8%A7%D9%84%D9%85-%D9%87%D8%B0%D8%A7-%D8%A7%D9%84%D9%85%D8%B3%D8%A7%D8%A1-%D8%AA%D8%B1%D8%A7%D9%85%D8%A8-%D9%8A%D8%B9%D9%84%D9%86-%D8%AD%D8%A7%D9%84%D8%A9-%D8%B7%D9%88%D8%A7%D8%B1%D8%A6-%D9%88%D8%B7%D9%86%D9%8A%D8%A9-%D9%84%D8%AD%D9%85%D8%A7%D9%8A%D8%A9-%D8%B9%D8%A7%D8%A6%D8%AF%D8%A7%D8%AA/7264294,youm7.com,"تتغير ملامح العالم كل يوم، وتتشابك الأحداث لتصنع عناوين جديدة على خريطة السياسة والاقتصاد والمجتمع، وفي هذا التقرير اليومي، نأخذكم في جولة سريعة حول أبرز ما شهده العالم خلال الساعات الماضية — قرارات مصيرية، تصريحات لافتة، وتحولات تترك أثرها في المشهد الدولي.
أعلن البيت الأبيض أن الرئيس الأمريكي
دونالد ترامب
وقّع أمرًا تنفيذيًا يقضي بـإعلان حالة طوارئ وطنية، بهدف حماية عائدات نفط
فنزويلا
من خلال إيداعها في حسابات تابعة لوزارة الخزانة الأمريكية، وأوضح البيت الأبيض أن القرار يهدف إلى ضمان عدم استخدام عائدات نفط فنزويلا في أنشطة تهدد الاستقرار الإقليمي أو تخالف القوانين الدولية، مع وضع هذه العائدات تحت إشراف وزارة الخزانة.
وأشار البيان إلى أن وزارة الخزانة الأمريكية ستتولى إدارة العائدات النفطية وفق آليات رقابية صارمة، بما يضمن الشفافية ومنع إساءة استخدامها، في إطار الصلاحيات التي يتيحها إعلان حالة الطوارئ الوطنية.
ويأتي هذا القرار في ظل تصاعد التوترات المرتبطة بالملف الفنزويلي، حيث تؤكد الإدارة الأمريكية أن هذه الخطوة تهدف إلى حماية المصالح الدولية ودعم مسار الاستقرار الاقتصادي والسياسي.
أفادت وكالة تسنيم، نقلاً عن مصدر أمنى إيرانى، بأن السلطات تمكنت من اعتقال 200 من قادة أعمال الشغب فى مختلف المدن الإيرانية خلال احتجاجات فى
إيران
، وكان بحوزتهم أسلحة وقنابل، وأشار المصدر إلى أن هذه الإجراءات تأتى ضمن جهود السلطات الإيرانية لضبط الأمن العام ومنع تصاعد أعمال العنف والفوضى فى البلاد، مؤكدًا أن العملية أسفرت عن مصادرة المواد الخطرة والتحقيق مع المعتقلين.
وفي سياق متصل، أفادت وكالة فارس بمقتل 7 من قوات الأمن الإيرانى فى مدينة مشهد شمال شرقى البلاد خلال الأيام الماضية، نتيجة الاشتباكات مع عناصر وصفوها بـ«المخربين».
احتجاجات إيران
من جانبه، شدد الرئيس الإيرانى على أن الولايات المتحدة تسعى للتحريض داخل إيران وإثارة الفوضى، مؤكداً أن الشعب يدعم بلاده وأن النظام أقوى من ذي قبل، فى رسالة تؤكد استمرار التماسك الداخلى للسلطات الإيرانية.
أصدرت الأحزاب السياسية الخمسة فى برلمان
جرينلاند
بيانًا مشتركًا رفضت فيه تهديدات الرئيس الأمريكي دونالد ترامب بضم الجزيرة إلى الولايات المتحدة، مؤكدة: «لا نريد أن نكون أمريكيين، اتركونا وشأننا»، ووجّه قادة الأحزاب، اليوم السبت، رسالة مباشرة إلى الرئيس الأمريكي دونالد ترامب شددوا فيها على أن شعب جرينلاند وحده من يقرر مستقبل الجزيرة، مؤكدين: «لا نريد أن نكون أمريكيين، ولا نريد أن نكون دنماركيين، نريد أن نكون جرينلانديين».
ورفضت الأحزاب السياسية تصريحات ترامب الأخيرة، مطالبة الولايات المتحدة بترك جرينلاند وشأنها لإدارة شؤونها الداخلية، وقالوا: «نؤكد مجددًا رغبتنا في إنهاء ازدراء الولايات المتحدة لبلادنا، ويجب أن يقرر شعب جرينلاند مستقبل جرينلاند بنفسه».
جرينلاند
وأضاف البيان أن الأحزاب عززت مشاركتها الدولية خلال السنوات الأخيرة، داعية إلى استمرار الحوار على أساس الدبلوماسية والمبادئ الدولية، واحترام إرادة الشعوب وحقها في تقرير المصير.
ويأتي هذا الموقف بعد أن أصبح الرئيس الأمريكي دونالد ترامب أكثر صراحة بشأن رغبته في ضم جرينلاند، وهي منطقة تتمتع بحكم شبه ذاتي وتتبع مملكة الدنمارك، حيث قال ترامب في تصريحات سابقة: «سنفعل شيئًا ما في جرينلاند سواء أعجبهم ذلك أم لا».
وفي السياق ذاته، حذرت رئيسة الوزراء الدنماركية من أن ضم جرينلاند قد يؤدي إلى تداعيات خطيرة على حلف شمال الأطلسي، بينما أكد قادة أوروبيون دعمهم لجرينلاند، مشددين على أن أمن القطب الشمالي يجب أن يتحقق بشكل جماعي وباحترام كامل لرغبات شعب الجزيرة.
أعلنت مديرية صحة حلب، اليوم، ارتفاع عدد ضحايا قصف قوات قسد للأحياء السكنية فى حلب السورية إلى 23 قتيلا و104 مصابين، جراء التطورات الأمنية التي شهدتها عدد من أحياء المدينة خلال الساعات الماضية، وأوضحت المديرية أن فرق الإسعاف والطواقم الطبية تعاملت مع الحالات فور وصولها إلى المشافي، مشيرة إلى أن بعض المصابين حالتهم حرجة ويتلقون الرعاية اللازمة في أقسام العناية المركزة.
بدوره، قال المبعوث الأمريكى برّاك إن الهدف الأساسي لواشنطن يتمثل في الحفاظ على سوريا موحدة وذات سيادة، مشددًا على أهمية دفع المسار السياسي بما يضمن استقرار البلاد ووحدة أراضيها، وأوضح برّاك أن الولايات المتحدة تسعى إلى حوار بناء يدفع قوات سوريا الديمقراطية (قسد) إلى اندماج شامل ومسؤول داخل الدولة السورية، بما يخدم مصلحة السوريين كافة ويعزز وحدة الدولة.
استهداف قسد مبنى محافظة حلب
وأكد برّاك أن واشنطن مستعدة لتسهيل الحوار بين الحكومة السورية وقسد، في إطار الجهود الرامية إلى تهدئة الأوضاع ومنع اتساع رقعة التوتر.
ودعا برّاك إلى وقف الأعمال العدائية في حلب فورًا، محذرًا من أن التطورات الأخيرة في المدينة تهدد اتفاق 10 مارس وتثير قلقًا بالغًا لدى الولايات المتحدة.
وأشار برّاك إلى أنه ناقش مع الرئيس السوري التطورات الأخيرة في حلب، مؤكدًا ضرورة الالتزام بالتهدئة والعمل على حلول سياسية تضمن أمن واستقرار البلاد.
وقالت مديرية إعلام حلب، السبت، إن قوات قسد استهدفت مبنى محافظة حلب بطائرة مسيرة، أثناء عقد مؤتمر صحفي ضم محافظ حلب عزام الغريب، ووزير الإعلام حمزة مصطفى، ووزيرة الشؤون الاجتماعية والعمل هند قبوات.
وأوضحت المديرية أن هذا الاستهداف جاء خلال وجود كوادر إعلامية داخل المبنى، معتبرة أن الاعتداء «يعبر عن السلوك الإجرامي الذي ينتهجه تنظيم قسد في محاولة لإسكات صوت الإعلام ومنع وصول الحقيقة إلى الرأي العام».
استهداف قسد مبنى محافظة حلب والمؤسسات الحكومية
وأضافت أن ما يقوم به تنظيم قسد من استهداف للمؤسسات الحكومية والكوادر الإعلامية والمؤسسات الطبية يأتي نتيجة «عجزه وخسائره الفادحة وانهيار منظومته الميليشياوية»، متهمة التنظيم بارتكاب جرائم بحق المدنيين في حلب منذ بداية ما وصفته بمرحلة التحرير.
في المقابل، نفت قوات سوريا الديمقراطية «قسد» أي علاقة لها بالاستهداف، مؤكدة في بيان أن قواتها «لم تستهدف أي منطقة مدنية في مدينة حلب»، وأن جميع الادعاءات المتداولة «كاذبة ولا تستند إلى أي وقائع ميدانية».",2026-01-11
فــزع الفكين 11 مليون كلب تثير فزع المصريين الأعداد تزيد عن المعدل العالمى بحوالى 30 والمجتمع المدنى لا تقل عن 40 مليون تزيد بمعدل 25 سنويا وتكلفة علاج عقر الكلاب 17 مليار جنيه فى السنة,https://www.youm7.com/story/2026/1/10/%D9%81%D9%80%D9%80%D8%B2%D8%B9-%D8%A7%D9%84%D9%81%D9%83%D9%8A%D9%86-11-%D9%85%D9%84%D9%8A%D9%88%D9%86-%D9%83%D9%84%D8%A8-%D8%AA%D8%AB%D9%8A%D8%B1-%D9%81%D8%B2%D8%B9-%D8%A7%D9%84%D9%85%D8%B5%D8%B1%D9%8A%D9%8A%D9%86-%D8%A7%D9%84%D8%A3%D8%B9%D8%AF%D8%A7%D8%AF-%D8%AA%D8%B2%D9%8A%D8%AF/7264377,youm7.com,"1.4 مليون حالة عقر فى 2025
1 مليون حالة عقر فى 2024
480 ألف حالة عقر فى  2019
398 ألف عقر فى 2017
370 ألف حالة عقر فى 2016
324 الف عقر فى 2015
300 ألف حالة عقر فى 2014
49 ألفا و878 عام 2024
72871 عام 2023
55558 عام 2022
56 ألفا و151 عام 2021
«الشارع لمين»، هذا السؤال جزء من قصيدة للراحل صلاح جاهين وتغنت بها الفنانة ماجدة الرومى، لكن السؤال يطرح نفسه اليوم بقوة على المواطنين الذين يتساءلون عن حقهم فى العبور بعد أن ضاقت بهم الطرقات عقب التزايد الملحوظ فى أعداد الكلاب الضالة التى تعيش فى جماعات وقطعان كثيرة العدد وصلت بحسب تقديرات وزارة الزراعة من 14 إلى 15 مليون كلب بينما تشير بعض التقديرات الأخرى إلى وصولها لأكثر من 40 مليون كلب بحسب بعض المتخصصين والمجتمع المدنى ممثلا فى جمعيات واتحادات الرفق بالحيوان.
كثرة الأعداد ليست الباعث على القلق والخوف وإنما مهاجمة المارة حيث بلغت حالات العقر مليونا و400 ألف حالة أغلبها من الكلاب الضالة بتكلفة علاج مليار و700 مليون جنيه طبقا لإحصاءات وزارة الصحة.
ولم يقتصر الأمر على العقر فقط بل امتد إلى سقوط ضحايا ووفيات فى العديد من المحافظات من مختلف الأعمار ما أدى إلى انتشار الفزع والخوف بين الأهالى.
السوشيال ميديا تحولت إلى ساحة صراع وانقسمت الآراء ما بين  ضرورة التصدى الحاسم لهذه الكلاب والمطالبة بقتلها وتقليل أعدادها بشكل كبير وبين مطالبة الآخرين بالعمل على معالجة الظاهرة بأساليب علمية خوفا من تصاعد ظاهرة العدوان على الحيوانات ما يعمل على انتشار حوادث العنف تجاه هذه المخلوقات والإضرار بالتوازن البيولوجى.
كان من الضرورى البحث والتساؤل عن سبب تزايد أعداد هذه الكلاب وتحولها إلى مهاجمة المارة ووصول الإصابات والوفيات إلى أعداد غير مسبوقة.
توجهنا إلى المتخصصين من الهيئة العامة للخدمات البيطرية وجمعيات الرفق بالحيوانات للبحث عن إجابات لهذه الأسئلة دون انحياز لطرف ضد الآخر أو تبنى أى وجهة نظر من الطرفين وإنما كان الهدف هو العمل على تحقيق بيئة آمنة للمارة والعمل على التصدى السليم  والتعامل الأمثل مع هذه الحيوانات بما يضمن عدم تعرضهم لاعتداءات أو الإضرار بالتنوع البيولوجى.
قبل الدخول فى قصص الضحايا يجب أولا التعريف بداء الكلب والأعرض المصاحبة له  والأمراض التى يسببها عند الإصابة ويقصد  به  فيروس  يؤدى إلى مضاعفات صحية خطيرة ينتقل إلى البشر من لعاب الكلاب عن طريق العقر وقد تصل المضاعفات إلى الوفاة فى حالة عدم تناول اللقاحات المضادة له.
وتشتمل أعراض الإصابة بهذا الداء على «الحمى، الصداع، الغثيان، القيئ، القلق، الهياج، الشلل الجزئى».
المشوار الأخير.. محمود عباس محمد جاويش 75 عاما من محافظة بورسعيد اسم لا يجذب إليه الكثيرون وكان من الممكن أن يبقى فى الظل مثل العشرات ولكنه تحول فجأة إلى اسم  يتداول بقوة على مواقع التواصل الاجتماعى بعد تحوله إلى رقم بسجل ضحايا الوفيات بعد تعرضه للعقر من الكلاب الضالة ووفاته نتيجة تأثره بهذه الإصابات.
وبحسب ما تروى ابنته: «كان أبى يسير بشارع الجلاء فى محافظة بورسعيد خلال طريق العودة للمنزل بعد شرائه بعض الاحتياجات المنزلية ومن بينها كيس لحم وشاء حظه أن يمر بمحاذاة كلبة بجوارها أولادها من الجراوى الصغار وكانت بحالة هدوء تام إلا أنها فجأة بدأت فى النباح بشكل مخيف وجذب نباحها عددا من الكلاب الأخرى وبدأوا بمهاجمة والدى الذى أصيب بالعديد من الجروح  البالغة  بيدية وساقيه ونزيف حاد».
وتقول الابنة: تم نقله إلى أحد المستشفيات بمساعدة المارة وتم عمل الإسعافات اللازمة وحصوله على المصل إلا أن النزيف كان مستمرا وتوفى بعد صوله للمنزل نتيجة توقف عضلة القلب بسبب التأثر بهذه الإصابات».
لا استثناء للأطفال.. قصة أخرى من سجل ضحايا العقر بطلها هذه المرة طفل صغير دون سن العاشرة كان يسير بحى الضواحى التابع لمنطقة الإسراء بمحافظة بورسعيد وتعرض لموقف صعب لا يمكن احتماله على أثر تعرضه لهجوم من كلب ضال خلال عودته للمنزل بعد شرائه بعض الاحتياجات المنزلية لوالدته.
ويقول أدم: «كنت سائرا بالشارع خلال عودتى للمنزل  ووجدت أحد الكلاب بالشارع وبدأ بالنظر إلى وأصبت بالرعب الشديد وتجمدت بمكانى ولم اشعر إلا بهجومه على فجأة وإمساكه بذراعى ولم يتركها إلا بعد نزع قطعة من اللحم وأكلها أمامى».
وتابع آدم «لم أشعر بنفسى وسقطت مغشيا على من الألم ولولا تدافع أصدقائى حولى ودفاعهم عنى لكان قُضى على من هذا الكلب بسبب محاولته الوصول لرقبتى».
ويؤكد آدم أنه لم يتعرض للكلب أو يحاول الاقتراب منه لأنه يخشى الكلاب بالأساس ويحرص على اتباع تعليمات والدته بعدم الاقتراب من أى كلب أو حيوان بالطريق.
سوهاج.. فى محافظة سوهاج وبالتحديد قرية الكولة التابعة لمركز أخميم فوجئ عدد من الأطفال وهم «عبدالله عامان، ودردينا عام واحد وسبعة أشهر، وهاجر 9 سنوات، وإبراهيم عام واحد» بهجوم أحد الكلاب الضالة عليهم بدون سابق إنذار وإصابتهم بإصابات بالغة.
وكان من الممكن أن يتطور الأمر لأكثر من ذلك لولا تجمع الأهالى بسرعة على أثر صراخهم وإنقاذهم ونقلهم إلى المستشفى.
الدعاء صانع المعجزات.. خرج من المنزل تتبعه نظرات والدته ودعواتها له بالتوفيق فى أداء امتحان اللغة الإنجليزية خاصة أنه من المتفوقين المعروف عنهم الكد والجدية فى الدراسة وكان مستعدا بشكل كبير لأداء ذلك الامتحان وحصد درجات مرتفعة به إلا أنه لم يستطع الوصول إلى لجنة الامتحانات بعد تعرضه  لعقر من الكلاب وإصابته بجروح بالغة.
ويقول عمر حسين: «خرجت من منزلى  قاصدا منزل أحد أصدقائى بغرض التوجه معا إلى المدرسة لأداء امتحان اللغة الإنجليزية وخلال مرورى بالطريق فوجئت بأحد الكلاب بالشارع يهجم على محاولا الإمساك بالمعطف الذى أرتديه ويقوم بحركة دائرية بهدف إسقاطى  وخلال مقاومتى له تمكن من عقر يدى وسال منها الدم بغزارة  واستطعت بصعوبة الوصول إلى المنزل وسارع بى والدى للتوجه بى إلى المستشفى وأخبرهم أحد الأطباء بأننى لست بحاجة إلى أخذ الحقنة ثم توجه بى والدى لأداء الامتحان وبعدها تمت المتابعة مع المستشفى لأخذ التطعيمات».
وتكمل والدته: «خلال الحصول على التطعيمات باستثناء تطعيم واحد وهو الخامس بدأت حالة عمر فى التدهور حيث فقد الإحساس برجليه ثم فقد الكلام وفقد الإحساس بيديه وفقد القدرة على البلع، وأصبح غير قادر على الحركة أو السير  أو الكلام، وعلمت بإصابته بالسعار بعد الفحوصات الطبية وتم حجز ابنى بالمستشفى 3 أشهر ولكن كلل الله جهود الأطباء واستجاب لدعواتى وتم شفاء عمر رغم ما أخبرنى به الأطباء من صعوبة حالته».
لهو تحول إلى صراخ.. ولم تكن محافظة الإسكندرية بعيدة عن حوادث العقر حيث شهدت منطقة بيانكى حادثة مماثلة وهى تعرض عدد من الأطفال بأعمار مختلفة لإصابات وجروح مختلفة نتيجة عقرهم من أحد الكلاب الضالة  أمام منزلهم بشارع 17  بمنطقة بيانكى بمحافظة الإسكندرية.
الحظ السيئ.. وفى نفس المحافظة تعرض أحد المارة لعقر ترتب عليه إصابته بجروح بالغة على أثر تعرضه لهجوم من مجموعة من الكلاب  وبحسب شهود عيان إن المصاب كان يمر فى الشارع وتصادف مروره بجوار تجمع للكلاب أمام أحد المنازل اعتاد مالكها على إطعامهم طعاما نيئا  ما يعمل على تغير سلوكها واتجاهها نحو العنف.
الدكتور الحسينى محمد عوض مدير الإدارة العامة للرفق بالحيوان والتراخيص بوزارة الزراعة قال : «أعداد الكلاب الضالة فى مصر طبقا للتقديرات العلمية المثبتة داخل الإدارة  تترواح ما بين  10 إلى 11 مليون كلب ويزيد هذا العدد بمعدل من  20 إلى 25% سنويا».
ويضيف عوض: وصلنا إلى هذا العدد باستخدام أحدث آليات الحصر وبالتعاون مع عدد ممن الجهات الدولية ومن بينها «الويسبا» المنظمة العالمية للصحة الحيوانية وهى كلها أعداد استرشادية وهذه الأعداد تزيد عن النسبة العالمية مقارنة بحجم السكان بحوالى 30 % .
ويتابع عوض: لذلك نعمل وفقا لخطط زمنية  قصيرة وطويلة المدى تعمل جميعها  بهدف مواجهة ظاهرة عقر الكلاب وعلاجها بما يضمن سلامة المواطنين وفى نفس الوقت الحفاظ على الحيوانات وعدم تعرضها إلى أذى للحفاظ على التنوع البيولوجى من خلال قرار رئيس الوزراء برقم  1731 لعام 2025 باشتراك العديد من الوزارات المعنية.
محاور السيطرة.. واستطرد عوض: «تعمل الخطة وفقا لأربع محاور وهى المحور الأساسى التوعية، والثانى التحصين بلقاح مرض السعار، والثالث التعقيم الجراحى، ثم التخلص الرحيم فى أضيق الحدود وفقا لإجراءات   المنظمات الدولية.
وأكمل عوض: نأمل من خلال العمل على هذه الخطة تطعيم 70% من أعداد الكلاب خلال 3 سنوات ولكن يجب الإشارة إلى أن الخطة تضمنت أيضا تقليل حالات العقر بنسبة 30% خلال 6 أشهر.
وكشف عوض: «إنه يمكن الوصول لهذه النسبة من التحصينات من خلال الجهد الكبير المبذول من المعهد الرسمى التابع لوزارة الزراعة  والمختص بصناعة  اللقاحات والذى سيعمل على مضاعفة إنتاجه  بقدر كبير ليتوافق مع الخطة الموضوعة  ليصل إنتاجه من 4 إلى 6 ملايين لقاح سنويا بعد أن كان إنتاجه السنوى من 500 ألف إلى مليون لقاح سنوى فقط وهو جهد مشكور من جانبهم.
ومن جانبها قالت الدكتورة هند الشيخ مدير عام الإرشاد البيطرى بالهيئة العامة للخدمات البيطرية: «التعامل مع الكلاب وخاصة كلاب الشوارع كان يتم وفقا لمنهجية وآلية خاطئة وهى القتل والتسميم وهو ما تم ملاحظته واكتشافه على أرض الواقع فالأعداد لم تقل باتباع هذه الآلية لذلك كان لا بد من اتباع طرق أكثر وعيا واتباع الآليات العلمية وفى مقدمتها معرفة سبب توجهها لمهاجمة المارة.
طفل  5 سنوات.. وأوضحت هند: «الكلاب تهاجم المارة ليس بهدف الاعتداء فهى تنام بمعدل 17 ساعة يوميا وتستيقظ  لتبحث عن طعامها  فالكلب فى محيطه الذى يعتبره الحيز الخاص به ولكننا للأسف لم نترك له مكان وبنينا مساكن فى أماكن هى تعتبرها حيزا خاصا فالكلب الذى يزن حوالى 35 ك يحتاج إلى ما يقرب من لتر ونصف ماء وعندما لا يجد طعاما ولا مكانا خاصا ولا ماء يبدأ فى النباح طلبًا للطعام مؤكدة أن الكلب يعمل بتفكير طفل 5 سنوات فقط.
التخلص من القمامة.. ولفتت هند إلى ضرورة وضع ضوابط معينة للتعامل مع الكلاب  منها  عدم وضع الطعام للكلاب فى مدخل العقارات واختيار مكان محدد لوضع الأطعمة لها بجانب التخلص الآمن  والفورى من القمامة حتى لا تنجذب إليها الكلاب بحثا عن الطعام.
من جانبه قال اللواء مدحت الحريشى، نائب مدير الإدارة العامة لسلاح تدريب كلاب الحراسة والأمن السابق: «يجب التنبيه  على أن الكلاب حدث لها نوع من التغير السلوكى بعد أن تحولت من السير والعيش فرادى إلى مجموعات وقطعان وهو ما عمل على تقويتها وظهور غرائز الافتراس بها ما يستوجب عمل « شلترز أى أماكن خاصة بحياتها وتطبيق سياسة القتل الرحيم ضد الكلاب المعتدية أو التى تهاجم المارة».
بينما شدد الدكتور شهاب الدين عبدالحميد رئيس جمعية الرفق بالحيوان بالقاهرة على ضرورة إسراع الحكومة بعمل إجراءات على الأرض سواء  بالبدء الفورى لكل الكلاب دون تفرقة سواء كانت حرة «مملوكة» أو ضالة بالشارع لأن القانون رقم 29 لسنة 2023 لم يفرق بين نوعية الكلاب.
وأضاف عبدالحميد: هذه الحلول ليست بجديدة فجميع هذه الحلول «التطعيمات، والشلاتر، والعيادات البيطرية المتنقلة موجودة وتم الحديث عنها فى السابق ولكن ما يجب العمل عليه جديا هو التطبيق الفعلى على الأرض حتى يشعر المواطن بتحسن فعلى».
وأوضحت  الدكتورة إيمان ماهر عضو مجلس النقابة العامة للأطباء البيطريين: النقابة العامة للبيطريين تعمل على  تأهيل الطلاب حديثى التخرج وحاليا يتم التواصل مع أغلب النقابات الفرعية، للعمل فى هذا الإطار وهو تأهيل الخريجين فنيا وكلب الشارع إذا كان يمثل أزمة فعلى الدولة من خلال التوعية تشجيع بعض الأسر على تبنى هذه الكلاب وبذلك نضمن تقليل أعدادها والحد من حالات السعار وخلق بيئة آمنة للإنسان والحيوان معا.
بينما أكدت منى خليل رئيس اتحاد جمعيات الرفق بالحيوان أنها تدعم بكل قوة الاستراتيجية الكاملة التى ستعمل بها الدولة تجاه الحيوانات الضالة لأنها قائمة على أسس علمية ولكنها تشدد على الرفض الكامل والتام لفكرة القتل أو التسميم معبرة عن ذلك بقولها: «نحن ضد سياسة قتل حيوانات الشوارع تحت أى مسمى كجمعيات رفق بالحيوان، ولم ولن نقبل بضرب الكلاب بالنار، مش هنقبل بتسميم الحيوانات، مش هنقبل بفكرة التخلص».",2026-01-11
حسام حسن يواجه طوفان كوت ديفوار بطريقة 532 عبد المجيد بجوار ربيعة وياسر إبراهيم فى قلب الدفاع فتحى وعطية وعاشور فى الوسط وصلاح ومرموش فى الهجوم تريزيجيه على الدكة واستبعاد حمدى وصبحى,https://www.youm7.com/story/2026/1/10/%D8%AD%D8%B3%D8%A7%D9%85-%D8%AD%D8%B3%D9%86-%D9%8A%D9%88%D8%A7%D8%AC%D9%87-%D8%B7%D9%88%D9%81%D8%A7%D9%86-%D9%83%D9%88%D8%AA-%D8%AF%D9%8A%D9%81%D9%88%D8%A7%D8%B1-%D8%A8%D8%B7%D8%B1%D9%8A%D9%82%D8%A9-5-3-2/7264171,youm7.com,"أعلن
حسام حسن
المدير الفنى لمنتخب مصر، التشكيل الذى يخوض به مباراة كوت ديفوار فى التاسعة مساء فى ربع نهائى أمم أفريقيا 2025 بالمغرب، وقرر حسام حسن الاعتماد على طريقة 5-3-2.
ودفع حسام حسن بالثلاثى رامى ربيعة وياسر إبراهيم وحسام عبد المجيد فى قلب الدفاع بجوار محمد هانى وأحمد فتوح على الطرفين الأيمن والأيسر، مع الدفع بالثلاثى مروان عطية وحمدى فتحى وإمام عاشور فى الوسط، وفى الهجوم الثنائى محمد صلاح وعمر مرموش.
لمتابعة أخبار بطولة كأس أمم أفريقيا 2025 عبر بوابة كأس أمم أفريقيا اضغط هنا
جاء التشكيل كالتالى:
فى حراسة المرمى: محمد الشناوي.
خط الدفاع: محمد هاني - رامي ربيعة - حسام عبد المجيد - ياسر إبراهيم - أحمد فتوح.
الوسط: مروان عطية - حمدي فتحي - إمام عاشور.
الهجوم: محمد صلاح - عمر مرموش.
وعلى مقاعد البدلاء كل من: أحمد الشناوي - مصطفى شوبير - أحمد عيد  - محمد إسماعيل - خالد صبحي  - محمود صابر - محمد شحاته - إبراهيم عادل - مهند لاشين - أحمد سيد زيزو - محمود تريزيجيه - مصطفى فتحي - أسامة فيصل - صلاح محسن - مصطفى محمد، واستبعد حسام حسن الثنائى محمد صبحى ومحمد حمدى.
ويحضر محمد حمدي لاعب
منتخب مصر
، مباراة كوت ديفوار المقرر لها التاسعة مساء اليوم -بتوقيت القاهرة- ضمن مباريات دور الثمانية لبطولة كأس الأمم الأفريقية 2025 بالمغرب.
وتعرض محمد حمدي لاصابة الرباط الصليبي خلال مباراة بنين في دور الستة عشر، وفضل حمدى التواجد فى أرض الملعب لمساندة زملائه وتحفيزهم لتحقيق الفوز.
ويتصدر
منتخب مصر
قائمة أكثر المنتخبات تسجيلًا للأهداف في تاريخ كأس الأمم الأفريقية، مؤكدًا سيطرته الهجومية المستمرة عبر مختلف نسخ البطولة، فيما تشهد النسخة الخامسة والثلاثين المقامة حاليًا في المغرب صراعًا محتدمًا على اللقب مع دخول المنافسة مرحلة الأدوار الإقصائية واقترابها من نصف النهائي.
ويتصدر منتخب مصر الترتيب برصيد 181 هدفًا سجلها خلال مشاركته في 27 نسخة سابقة، في رقم يعكس الاستمرارية والقدرة الهجومية الفريدة للمنتخب المصري على مدار عقود من المنافسة القارية، ورغم ذلك، يبقى هذا الرصيد قابلاً للزيادة في النسخة الحالية، بعد أن نجح المنتخب في بلوغ الدور ربع النهائي بتسجيل 6 أهداف حتى الآن، توزعت بين دور المجموعات ودور ثمن النهائي.
ويحتل منتخب كوت ديفوار المركز الثاني برصيد 160 هدفًا، في حين يأتي المنتخب النيجيري ثالثًا بـ158 هدفًا، ويليه الكاميرون رابعًا بـ148 هدفًا، فيما يحتل منتخب غانا المركز الخامس برصيد 138 هدفًا.",2026-01-11
ملك المغرب يخضع لعلاج بسبب ألم أسفل الظهر وتشنج عضلى اعرف التفاصيل,https://www.youm7.com/story/2026/1/10/%D9%85%D9%84%D9%83-%D8%A7%D9%84%D9%85%D8%BA%D8%B1%D8%A8-%D9%8A%D8%AE%D8%B6%D8%B9-%D9%84%D8%B9%D9%84%D8%A7%D8%AC-%D8%A8%D8%B3%D8%A8%D8%A8-%D8%A3%D9%84%D9%85-%D8%A3%D8%B3%D9%81%D9%84-%D8%A7%D9%84%D8%B8%D9%87%D8%B1-%D9%88%D8%AA%D8%B4%D9%86%D8%AC-%D8%B9%D8%B6%D9%84%D9%89/7264412,youm7.com,"أعلن الطبيب الشخصي للعاهل المغربى
الملك محمد السادس
، البروفيسور لحسن بليمني، السبت، أن الملك يعاني من ألم في أسفل الظهر مع تشنج عضلي، مؤكداً أنه لا توجد أي علامات تدعو إلى القلق، بحسب وكالة أنباء المغرب.
وأضاف الطبيب أن هذه الآلام تتطلب علاجًا طبيًا ملائمًا وفترة راحة وظيفية، وفقًا للوصفة الطبية المقررة للملك، حسب ما نقلت وكالة المغرب العربي للأنباء.
وأشار البلاغ إلى متابعة الحالة الصحية للعاهل المغربي عن كثب، مع التأكيد على أن الأعراض طبيعية ولا تهدد صحته العامة، مع الالتزام بالإجراءات الطبية والراحة اللازمة لضمان التعافي السريع.",2026-01-11
وزارة الزارعة المواطن سيشعر بنتائج خطة مواجهة الكلاب الضالة خلال 6 أشهر,https://www.youm7.com/story/2026/1/10/%D9%88%D8%B2%D8%A7%D8%B1%D8%A9-%D8%A7%D9%84%D8%B2%D8%A7%D8%B1%D8%B9%D8%A9-%D8%A7%D9%84%D9%85%D9%88%D8%A7%D8%B7%D9%86-%D8%B3%D9%8A%D8%B4%D8%B9%D8%B1-%D8%A8%D9%86%D8%AA%D8%A7%D8%A6%D8%AC-%D8%AE%D8%B7%D8%A9-%D9%85%D9%88%D8%A7%D8%AC%D9%87%D8%A9-%D8%A7%D9%84%D9%83%D9%84%D8%A7%D8%A8-%D8%A7%D9%84%D8%B6%D8%A7%D9%84%D8%A9-%D8%AE%D9%84%D8%A7%D9%84/7263932,youm7.com,"أكد الدكتور الحسيني محمد عوض، مدير الإدارة العامة للرفق بالحيوان والتراخيص بوزارة الزراعة، أن الدولة بدأت خطوات فعلية لإنهاء
أزمة الكلاب الضالة
، مشيرا إلى أن المواطنين سيشعرون بنتائج ملموسة على الأرض وفق جداول زمنية دقيقة، بعد اعتماد خطة شاملة تتضمن شراكات دولية وتنسيقاً بين 7 وزارات سيادية وخدمية.
وكشف ""عوض"" عن إرسال تعداد
الكلاب الضالة،
والبالغ عددها نحو 12 مليون كلب، إلى وزارة التخطيط لإدراجه رسميا ضمن خطة الدولة، موضحا أن الاستراتيجية تعتمد على ثلاثة مستويات:
-        خطة قصيرة المدى: من 6 أشهر إلى سنة (لبدء الشعور بالنتائج الأولية).
-        خطة متوسطة المدى: تمتد لـ 3 سنوات.
-        خطة طويلة المدى: من 5 إلى 7 سنوات (للوصول إلى السيطرة الكاملة بحلول 2028).
وشدد على أن هذه الخطط موثقة بالأوراق والمستندات، وتخضع لرقابة صارمة من الجهات الرقابية ومجلس النواب.
وأشار مدير إدارة الرفق بالحيوان إلى وجود تنسيق رفيع المستوى مع وزارة التعاون الدولي لإدراج الخطة ضمن برامج ""التوأمة والشراكة"" العالمية، مما يفتح الباب لاستقبال تبرعات ودعم من المنظمات الدولية.
كما أكد إنشاء حساب مالي رسمي بالهيئة العامة للخدمات البيطرية طبقاً للمادة 26 من القانون، بالتنسيق مع وزارة المالية، لضمان آليات صرف شفافة ومحددة لتمويل عمليات التعقيم والتحصين.
وأوضح الدكتور الحسينى أن اللائحة التنفيذية للقانون صاغتها 3 وزارات (الزراعة، البيئة، والتنمية المحلية)، مؤكدا صدور القرار الوزاري رقم 353 لسنة 2025 بتشكيل ""اللجنة الفنية المركزية"" بتفويض من رئيس مجلس الوزراء.
وكشف أن اللجنة اجتمعت بالفعل مرتين، كان أبرزهما اجتماع موسع في 9 ديسمبر الماضي، ضم ممثلين عن 7 وزارات هي: (الزراعة، الصحة، الدفاع، الداخلية، التنمية المحلية، البيئة، والإسكان متمثلة في هيئة المجتمعات العمرانية)، لضمان تكاتف كافة أجهزة الدولة في تنفيذ الخطة، مؤكدا على أن هذا التحرك الجماعي يعكس حرص الدولة على حياة المواطن والمال العام، مشددا على أن العمل جار على قدم وساق لتحقيق التوازن البيئي المنشود وتقليل مخاطر حالات العقر بشكل تدريجي ومستدام.",2026-01-11
مشهد إنسانى لمحبة أهل القرآن متسابقو دولة التلاوة يودعون زميلهم بالأحضان,https://www.youm7.com/story/2026/1/10/%D9%85%D8%B4%D9%87%D8%AF-%D8%A5%D9%86%D8%B3%D8%A7%D9%86%D9%89-%D9%84%D9%85%D8%AD%D8%A8%D8%A9-%D8%A3%D9%87%D9%84-%D8%A7%D9%84%D9%82%D8%B1%D8%A2%D9%86-%D9%85%D8%AA%D8%B3%D8%A7%D8%A8%D9%82%D9%88-%D8%AF%D9%88%D9%84%D8%A9-%D8%A7%D9%84%D8%AA%D9%84%D8%A7%D9%88%D8%A9-%D9%8A%D9%88%D8%AF%D8%B9%D9%88%D9%86-%D8%B2%D9%85%D9%8A%D9%84%D9%87%D9%85/7264444,youm7.com,"فى مشهد إنسانى جميل كله ود يؤكد على محبة أهل القرآن ودع المتسابق محمد قلاجى، ومحمود السيد عبد الله، زميلهم محمد ماهر شفيق بالأحضان بعد أن ودع المسابقة خلال الحلقة الـ 18 من
برنامج دولة التلاوة،
كما بادلهم الأخير الأحضان والقبلات وتقديم التهنئة لهم، كما قبل الشيخ البريطانى محمد أيوب لرأس المتسابق محمد القلاجى وبادل اللجميع بالأحضان.
ويهدف البرنامج إلى اكتشاف المواهب الجديدة في تجويد وترتيل القرآن الكريم، حيث يذاع على قنوات الحياة وCBC  والناس بجانب منصة  watch it، يومي الجمعة والسبت من كل أسبوع.
14 ألف متسابق
وشارك في اختبارات البرنامج الذي يقدم بالتعاون بين وزارة الأوقاف المصرية والشركة المتحدة للخدمات الإعلامية، ما يزيد عن 14 ألف متسابق من مختلف محافظات الجمهورية، فيما تضم لجنة تحكيم البرنامج نخبة من أبرز القامات الدينية والعلمية في مصر والعالم الإسلامي، وهم الشيخ حسن عبد النبي وكيل لجنة مراجعة المصحف الشريف بالأزهر، والدكتور دكتور طه عبد الوهاب خبير الأصوات والمقامات، وكذلك الداعية الإسلامي مصطفى حسني، والقارئ الشيخ طه النعماني.
لجنة تحكيم تضم قمما دينية وصوتية
وتضم لجنة تحكيم البرنامج نخبة من أبرز القامات الدينية والعلمية في مصر والعالم الإسلامي، في مقدمتهم الشيخ حسن عبد النبي، وكيل لجنة مراجعة المصحف بالأزهر الشريف، الدكتور طه عبد الوهاب خبير الأصوات والمقامات، بجانب الداعية الإسلامي مصطفى حسني والقارئ الشيخ طه النعماني، كما يشارك في البرنامج عدد من ضيوف الشرف البارزين، منهم، على رأسهم الأستاذ الدكتور أسامة الأزهري وزير الأوقاف، الأستاذ الدكتور نظير محمد عياد مفتي الديار المصرية، بجانب فضيلة الدكتور علي جمعة عضو هيئة كبار العلماء بالأزهر الشريف، القارئ الشيخ أحمد نعينع، القارئ الشيخ عبد الفتاح الطاروطي، الشيخ جابر البغدادي بالإضافة إلى القارئ البريطاني محمد أيوب عاصف والقارئ المغربي عمر القزابري إمام مسجد الحسن الثاني.
جوائز ضخمة وتكريم للفائزين
وتبلغ القيمة الإجمالية لجوائز البرنامج 3.5 مليون جنيه، يحصل الفائزان بالمركز الأول في فرعي الترتيل والتجويد على مليون جنيه لكل منهما، إلى جانب تسجيل المصحف الشريف كاملًا بصوتيهما وإذاعته على قناة مصر قرآن كريم، فضلًا عن تشرفهما بإمامة المصلين في صلاة التراويح بمسجد الإمام الحسين خلال شهر رمضان المقبل.
يأتي البرنامج في إطار التعاون المشترك بين وزارة الأوقاف المصرية والشركة المتحدة للخدمات الإعلامية، بهدف اكتشاف المواهب الجديدة في ترتيل وتجويد القرآن الكريم من مختلف محافظات مصر، حيث تبلغ إجمالي قيمة جوائز البرنامج 3.5 مليون جنيه، ويحصل الفائزان بالمركز الأول في كل من فرعَي الترتيل والتجويد على مليون جنيه لكل منهما، إلى جانب تسجيل المصحف الشريف كاملًا بصوتيهما وإذاعته على قناة مصر قرآن كريم، كما سيُشرفان بإمامة المصلين في صلاة التراويح بمسجد الإمام الحسين خلال شهر رمضان المقبل.
وشهدت التصفيات التمهيدية للبرنامج إقبالًا كبيرًا، حيث تقدم أكثر من 14 ألف متسابق من مختلف محافظات الجمهورية، وتمت تصفية المشاركين عبر مراحل متعددة انتهت باختيار أفضل 32 موهبة للتنافس في الحلقات النهائية، تحت إشراف لجنة علمية متخصصة من وزارة الأوقاف المصرية برئاسة فضيلة الأستاذ الدكتور أسامة الأزهري، وزير الأوقاف.
رسالة البرنامج ودوره الريادى
البرنامج تقدمه المذيعة أية عبدالرحمن ويُعد ""دولة التلاوة"" خطوة رائدة في دعم المواهب القرآنية وإحياء فنون التلاوة المصرية الأصيلة، وتعزيز مكانة مصر الرائدة كمنارة للقرآن الكريم والعلم الديني الوسطي المستنير.",2026-01-11
مسئول أمريكى إدراة ترامب تدرس شن ضربات جوية تستهدف مواقع عسكرية إيرانية,https://www.youm7.com/story/2026/1/10/%D9%85%D8%B3%D8%A6%D9%88%D9%84-%D8%A3%D9%85%D8%B1%D9%8A%D9%83%D9%89-%D8%A5%D8%AF%D8%B1%D8%A7%D8%A9-%D8%AA%D8%B1%D8%A7%D9%85%D8%A8-%D8%AA%D8%AF%D8%B1%D8%B3-%D8%B4%D9%86-%D8%B6%D8%B1%D8%A8%D8%A7%D8%AA-%D8%AC%D9%88%D9%8A%D8%A9-%D8%AA%D8%B3%D8%AA%D9%87%D8%AF%D9%81-%D9%85%D9%88%D8%A7%D9%82%D8%B9/7264381,youm7.com,"نقلت وول ستريت جورنال عن مسؤول أمريكي قوله إن من بين الخيارات المطروحة داخل الإدارة الأمريكية شن ضربات جوية واسعة تستهدف مواقع عسكرية إيرانية، ضمن قائمة بدائل يجرى بحثها دون حسم.
وأكدت أن المحادثات المتعلقة ب
إيران
تندرج ضمن التخطيط الاعتيادي، ولا توجد حتى الآن مؤشرات على هجوم وشيك أو تحركات عسكرية فورية، وأوضح المسئول أن إدارة الرئيس الأمريكى
دونالد ترامب
ناقشت خلال اجتماعات داخلية تقييم الخيارات المطروحة، مؤكدًا أنه لا يوجد إجماع حتى الآن بشأن المسار الواجب اتباعه في التعامل مع إيران.
وأشار المصدر إلى أنه لم يتم تحريك أى معدات أو قوات في الوقت الراهن، ما يعكس أن النقاشات ما زالت في إطار التخطيط والسيناريوهات المحتملة دون قرارات تنفيذية.
كما أفاد مسئولون أمريكيون بأن النقاشات داخل إدارة ترمب تناولت تحديد الأهداف المحتملة في إيران، في سياق الاستعدادات النظرية للوفاء بتهديدات سابقة أطلقها الرئيس الأمريكي دونالد ترامب.",2026-01-11
رفع كمرات محور عمرو بن العاص أعلى الطريق الدائرى القوس الغربى صور,https://www.youm7.com/story/2026/1/10/%D8%B1%D9%81%D8%B9-%D9%83%D9%85%D8%B1%D8%A7%D8%AA-%D9%85%D8%AD%D9%88%D8%B1-%D8%B9%D9%85%D8%B1%D9%88-%D8%A8%D9%86-%D8%A7%D9%84%D8%B9%D8%A7%D8%B5-%D8%A3%D8%B9%D9%84%D9%89-%D8%A7%D9%84%D8%B7%D8%B1%D9%8A%D9%82-%D8%A7%D9%84%D8%AF%D8%A7%D8%A6%D8%B1%D9%89-%D8%A7%D9%84%D9%82%D9%88%D8%B3/7264386,youm7.com,"نشرت محافظة الجيزة صورًا ترصد أعمال رفع الكمر الخرساني الخاص بمحور
عمرو بن العاص
أعلى الطريق الدائري (القوس الغربي بالاتجاهين).
وأوضحت المحافظة، في بيان لها أن الأمر سوف يستلزم إجراء غلق كلي للطريق الدائري (القوس الغربي) بالاتجاهين بالمنطقة المشار إليها، لمدة 21 يومًا بدءًا من اليوم وحتى يوم الخميس الموافق 29 / 1 / 2026، على أن تكون الأعمال يوميًا من الساعة 12 صباحًا حتى الساعة 6 صباحًا، مع فتح الطريق الدائري (القوس الغربي) بكامل طاقته وعودة الحركة المرورية لطبيعتها في الاتجاهين ورفع كافة المعدات يوميًا عقب انتهاء الأعمال.
وأشارت إلى أن الإدارة العامة لمرور الجيزة أجرت التحويلات المرورية التالية:
- القادم من مناطق صفط اللبن في اتجاه طريق الإسكندرية الصحراوي: استخدام منزل ما قبل تقاطع محور عمرو بن العاص مباشرة (المنزل بعرض 3 حارات)، مرورًا من أسفل محور عمرو بن العاص، ثم الصعود مرة أخرى إلى الطريق الدائري عقب تجاوز منطقة الأعمال.
- القادم من طريق الإسكندرية الصحراوي في اتجاه منطقة صفط اللبن: استخدام منزل محور عمرو بن العاص (المستحدث) المؤدي إلى منطقة منشأة البكاري، مرورًا من أسفل محور عمرو بن العاص، ثم الصعود إلى الطريق الدائري مرة أخرى من المطلع المستحدث من مناطق منشأة البكاري في اتجاه مناطق صفط اللبن أو محور 26 يوليو، أو الدخول يمينًا لمحور عمرو بن العاص والسير لمسافة نحو 500 متر تقريبًا، ثم الدوران من أعلى محور عمرو بن العاص من خلال فتحة مستحدثة، للعودة مرة أخرى إلى منزل محور عمرو بن العاص المؤدي إلى الطريق الدائري (القوس الغربي) في اتجاه مناطق صفط اللبن.
ويعد محور عمرو بن العاص أحد المحاور العرضية الرئيسية والحيوية بين الدائري الشمالي والجنوبي، على غرار محور الفريق كمال عامر، إذ يربط بين القوس الجنوبى للطريق الدائرى (بمنطقة تقاطعه مع محور المريوطية) والقوس الشمالى للطريق الدائرى (بمنطقة منشأة البكاري)، بطول 4.5 كم، وعرض 12 حارة مرورية.
ويهدف المحور إلى زيادة انسيابية الحركة المرورية بمحافظة الجيزة، وإقليم القاهرة الكبرى، من خلال الربط بين شمال وجنوب محافظة الجيزة، وإعادة توزيع الحركة المرورية لتخفيف الضغط المروري على شوارع الهرم وفيصل ومحور محمد أنور السادات، وتخفيف الاختناقات المرورية بمدينة الجيزة، وتقليل مسافة الرحلة بين شمال وجنوب الطريق الدائري.",2026-01-11
احذر إيداع ذوى الهمم فى مؤسسات بغرض التخلص منهم يعرضك لعقوبة,https://www.youm7.com/story/2026/1/11/%D8%A7%D8%AD%D8%B0%D8%B1-%D8%A5%D9%8A%D8%AF%D8%A7%D8%B9-%D8%B0%D9%88%D9%89-%D8%A7%D9%84%D9%87%D9%85%D9%85-%D9%81%D9%89-%D9%85%D8%A4%D8%B3%D8%B3%D8%A7%D8%AA-%D8%A8%D8%BA%D8%B1%D8%B6-%D8%A7%D9%84%D8%AA%D8%AE%D9%84%D8%B5-%D9%85%D9%86%D9%87%D9%85-%D9%8A%D8%B9%D8%B1%D8%B6%D9%83/7263705,youm7.com,"يأتي القانون رقم 10 لسنة 2018 بشأن حقوق الأشخاص ذوى الإعاقة، في إطار ما وضعته الدولة من أولوية لدعم ""
ذوي الهمم
""، وحمايتهم في الحصول على مستحقاتهم وضمان دمجهم فى المجتمع بصورة كاملة.
وواجه التشريع من عرض حياة ""ذوي الهمم"" للخطر، بالنص على أنه يعاقب كل من عرض شخصاً ذا إعاقة لإحدى حالات الخطر المنصوص عليها في المادة (٤٦) من هذا القانون بالحبس مدة لا تقل عن ستة أشهر، وبغرامة لا تقل عن خمسة آلاف جنيه ولا تجاوز خمسين ألف جنيه ، أو بإحدى هاتين العقوبتين .
وتنص المادة ال46 على :
مع مراعاة أحكام قانون الطفل الصادر بالقانون رقم ١٢ لسنة ١٩٩٦ ، يعتبر الشخص أو الطفل ذو الإعاقة معرضاً للخطر في أي حالة تهدد احترام كرامته الشخصية واستقلاله الذاتي والتمييز ضده بسبب الإعاقة ، وذلك في الحالات التالية :
١ – إذا تعرض أمنه أو أخلاقه أو صحته أو حياته للخطر .
٢ – حبس الشخص ذي الإعاقة أو عزله عن المجتمع بدون سند قانوني أو الامتناع عن تقديم الرعاية الطبية أو التأهيلية أو المجتمعية أو القانونية له .
٣ – الاعتداء بالضرب أو بأي وسيلة أخرى علي الاطفال ذوي الاعاقة في دور الإيداع والتأهيل والحضانات ومؤسسات التعليم ، أو الاعتداء الجنسي عليهم أو ايذاؤهم أو تهديدهم أو استغلالهم .
٤ – استخدام وسائل علاجيه أو تجارب طبيه تضر بالشخص أو الطفل ذي الإعاقة دون سند من القانون .
٥ – وجود الاطفال او الأشخاص ذوي الاعاقة في فصول بالأدوار العليا بمدارس التعليم العام أو الخاص دون توفير وسائل الإتاحة والتهيئة لظروفهم الخاصة .
٦ – عدم توفير العلاج اللازم للأطفال ذوي الإعاقة ، وعدم توفير المواد الغذائية اللازمة والضرورية للأطفال ذوي الاعاقة الذهنية وخاصة في حالات التمثيل الغذائي ( الحمية ) .
٧ – عدم توفير التهيئة المكانية والأمنية والإرشادية للأشخاص ذوي الإعاقة في مواقع عملهم ، وتعريضهم للعنف أو التحقير أو الإهانة أو الكراهية، والتحريض على أي من ذلك .
٨ – إيداع الأشخاص ذوي الاعاقة في مؤسسات خاصة للتخلص منهم لكونهم أشخاصاً ذوي إعاقة في غير الحالات التي تستوجب ذلك الإيداع .",2026-01-11
تيسير مطر الألعاب الرقمية خطر متزايد على النشء وتتطلب ضوابط وطنية,https://www.youm7.com/story/2026/1/10/%D8%AA%D9%8A%D8%B3%D9%8A%D8%B1-%D9%85%D8%B7%D8%B1-%D8%A7%D9%84%D8%A3%D9%84%D8%B9%D8%A7%D8%A8-%D8%A7%D9%84%D8%B1%D9%82%D9%85%D9%8A%D8%A9-%D8%AE%D8%B7%D8%B1-%D9%85%D8%AA%D8%B2%D8%A7%D9%8A%D8%AF-%D8%B9%D9%84%D9%89-%D8%A7%D9%84%D9%86%D8%B4%D8%A1-%D9%88%D8%AA%D8%AA%D8%B7%D9%84%D8%A8-%D8%B6%D9%88%D8%A7%D8%A8%D8%B7/7263979,youm7.com,"أكد تيسير مطر، رئيس حزب إرادة جيل، أن الألعاب الإلكترونية تجاوزت كونها وسيلة ترفيهية لتصبح تهديدًا للنشء، لما تحتويه من محتوى وسلوكيات قد تؤثر على القيم الأسرية والاجتماعية، مشددًا على ضرورة اتخاذ إجراءات عاجلة للحد من هذه المخاطر.
وأشار مطر إلى تقرير مركز معلومات مجلس الوزراء الذي يعتمد على بيانات من منظمة الصحة العالمية واليونيسف، موضحًا أن عدد اللاعبين في إفريقيا بلغ 349 مليون لاعب بإنفاق سنوي 1.8 مليار دولار، فيما أظهرت التقارير أن 12% من المراهقين معرضون لمخاطر الاستخدام المفرط للألعاب الرقمية، وهو ما يمثل تهديدًا واضحًا للوعي والسلوكيات لدى الأطفال.
وثمن مطر إنتاج مسلسل «لعبة وقلبت بجد»، مشيرًا إلى أن مثل هذه الأعمال تساعد على توعية الأطفال وأولياء الأمور، وتعزز الوعي الرقمي، وتكمل جهود الدولة في حماية النشء من الانحرافات الفكرية والسلوكية الناتجة عن الألعاب الإلكترونية.
وأوضح عضو مجلس الشيوخ أن لجنة الثقافة أوصت بحجب مواقع الألعاب الخطرة مثل “روبلوكس”، واستخدام شرائح وأبوية تحد من وصول الأطفال للمنصات، مع ضرورة دراسة حلول تسمح بالاستفادة من التكنولوجيا دون تعريض الأطفال للمخاطر.
وشدد مطر على أن التصدي للألعاب الرقمية مسؤولية مشتركة بين الأسرة والمؤسسات الرسمية والإعلام، بهدف حماية قيم المجتمع والهوية الوطنية، وضمان سلامة النشء على المستويين النفسي والاجتماعي.",2026-01-11
تسليم أرض مدينة الصحفيين بحدائق أكتوبر للشركة الوطنية للمقاولات وبيرلا العقارية,https://www.youm7.com/story/2026/1/10/%D8%AA%D8%B3%D9%84%D9%8A%D9%85-%D8%A3%D8%B1%D8%B6-%D9%85%D8%AF%D9%8A%D9%86%D8%A9-%D8%A7%D9%84%D8%B5%D8%AD%D9%81%D9%8A%D9%8A%D9%86-%D8%A8%D8%AD%D8%AF%D8%A7%D8%A6%D9%82-%D8%A3%D9%83%D8%AA%D9%88%D8%A8%D8%B1-%D9%84%D9%84%D8%B4%D8%B1%D9%83%D8%A9-%D8%A7%D9%84%D9%88%D8%B7%D9%86%D9%8A%D8%A9-%D9%84%D9%84%D9%85%D9%82%D8%A7%D9%88%D9%84%D8%A7%D8%AA-%D9%88%D8%A8%D9%8A%D8%B1%D9%84%D8%A7/7264432,youm7.com,"سلمت لجنة من
نقابة الصحفيين
، اليوم، أرض مدينة الصحفيين بحدائق أكتوبر إلى الشركة الوطنية للمقاولات العامة والتوريدات التابعة لجهاز مشروعات الخدمة الوطنية، وشركة بيرلا العقارية، وذلك في إطار بدء إجراءات تطوير وإنشاء المدينة.
ومثّل النقابة في عملية التسليم كل من خالد البلشي نقيب الصحفيين، وجمال عبد الرحيم سكرتير عام النقابة، ومحمد سعد عبد الحفيظ ومحمد الجارحي وكيلا النقابة، إلى جانب الدكتور طارق نصر الدين وكيل كلية الهندسة بجامعة القاهرة ومدير مركز الاستشارات الهندسية بالكلية (استشاري النقابة بالمشروع)، وسعيد حسني مدير عام النقابة، وعدد من ممثلي الإدارتين المالية والقانونية.
وجرى
تسليم الأرض
إلى ممثلي الشركة الوطنية، برئاسة اللواء عصام جلال رئيس مجلس الإدارة، وأحمد الزيني رئيس مجلس إدارة شركة بيرلا العقارية.
وتعد مراسم التسليم أولى خطوات تنفيذ مشروع مدينة الصحفيين، وذلك بعد عشرة أيام من توقيع التعاقد بين الأطراف المعنية.
وأكد مسؤولو الشركة الوطنية وشركة بيرلا العقارية أنهم أعدّوا مخططًا لمدينة عصرية تليق بالصحفيين، مشددين على التزامهم بتنفيذ المشروع في التوقيتات المحددة، وبالمساحات المتفق عليها مع النقابة، مع الحرص على استكمال الإجراءات الإدارية واستخراج التراخيص اللازمة في أسرع وقت.
ويشار إلى أن مركز دعم التصميمات المعمارية والهندسية بكلية الهندسة جامعة القاهرة هو الاستشاري الهندسي للنقابة والمسؤول عن المشروع، وقد تولى إعداد المخطط الرئيسي، إلى جانب مراجعة واعتماد التصميمات النهائية، ومتابعة مراحل التنفيذ.",2026-01-11
سحر صدقى الألعاب الرقمية تهدد السلامة الفكرية للأطفال وتتطلب حلولا عاجلة,https://www.youm7.com/story/2026/1/10/%D8%B3%D8%AD%D8%B1-%D8%B5%D8%AF%D9%82%D9%89-%D8%A7%D9%84%D8%A3%D9%84%D8%B9%D8%A7%D8%A8-%D8%A7%D9%84%D8%B1%D9%82%D9%85%D9%8A%D8%A9-%D8%AA%D9%87%D8%AF%D8%AF-%D8%A7%D9%84%D8%B3%D9%84%D8%A7%D9%85%D8%A9-%D8%A7%D9%84%D9%81%D9%83%D8%B1%D9%8A%D8%A9-%D9%84%D9%84%D8%A3%D8%B7%D9%81%D8%A7%D9%84-%D9%88%D8%AA%D8%AA%D8%B7%D9%84%D8%A8-%D8%AD%D9%84%D9%88%D9%84%D9%8B%D8%A7/7264270,youm7.com,"قالت سحر صدقى ،عضو مجلس النواب ، إن انتشار
الألعاب الرقمية
أصبح يشكل تهديدًا متزايدًا للأطفال والمراهقين، لما تحمله من محتوى وسلوكيات قد تؤدي إلى انحرافات فكرية وسلوكية، مؤكدًا أن الظاهرة لم تعد مجرد ترفيه بل تمثل خطرًا على السلامة الأسرية والمجتمعية.
وأشارة سحر صدقى  إلى تقرير
مركز معلومات مجلس الوزراء
الذي استند إلى بيانات الصحة العالمية واليونيسف، والذي أظهر أن عدد اللاعبين في إفريقيا تجاوز 349 مليون لاعب، بإنفاق سنوي 1.8 مليار دولار، وأن 12% من المراهقين معرضون لمخاطر الاستخدام المفرط للألعاب الرقمية.
وثمنة سحر  مسلسل «لعبة وقلبت بجد» لما يقدمه من محتوى توعوي للأطفال، مؤكدًا أن الأعمال الدرامية التوعوية تساهم في تحصين الأسرة من المخاطر الرقمية، وبناء وعي ناضج لدى الأطفال حول استخدام التكنولوجيا.
وكشفت سحر صدقى  أن لجنة الثقافة بمجلس الشيوخ أوصت بحجب منصات خطرة مثل “روبلوكس”، وإطلاق شرائح وأبوية لضبط وصول الأطفال إلى الإنترنت، مع ضرورة وضع حلول متوازنة بين الترفيه الرقمي وحماية الأطفال من المخاطر.
وشددة سحر صدقى عضو مجلس النواب  على أن مواجهة الألعاب الإلكترونية تحتاج لتضافر جهود الأسرة، والمؤسسات الحكومية، والإعلام، والفنون، ضمن منظومة شاملة تعزز الوعي الرقمي وتحمي قيم المجتمع",2026-01-11
لجنة انتخابات الوفدلا طعون باليوم الأول لتلقى التظلمات على رئاسة الحزب,https://www.youm7.com/story/2026/1/10/%D9%84%D8%AC%D9%86%D8%A9-%D8%A7%D9%86%D8%AA%D8%AE%D8%A7%D8%A8%D8%A7%D8%AA-%D8%A7%D9%84%D9%88%D9%81%D8%AF-%C2%AB%D9%84%D8%A7-%D8%B7%D8%B9%D9%88%D9%86%C2%BB-%D8%A8%D8%A7%D9%84%D9%8A%D9%88%D9%85-%D8%A7%D9%84%D8%A3%D9%88%D9%84-%D9%84%D8%AA%D9%84%D9%82%D9%89-%D8%A7%D9%84%D8%AA%D8%B8%D9%84%D9%85%D8%A7%D8%AA-%D8%B9%D9%84%D9%89/7264247,youm7.com,"أغلقت اللجنة المشرفة على إنتخابات رئاسة
حزب الوفد
أبوابها، برئاسة  النائب الوفدى المستشار طارق عبدالعزيز وكيل اللجنة التشريعية بمجلس الشيوخ، في اليوم الأول لتلقي الطعون والتظلمات الخاصة بالمرشحين، اليوم السبت الموافق 10 يناير 2026، وذلك في تمام الساعة الخامسة مساءً، دون تلقي أي طعون أو تظلمات.
ومن المقرر أن تستمر اللجنة في تلقي
الطعون والتظلمات
حتي غدًا الأحد 11 يناير الجاري، بالمقر الرئيسي للحزب بالدقي، على أن تلتزم اللجنة بالبت في هذه الطعون وإعلان الكشوف النهائية للمرشحين في تمام الساعة العاشرة من صباح يوم الاثنين الموافق 12 يناير 2026.
وكانت اللجنة قد أعلنت، في مؤتمر صحفي عُقد يوم الخميس 8 يناير، أن هذا اليوم هو الأخير لتلقي أوراق الترشح لرئاسة حزب الوفد، عن تقدم 8 مرشحين منذ فتح باب الترشح يوم السبت 3 يناير وحتى موعد الغلق، وهم وفقًا للترتيب: النائب الوفدي الأسبق المستشار عيد هيكل، والدكتور هاني سري الدين، نائب رئيس حزب الوفد ورئيس اللجنة المالية والاقتصادية بمجلس الشيوخ السابق، والدكتور السيد البدوي شحاتة رئيس حزب الوفد الأسبق، والدكتور ياسر حسان أمين صندوق حزب الوفد، والمستشار بهاء الدين أبو شقة رئيس حزب الوفد الأسبق ووكيل مجلس الشيوخ السابق، والمهندس حمدي قوطة عضو الهيئة العليا لحزب الوفد، والمهندس الحسيني الشرقاوي القيادي الوفدي، وعصام الصباحي عضو الهيئة العليا لحزب الوفد.
والجدير بالذكر أن الدكتور عبدالسند يمامة، رئيس حزب الوفد، كان قد أصدر القرارين رقمي 50 و54 لسنة 2025 بشأن إعادة تشكيل اللجنة المشرفة على انتخابات رئاسة الحزب، لتتولى الإشراف الكامل على جميع الإجراءات المتعلقة بالعملية الانتخابية، والمقرر إجراؤها يوم الجمعة الموافق 30 يناير 2026.
وضمت اللجنة في تشكيلها كلًا من النائب المستشار طارق عبدالعزيز، عضو الهيئة العليا، مقررًا، وعضوية النائب الدكتور خالد قنديل نائب رئيس الحزب، والنائبة الدكتورة أمل رمزي عضو الهيئة العليا، والكاتب الصحفي حمادة بكر عضو الهيئة العليا وعضو مجلس إدارة جريدة «الوفد»، واللواء أحمد الشاهد رئيس لجنة الدفاع والأمن القومي بالحزب، وحاتم رسلان عضو المكتب التنفيذي، إلى جانب أيمن محمد سيد المدير المالي، وأحمد عزت المدير الإداري، وعلي حسن مدير شؤون العضوية، وأحمد عبدالله نائب مدير شؤون العضوية.",2026-01-11
سم قاتل في الشوارع كيف تواجه الداخلية مخدر الفودو,https://www.youm7.com/story/2026/1/11/%D8%B3%D9%85-%D9%82%D8%A7%D8%AA%D9%84-%D9%81%D9%8A-%D8%A7%D9%84%D8%B4%D9%88%D8%A7%D8%B1%D8%B9-%D9%83%D9%8A%D9%81-%D8%AA%D9%88%D8%A7%D8%AC%D9%87-%D8%A7%D9%84%D8%AF%D8%A7%D8%AE%D9%84%D9%8A%D8%A9-%D9%85%D8%AE%D8%AF%D8%B1-%D8%A7%D9%84%D9%81%D9%88%D8%AF%D9%88/7263794,youm7.com,"يُعد مخدر الفودو أحد أخطر أنواع
المخدرات
التخليقية التي انتشرت خلال السنوات الأخيرة، لما يحمله من تأثيرات مدمرة على الصحة النفسية والجسدية للمتعاطين، فضلًا عن انعكاساته الخطيرة على الأمن المجتمعي. ويصنف الفودو ضمن المخدرات المصنعة التي تُخلط من مواد كيميائية مجهولة المصدر، ما يجعله قنبلة موقوتة تهدد حياة من يتعاطونه دون إدراك لحجم المخاطر الكامنة فيه.
ويؤدي تعاطي مخدر الفودو إلى اضطرابات نفسية حادة، تشمل الهلاوس السمعية والبصرية، وفقدان السيطرة على السلوك، ونوبات من العنف غير المبرر، إضافة إلى حالات الاكتئاب الحاد ومحاولات الانتحار.
كما يتسبب في تدمير الجهاز العصبي، وقد يصل الأمر إلى الوفاة المفاجئة نتيجة التسمم أو التوقف المفاجئ في وظائف القلب والتنفس.
وتكمن خطورته في سرعة الإدمان عليه، وانخفاض تكلفته مقارنة بأنواع أخرى من المخدرات، ما جعله أكثر انتشارًا بين فئات عمرية صغيرة.
وتولي وزارة الداخلية اهتمامًا كبيرًا بمواجهة مخدر الفودو، باعتباره أحد أخطر التهديدات التي تستهدف الشباب والمجتمع.
وتكثف الأجهزة الأمنية جهودها لضبط مروجيه ومصنعيه، من خلال حملات أمنية موسعة تستهدف بؤر الاتجار، وملاحقة العناصر الإجرامية القائمة على تداوله، فضلًا عن تتبع طرق تصنيعه وتوزيعه.
وأسفرت تلك الجهود عن ضبط كميات كبيرة من المخدر، والقبض على عدد من المتهمين، وإحباط محاولات تهريب وتصنيع قبل وصولها إلى أيدي المتعاطين.
ولا تقتصر جهود الداخلية على المواجهة الأمنية فقط، بل تمتد إلى التعاون مع الجهات المعنية لنشر الوعي بمخاطر المخدرات التخليقية، والتحذير من آثارها المدمرة، وتشجيع المواطنين على الإبلاغ عن أي أنشطة مشبوهة تتعلق بالاتجار أو الترويج.
ويواجه القانون جرائم الاتجار في مخدر الفودو بعقوبات مشددة، تشمل الحبس المشدد والغرامات المالية الكبيرة، وتصل العقوبة إلى السجن المؤبد أو الإعدام في حالات الاتجار الواسع أو إذا اقترنت الجريمة بتكوين تشكيل عصابي، وذلك وفقًا لقانون مكافحة المخدرات وتنظيم استعمالها.
ومع استمرار الحرب على مخدر الفودو، تبقى الوقاية والتوعية إلى جانب الحزم الأمني، ركائز أساسية لحماية المجتمع من هذا الخطر الداهم الذي لا يستهدف فردًا بعينه، بل يهدد مستقبل أجيال كاملة.",2026-01-11
شخص يقفز من أعلى كوبرى قصر النيل وشرطة المسطحات تنقذه,https://www.youm7.com/story/2026/1/10/%D8%B4%D8%AE%D8%B5-%D9%8A%D9%82%D9%81%D8%B2-%D9%85%D9%86-%D8%A3%D8%B9%D9%84%D9%89-%D9%83%D9%88%D8%A8%D8%B1%D9%89-%D9%82%D8%B5%D8%B1-%D8%A7%D9%84%D9%86%D9%8A%D9%84-%D9%88%D8%B4%D8%B1%D8%B7%D8%A9-%D8%A7%D9%84%D9%85%D8%B3%D8%B7%D8%AD%D8%A7%D8%AA-%D8%AA%D9%86%D9%82%D8%B0%D9%87/7264443,youm7.com,"قفز شخص
داخل مياه النيل
من أعلى كوبرى قصر النيل بسبب خلافات عائلية وتمكن رجال المسطحات المائية من إنقاذه.
تلقت
غرفة العمليات
،بلاغا يفيد بسقوط شخص داخل مياه النيل من أعلى كوبرى قصر النيل وعلى الفور انتقل رجال المسطحات المائية إلى مكان البلاغ.
وتبين من خلال الفحص والمعاينة قيام شخص بالقفز داخل مياه النيل من أعلى الكوبرى بسبب خلافات عائلية وتم إنقاذه من رجال المسطحات المائية وتم اتخاذ الإجراءات القانونية اللازمة تجاه الواقعة.",2026-01-11
رادار المرور اصطاد 1001 سيارة تسير بسرعات جنونية فى 24 ساعة,https://www.youm7.com/story/2026/1/10/%D8%B1%D8%A7%D8%AF%D8%A7%D8%B1-%D8%A7%D9%84%D9%85%D8%B1%D9%88%D8%B1-%D8%A7%D8%B5%D8%B7%D8%A7%D8%AF-1001-%D8%B3%D9%8A%D8%A7%D8%B1%D8%A9-%D8%AA%D8%B3%D9%8A%D8%B1-%D8%A8%D8%B3%D8%B1%D8%B9%D8%A7%D8%AA-%D8%AC%D9%86%D9%88%D9%86%D9%8A%D8%A9-%D9%81%D9%89-24/7263855,youm7.com,"شنت الإدارة العامة للمرور، عددا من الحملات المرورية بالتنسيق مع إدارات المرور بمديريات الأمن المختلفة لتحقيق الانضباط، و
تطبيق قانون ولوائح المرور
على قائدى السيارات وضبط المخالفين منهم.
وأسفرت جهود الحملة خلال 24 ساعة، عن ضبط 1001 مخالفة تجاوز سرعات و 102 مخالفة السير بدون تراخيص "" قيادة وتسيير ""، 54 دراجة نارية مخالفة، 65 مخالفة موقف عشوائى، 133 مخالفة شروط الترخيص وتم اتخاذ الإجراءات القانونية، وتواصل أجهزة وزارة الداخلية حملاتها المرورية لضبط المخالفات المرورية.
وعززت الإدارة العامة لمرور القاهرة تواجدها بالشوارع والميادين، مع انتشار الخدمات المرورية، أعلى المحاور للعمل على إزالة أى أعطال مرورية، أو حوادث تعوق حركة السيارات بشوارع العاصمة، ولتسهيل وصول المواطنين إلى الأماكن التى يقصدونها.
وانتشر رجال المرور بربوع العاصمة لشن حملات مرورية مكثفة لرصد كل المخالفات المرورية بشتى أنواعها، وعدم التهاون مع مخالفى قواعد وآداب المرور، كما يتم رفع كل السيارات المتروكة التى يتم رصدها بالشوارع وتتسبب فى زحامات مرورية بالطرق.
وتمركزت الحملات المرورية أعلى المحاور والشوارع بالجيزة لرصد المخالفات وإلزام المواطنين بقواعد وآداب المرور، وللحد من وقوع الحوادث المرورية الناجمة عن السير عكس الاتجاه، أو الانتظار الخاطئ بالطرق السريعة.
كما شنت ادارة العامة للمرور، حملات مكثفة على الطرق السريعة للحد من الحوادث ومنع القيادة تحت تأثير المخدر، لأنها تهدد سلامتك وسلامة الآخرين، كما تم تكثيف حملات الرادار ونشر سيارات الاغاثة المرورية وسيارات الدفع الرباعى والدراجات البخارية، كما عززت إدارة المرور من تواجد الخدمات المرورية على الطرق لتكثيف وانتشار عمليات مراقبة المحاور لمنع ظهور أى كثافات مرورية.",2026-01-11
مسارح الرعب هنا البيوت التي شهدت جرائم ريا وسكينة,https://www.youm7.com/story/2026/1/10/%D9%85%D8%B3%D8%A7%D8%B1%D8%AD-%D8%A7%D9%84%D8%B1%D8%B9%D8%A8-%D9%87%D9%86%D8%A7-%D8%A7%D9%84%D8%A8%D9%8A%D9%88%D8%AA-%D8%A7%D9%84%D8%AA%D9%8A-%D8%B4%D9%87%D8%AF%D8%AA-%D8%AC%D8%B1%D8%A7%D8%A6%D9%85-%D8%B1%D9%8A%D8%A7-%D9%88%D8%B3%D9%83%D9%8A%D9%86%D8%A9/7263829,youm7.com,"لا تزال
قضية ريا وسكينة
واحدة من أكثر الجرائم إثارة للجدل والرعب في التاريخ الجنائي المصري، بعدما تحولت بعض أحياء الإسكندرية القديمة إلى مسارح لجرائم بشعة هزت المجتمع في مطلع القرن العشرين.
لم تكن الجرائم مجرد وقائع قتل متفرقة، بل سلسلة منظمة جرت فصولها داخل أربعة منازل متقاربة جغرافيًا، جميعها تقع في محيط ميدان المنشية، لتصنع واحدة من أبشع قصص القتل المتسلسل في تاريخ مصر.
تركزت مسارح
الجريمة
في أربعة بيوت استخدمتها العصابة لاستدراج الضحايا وتنفيذ جرائمها، البيت الأول كان يقع في رقم 5 شارع ماكوريس بحي كرموز، حيث شهد بدايات النشاط الإجرامي لريا وسكينة.
أما البيت الثاني فكان في رقم 38 شارع علي بك الكبير، وهو من أكثر المواقع التي ارتبط اسمها باختفاء عدد من النساء في ظروف غامضة.
وفي حارة النجاة، كان هناك مسرحان آخران للجريمة، أحدهما في رقم 6 والآخر في رقم 8، حيث جرت أبشع فصول القتل والدفن داخل أرضيات المنازل، في محاولة لإخفاء معالم الجرائم وإبعاد الشبهات.
كانت ريا وسكينة تنتميان إلى بيئة فقيرة، وعاشتا حياة قاسية اتسمت بالفوضى والعنف منذ الصغر، ومع انتقالهما إلى الإسكندرية، انخرطتا في عالم الجريمة مستغلتيْن حالة الاضطراب الاجتماعي التي أعقبت الحرب العالمية الأولى.
بدأت العصابة نشاطها باستدراج النساء، خاصة ممن يحملن مصوغات ذهبية، بدعوى الضيافة أو العمل، قبل أن يتم قتل الضحايا خنقًا وسرقة متعلقاتهن ودفنهن داخل المنازل.
وساعد في تنفيذ الجرائم عدد من الرجال، من بينهم زوجا ريا وسكينة وشركاء آخرون، ما جعل العصابة تعمل بشكل منظم ومتكرر، ومع تزايد بلاغات اختفاء النساء، بدأت الشكوك تحيط بتلك البيوت، إلى أن قادت الصدفة وتحريات الشرطة إلى اكتشاف المقابر السرية أسفل الأرضيات، لتتكشف واحدة من أبشع الجرائم في تاريخ الإسكندرية.
انتهت القضية بمحاكمة تاريخية أسفرت عن إعدام ريا وسكينة وعدد من شركائهما عام 1921، لتصبحا أول سيدتين يُنفذ فيهما حكم الإعدام في مصر الحديثة. ورغم مرور أكثر من قرن على الجرائم، لا تزال مسارح الجريمة شاهدة على قصة رعب حقيقية، تحولت مع الزمن إلى جزء من الذاكرة الشعبية، وحكاية يتوارثها أهل الإسكندرية جيلاً بعد جيل.",2026-01-11
اعتراف صادم لسيدة حاولت تهريب الحشيش والأفيون داخل ملابسها بمطار القاهرة,https://www.youm7.com/story/2026/1/10/%D8%A7%D8%B9%D8%AA%D8%B1%D8%A7%D9%81-%D8%B5%D8%A7%D8%AF%D9%85-%D9%84%D8%B3%D9%8A%D8%AF%D8%A9-%D8%AD%D8%A7%D9%88%D9%84%D8%AA-%D8%AA%D9%87%D8%B1%D9%8A%D8%A8-%D8%A7%D9%84%D8%AD%D8%B4%D9%8A%D8%B4-%D9%88%D8%A7%D9%84%D8%A3%D9%81%D9%8A%D9%88%D9%86-%D8%AF%D8%A7%D8%AE%D9%84-%D9%85%D9%84%D8%A7%D8%A8%D8%B3%D9%87%D8%A7-%D8%A8%D9%85%D8%B7%D8%A7%D8%B1/7264003,youm7.com,"اعترفت سيدة بمحاولة
تهريب مخدرات
من نوعي الحشيش والأفيون داخل ملابسها أثناء سفرها عبر مطار القاهرة، مؤكدة أنها وضعت المخدرات في الملابس اعتقادًا منها بأن الطريقة ستمر دون اكتشاف الأجهزة الأمنية.
وقالت المتهمة، المقيمة بدائرة قسم شرطة
بولاق الدكرور
بمحافظة الجيزة، إنها أخطأت عندما خطر ببالها تهريب المخدرات، وأنها كانت تعتقد أن طريقة الاختباء داخل الملابس ستجعل اكتشاف المضبوطات أمرًا مستحيلًا، لكنها فوجئت بأن الأجهزة الأمنية الحديثة اكتشفت المخدرات على الفور.
المتهمة تم ضبطها أثناء إنهاء إجراءات سفرها إلى الخارج، بعد أن أثار سلوكها وتصرفاتها أثناء المرور عبر نقاط التفتيش الشكوك الأمنية. عند تفتيشها عثر بحوزتها على كمية من مخدري الحشيش والأفيون، وبمواجهتها أمام اللواء عبد الناصر موافي، مدير الإدارة العامة لمباحث مطار القاهرة أقرّت بأنها كانت تعتزم تهريبها للخارج، وأن الخطة كانت تهدف إلى تمرير المخدرات دون أن يتم اكتشافها.
وأكدت المتهمة خلال التحقيقات أمام جهات التحقيق أنها وضعت المخدرات داخل ملابسها، وأنه لم يكن لديها أي تصور بأن التكنولوجيا الحديثة وأنظمة التفتيش ستكشف الأمر بهذه السرعة.
كما أوضحت أن دوافعها كانت شخصية وأنها لم تتورط في أي شبكة أكبر، وأنها لم تتوقع أن يكون القانون صارمًا إلى هذا الحد في مواجهة محاولات تهريب المخدرات.
وقد جرى اتخاذ الإجراءات القانونية اللازمة حيال المتهمة، حيث باشرت نيابة النزهة، برئاسة المستشار معتز زكريا، التحقيق في الواقعة لتحديد ملابسات الحادث ودرجات المسؤولية القانونية.
وتؤكد التحقيقات على أن تهريب المخدرات يعد جريمة خطيرة في القانون المصري، يواجه مرتكبها عقوبات صارمة قد تصل إلى السجن المؤبد أو الإعدام في حال تورط في تهريب كميات كبيرة، إلى جانب الغرامات المالية ومصادرة الأموال والممتلكات المستخدمة في الجريمة، بينما يواجه من يحاول تهريب كميات أقل أحكام سجن وغرامات وفق ما نص عليه القانون.
وتبرز هذه الواقعة فعالية أجهزة الأمن في المنافذ الجوية المصرية وكفاءة نظم التفتيش الحديثة، التي تكشف محاولات تهريب المخدرات وتحمي المسافرين والمجتمع من المخاطر الصحية والأمنية، في إطار استراتيجية وطنية لمكافحة المخدرات وضمان تنفيذ أحكام القانون بشكل رادع.",2026-01-11
درجات الحرارة اليوم الأحد 11 يناير 2026 انخفاض بالحرارة وأجواء شديدة البرودة,https://www.youm7.com/story/2026/1/11/%D8%AF%D8%B1%D8%AC%D8%A7%D8%AA-%D8%A7%D9%84%D8%AD%D8%B1%D8%A7%D8%B1%D8%A9-%D8%A7%D9%84%D9%8A%D9%88%D9%85-%D8%A7%D9%84%D8%A3%D8%AD%D8%AF-11-%D9%8A%D9%86%D8%A7%D9%8A%D8%B1-2026-%D8%A7%D9%86%D8%AE%D9%81%D8%A7%D8%B6-%D8%A8%D8%A7%D9%84%D8%AD%D8%B1%D8%A7%D8%B1%D8%A9-%D9%88%D8%A3%D8%AC%D9%88%D8%A7%D8%A1/7263809,youm7.com,"تتوقع
الهيئة العامة للأرصاد
الجوية، أن يشهد اليوم الأحد 11 يناير 2026، استمرار الانخفاض في درجات الحرارة نهاراً على أغلب الأنحاء، ليسود طقس شديد البرودة في الصباح الباكر، مائل للدفء نهاراً شديد البرودة ليلاً كما يتكون الصقيع على المزروعات على شمال الصعيد ووسط سيناء والصحراء الغربية.
كما يشهد
الطقس
شبورة مائية من 3: 10 صباحاً علي بعض الطرق المؤدية من والي شمال البلاد حتى القاهرة الكبرى ووسط سيناء وشمال الصعيد قد تكون كثيفة احياناً على بعض الطرق.
كما تظهر بعض السحب المنخفضة على مناطق من السواحل الشمالية والقاهرة الكبرى وجنوب الوجه البحري ومدن القناة قد ينتج عنها سقوط رذاذ خفيف وغير مؤثر على بعض المناطق، مع فرص ضعيفة لأمطار خفيفة على السواحل الشمالية وشمال الوجه البحري.
درجات الحرارة
على المدن والعواصم بمحافظات الجمهورية:
- درجات الحرارة فى القاهرة الصغرى 10 والعظمى 20
- درجات الحرارة فى العاصمة الإدارية الصغرى 08 والعظمى 20
- درجات الحرارة فى 6 أكتوبر الصغرى 08 والعظمى 19
- درجات الحرارة فى بنها الصغرى 10 والعظمى 19
- درجات الحرارة فى دمنهور الصغرى 10 والعظمى 19
- درجات الحرارة فى وادى النطرون الصغرى 10 والعظمى 19
- درجات الحرارة فى كفر الشيخ الصغرى 09 والعظمى 19
- درجات الحرارة فى المنصورة الصغرى 11 والعظمى 18
- درجات الحرارة فى الزقازيق الصغرى 11 والعظمى 19
- درجات الحرارة فى شبين الكوم الصغرى 10 والعظمى 19
- درجات الحرارة فى طنطا الصغرى 09 والعظمى 19
- درجات الحرارة فى دمياط الصغرى 13 والعظمى 20
- درجات الحرارة فى بورسعيد الصغرى 14 والعظمى 21
- درجات الحرارة فى الإسكندرية الصغرى 10 والعظمى 20
- درجات الحرارة فى العلمين الصغرى 10 والعظمى 20
- درجات الحرارة فى مطروح الصغرى 09 والعظمى 20
-  درجات الحرارة فى السلوم الصغرى 07 والعظمى 18
- درجات الحرارة فى سيوة الصغرى 05 والعظمى 18
- درجات الحرارة فى الإسماعيلية الصغرى 12 والعظمى 21
- درجات الحرارة فى السويس الصغرى 12 والعظمى 21
- درجات الحرارة فى العريش الصغرى 10 والعظمى 21
- درجات الحرارة فى رفح الصغرى 09 والعظمى 20
- درجات الحرارة فى رأس سدر الصغرى 13 والعظمى 19
- درجات الحرارة فى نخل الصغرى 06 والعظمى 19
- درجات الحرارة فى سانت كاترين الصغرى 04 والعظمى 16
- درجات الحرارة فى الطور الصغرى 12 والعظمى 22
- درجات الحرارة فى طابا الصغرى 09 والعظمى 21
- درجات الحرارة فى شرم الشيخ الصغرى 16 والعظمى 24
- درجات الحرارة فى الغردقة الصغرى 13 والعظمى 23
- درجات الحرارة فى مرسى علم الصغرى 13 والعظمى 24
- درجات الحرارة فى شلاتين الصغرى 17 والعظمى 26
- درجات الحرارة فى حلايب الصغرى 19 والعظمى 25
- درجات الحرارة فى أبو رماد الصغرى 16 والعظمى 16
- درجات الحرارة فى رأس حدربة الصغرى 16 والعظمى 26
- درجات الحرارة فى الفيوم الصغرى 08 والعظمى 22
- درجات الحرارة فى بني سويف الصغرى 06 والعظمى 22
- درجات الحرارة فى المنيا الصغرى 06 والعظمى 21
- درجات الحرارة فى أسيوط الصغرى 07 والعظمى 22
- درجات الحرارة فى سوهاج الصغرى 09 والعظمى 23
- درجات الحرارة فى قنا الصغرى 10 والعظمى 24
- درجات الحرارة فى الأقصر الصغرى 09 والعظمى 24
- درجات الحرارة فى أسوان الصغرى 11 والعظمى 25
- درجات الحرارة فى الوادى الجديد الصغرى 05 والعظمى 24
- درجات الحرارة فى أبو سمبل الصغرى 11 والعظمى 25",2026-01-11
مواقيت الصلاة اليوم الأحد 11 يناير 2026 بمحافظات الجمهورية,https://www.youm7.com/story/2026/1/11/%D9%85%D9%88%D8%A7%D9%82%D9%8A%D8%AA-%D8%A7%D9%84%D8%B5%D9%84%D8%A7%D8%A9-%D8%A7%D9%84%D9%8A%D9%88%D9%85-%D8%A7%D9%84%D8%A3%D8%AD%D8%AF-11-%D9%8A%D9%86%D8%A7%D9%8A%D8%B1-2026-%D8%A8%D9%85%D8%AD%D8%A7%D9%81%D8%B8%D8%A7%D8%AA-%D8%A7%D9%84%D8%AC%D9%85%D9%87%D9%88%D8%B1%D9%8A%D8%A9/7263773,youm7.com,"لقرائنا الراغبين فى التعرف على
مواقيت الصلاة
الصحيحة بمحافظات مصر، يقدم ""اليوم السابع"" مواقيت الصلاة الخمسة اليوم الأحد 11 يناير 2026 فى عدد من محافظات مصر، شاملة صلاة الفجر وشروق الشمس وصلوات الظهيرة والعصر والمغرب والعشاء.
-  وقت
صلاة الفجر
5:20 ص
- موعد صلاة الظهر 12:03 ص
-  موعد صلاة العصر 2:55 م
-  موعد صلاة المغرب 5:14 م
- موعد صلاة العشاء 6:36 م.
- وقت صلاة الفجر 5:27 ص
-  موعد صلاة الظهر 12:08 ص
-  موعد صلاة العصر 2:57 م
-  موعد صلاة المغرب 5:17 م
-  موعد صلاة العشاء 6:40 م
-  وقت صلاة الفجر 5:17 ص
- موعد صلاة الظهر 11:59 ص
-  موعد  صلاة العصر 2:50 م
- موعد صلاة المغرب 5:09 م
- موعد صلاة العشاء 6:31 م
-  وقت صلاة الفجر 5:06 ص
-  وقت صلاة الظهر 11:51 ص
-  موعد صلاة العصر 2:47 م
- وقت صلاة المغرب 5:06 م
- وقت صلاة العشاء 6:27 م
-  وقت صلاة الفجر 5:06 ص
- موعد صلاة الظهر 11:56 ص
-  موعد صلاة العصر 2:59 م
- موعد صلاة المغرب 5:20 م
- موعد صلاة العشاء 6:37 م",2026-01-11
حالة الطقس اليوم الأحد 11 يناير 2026 انخفاض جديد بالحرارة والصغري بالقاهرة 10,https://www.youm7.com/story/2026/1/11/%D8%AD%D8%A7%D9%84%D8%A9-%D8%A7%D9%84%D8%B7%D9%82%D8%B3-%D8%A7%D9%84%D9%8A%D9%88%D9%85-%D8%A7%D9%84%D8%A3%D8%AD%D8%AF-11-%D9%8A%D9%86%D8%A7%D9%8A%D8%B1-2026-%D8%A7%D9%86%D8%AE%D9%81%D8%A7%D8%B6-%D8%AC%D8%AF%D9%8A%D8%AF-%D8%A8%D8%A7%D9%84%D8%AD%D8%B1%D8%A7%D8%B1%D8%A9/7263805,youm7.com,"تتوقع
الهيئة العامة للأرصاد
الجوية، أن يشهد اليوم الأحد 11 يناير 2026، استمرار الانخفاض في درجات الحرارة نهاراً على أغلب الأنحاء، ليسود طقس شديد البرودة في الصباح الباكر، مائل للدفء نهاراً شديد البرودة ليلاً كما يتكون الصقيع على المزروعات على شمال الصعيد ووسط سيناء والصحراء الغربية.
كما يشهد الطقس
شبورة
مائية من 3: 10 صباحاً علي بعض الطرق المؤدية من والي شمال البلاد حتى القاهرة الكبرى ووسط سيناء وشمال الصعيد قد تكون كثيفة احياناً على بعض الطرق.
كما تظهر بعض السحب المنخفضة على مناطق من السواحل الشمالية والقاهرة الكبرى وجنوب الوجه البحري ومدن القناة قد ينتج عنها سقوط رذاذ خفيف وغير مؤثر على بعض المناطق، مع فرص ضعيفة لأمطار خفيفة على السواحل الشمالية وشمال الوجه البحري.
درجات الحرارة على المدن والعواصم بمحافظات الجمهورية:
- درجات الحرارة فى القاهرة الصغرى 10 والعظمى 20
- درجات الحرارة فى العاصمة الإدارية الصغرى 08 والعظمى 20
- درجات الحرارة فى 6 أكتوبر الصغرى 08 والعظمى 19
- درجات الحرارة فى بنها الصغرى 10 والعظمى 19
- درجات الحرارة فى دمنهور الصغرى 10 والعظمى 19
- درجات الحرارة فى وادى النطرون الصغرى 10 والعظمى 19
- درجات الحرارة فى كفر الشيخ الصغرى 09 والعظمى 19
- درجات الحرارة فى المنصورة الصغرى 11 والعظمى 18
- درجات الحرارة فى الزقازيق الصغرى 11 والعظمى 19
- درجات الحرارة فى شبين الكوم الصغرى 10 والعظمى 19
- درجات الحرارة فى طنطا الصغرى 09 والعظمى 19
-
درجات الحرارة
فى دمياط الصغرى 13 والعظمى 20
- درجات الحرارة فى بورسعيد الصغرى 14 والعظمى 21
- درجات الحرارة فى الإسكندرية الصغرى 10 والعظمى 20
- درجات الحرارة فى العلمين الصغرى 10 والعظمى 20
- درجات الحرارة فى مطروح الصغرى 09 والعظمى 20
-  درجات الحرارة فى السلوم الصغرى 07 والعظمى 18
- درجات الحرارة فى سيوة الصغرى 05 والعظمى 18
- درجات الحرارة فى الإسماعيلية الصغرى 12 والعظمى 21
- درجات الحرارة فى السويس الصغرى 12 والعظمى 21
- درجات الحرارة فى العريش الصغرى 10 والعظمى 21
- درجات الحرارة فى رفح الصغرى 09 والعظمى 20
- درجات الحرارة فى رأس سدر الصغرى 13 والعظمى 19
- درجات الحرارة فى نخل الصغرى 06 والعظمى 19
- درجات الحرارة فى سانت كاترين الصغرى 04 والعظمى 16
- درجات الحرارة فى الطور الصغرى 12 والعظمى 22
- درجات الحرارة فى طابا الصغرى 09 والعظمى 21
- درجات الحرارة فى شرم الشيخ الصغرى 16 والعظمى 24
- درجات الحرارة فى الغردقة الصغرى 13 والعظمى 23
- درجات الحرارة فى مرسى علم الصغرى 13 والعظمى 24
- درجات الحرارة فى شلاتين الصغرى 17 والعظمى 26
- درجات الحرارة فى حلايب الصغرى 19 والعظمى 25
- درجات الحرارة فى أبو رماد الصغرى 16 والعظمى 16
- درجات الحرارة فى رأس حدربة الصغرى 16 والعظمى 26
- درجات الحرارة فى الفيوم الصغرى 08 والعظمى 22
- درجات الحرارة فى بني سويف الصغرى 06 والعظمى 22
- درجات الحرارة فى المنيا الصغرى 06 والعظمى 21
- درجات الحرارة فى أسيوط الصغرى 07 والعظمى 22
- درجات الحرارة فى سوهاج الصغرى 09 والعظمى 23
- درجات الحرارة فى قنا الصغرى 10 والعظمى 24
- درجات الحرارة فى الأقصر الصغرى 09 والعظمى 24
- درجات الحرارة فى أسوان الصغرى 11 والعظمى 25
- درجات الحرارة فى الوادى الجديد الصغرى 05 والعظمى 24
- درجات الحرارة فى أبو سمبل الصغرى 11 والعظمى 25",2026-01-11
إشادة بإنجاز طبي مصري عالمي في علاج انسداد الشرايين التاجية بمبرة مصر القديمة,https://www.youm7.com/story/2026/1/10/%D8%A5%D8%B4%D8%A7%D8%AF%D8%A9-%D8%A8%D8%A5%D9%86%D8%AC%D8%A7%D8%B2-%D8%B7%D8%A8%D9%8A-%D9%85%D8%B5%D8%B1%D9%8A-%D8%B9%D8%A7%D9%84%D9%85%D9%8A-%D9%81%D9%8A-%D8%B9%D9%84%D8%A7%D8%AC-%D8%A7%D9%86%D8%B3%D8%AF%D8%A7%D8%AF-%D8%A7%D9%84%D8%B4%D8%B1%D8%A7%D9%8A%D9%8A%D9%86-%D8%A7%D9%84%D8%AA%D8%A7%D8%AC%D9%8A%D8%A9/7264454,youm7.com,"في سبق طبي جديد يضع مصر على خارطة الابتكار العالمي، نجح فريق طبي مصري بمستشفى ""مبرة مصر القديمة""، التابعة للمؤسسة العلاجية بوزارة الصحة، في تطوير تقنية دولية جديدة لعلاج حالات الانسداد المزمن الكامل لـ
الشريان التاجي
(CTO)، والتي تُصنف كواحدة من أصعب التحديات في مجال قسطرة القلب التداخلية.
وقد توج هذا النجاح بنشر التقنية في مجلة Wiley العالمية، المصنفة ضمن فئة (Q1)، وهو أعلى تصنيف دولي للمجلات الطبية المحكمة،وحظي باشادات واسعه من وزارة الصحة والسكان ، حيث تم تسجيل الابتكار باسم الفريق الطبي المصري المكون منالدكتورمحمد صبري، استشاري أمراض القلب ورئيس قسم القلب بأكاديمية قلب مبرة مصر القديمة والدكتور  أحمد السواح، مدير وحدة القسطرة بأكاديمية مبرة مصر القديمة.
وتعتمد التقنية المبتكرة على أسلوب تقني متطور يرفع نسب نجاح فتح الشرايين المغلقة تماماً لسنوات طويلة، مما يجنب المرضى جراحات القلب المفتوح المعقدة، ويقلل من نسب المضاعفات الناتجة عن التدخلات التقليدية.
وصرح رئيس مجلس إدارة المؤسسة العلاجية بوزارة الصحة قائلاً:
""إن هذا الإنجاز ليس مجرد نجاح طبي عابر، بل هو شهادة ثقة في كفاءة الكوادر المصرية وقدرتها على الابتكار تحت مظلة المؤسسات الحكومية. تسجيل هذه التقنية عالمياً وباسم أطباء مصريين في دوريات (Q1) يعكس مدى التطور الذي شهده القطاع الطبي في مصر، ويؤكد التزامنا بدعم البحث العلمي وتوفير أحدث سبل العلاج للمواطن المصري وفق المعايير الدولية.""
من جانبه، أكد مدير عام مستشفى مبرة مصر القديمة: ""نفخر بأن يخرج هذا الابتكار العالمي من قلب مستشفى المبرة. لقد عمل الفريق الطبي بقيادة الدكتور محمد صبري والدكتور أحمد السواح بتفانٍ كبير لسنوات لتطوير هذا النهج العلاجي. هذا النجاح يضع أكاديمية القلب بالمستشفى في مصاف المراكز الدولية المتخصصة في علاج حالات (CTO) المعقدة، ونحن مستمرون في تقديم كل الدعم لفرقنا الطبية لرفع اسم مصر عالياً في كافة المحافل الطبية.""",2026-01-11
الكنيسة تنظم قافلة طبية مجانية لـ 2000 مريض بمدينة العاشر من رمضان,https://www.youm7.com/story/2026/1/10/%D8%A7%D9%84%D9%83%D9%86%D9%8A%D8%B3%D8%A9-%D8%AA%D9%86%D8%B8%D9%85-%D9%82%D8%A7%D9%81%D9%84%D8%A9-%D8%B7%D8%A8%D9%8A%D8%A9-%D9%85%D8%AC%D8%A7%D9%86%D9%8A%D8%A9-%D9%84%D9%80-2000-%D9%85%D8%B1%D9%8A%D8%B6-%D8%A8%D9%85%D8%AF%D9%8A%D9%86%D8%A9-%D8%A7%D9%84%D8%B9%D8%A7%D8%B4%D8%B1/7264433,youm7.com,"نظّم مركز مار جرجس الطبي التابع لكاتدرائية الشهيد العظيم مار جرجس بمدينة العاشر من رمضان، اليوم السبت 10 يناير 2026،
قافلة طبية
مجانية لخدمة أهالي المدينة، حيث استقبلت نحو 2000 مريض في عدد من التخصصات الطبية المختلفة، وذلك بالتعاون مع جمعية القوافل للمساعدات الإنسانية.
وشارك في القافلة عدد من الأطباء المتطوعين الذين قدموا الفحوصات الطبية اللازمة للمرضى، إلى جانب صرف معظم الأدوية بالمجان، بما يسهم في تخفيف الأعباء الصحية والمادية عن كاهل المواطنين.
كما شملت القافلة إجراء تحاليل طبية وأشعات تشخيصية بأسعار رمزية، في إطار دعم الفئات الأكثر احتياجًا، وتوفير خدمات طبية متكاملة لأهالي المدينة.
وتأتي هذه القافلة الطبية في إطار الدور المجتمعي والإنساني الذي تقوم به الكنيسة، وحرصها على دعم المنظومة الصحية، وتقديم الرعاية الطبية اللازمة للمواطنين، تأكيدًا لرسالتها في خدمة الإنسان دون تمييز.
وأكد منظمو القافلة أن مثل هذه المبادرات تأتي ضمن خطة مستمرة لتقديم خدمات صحية مجانية ومخفضة، خاصة في المناطق التي تحتاج إلى دعم طبي مستمر.
ولاقت القافلة الطبية إشادة واسعة من أهالي مدينة العاشر من رمضان، الذين ثمّنوا الجهود المبذولة في تنظيم القافلة وتوفير الرعاية الصحية اللازمة، مشيدين بدور الكنيسة ومؤسسات المجتمع المدني في دعم القطاع الصحي.",2026-01-11
فرحة أهالي كفر الشيخ بفوز منتخب مصر أمام كوت ديفوار فيديو وصور,https://www.youm7.com/story/2026/1/11/%D9%81%D8%B1%D8%AD%D8%A9-%D8%A3%D9%87%D8%A7%D9%84%D9%8A-%D9%83%D9%81%D8%B1-%D8%A7%D9%84%D8%B4%D9%8A%D8%AE-%D8%A8%D9%81%D9%88%D8%B2-%D9%85%D9%86%D8%AA%D8%AE%D8%A8-%D9%85%D8%B5%D8%B1-%D8%A3%D9%85%D8%A7%D9%85-%D9%83%D9%88%D8%AA-%D8%AF%D9%8A%D9%81%D9%88%D8%A7%D8%B1/7264481,youm7.com,"قدم اليوم السابع بثاً مباشراً بعنوان فرحة كبرى لأهالي كفر الشيخ بفوز
منتخب مصر
أمام كوت ديفوار.. مباشر، وعبر أهالي كفر الشيخ عن فرحتهم بفوز منتخبنا على كوت ديفوار بنتيجة 3-2 في المباراة التي جرت اليوم ملعب أدرار بالمغرب، ليصعد منتخب مصر للدور نصف نهائي أمم أفريقيا لمواجهة
السنغال
.
أكد أهالي كفر الشيخ، كل اللاعبين رجالة أدوا ما عليهم وبذلهم لكل ما في طاقتهم في سبيل تحقيق الفوز والصعود لنصف نهائي أمم أفريقيا، مشيرين أنهم لا يستطيعون الثناء على لاعب دون الأخر فكلهم بدء من محمد الشناوي ومحمود تريزيجيه، أبناء كفر الشيخ، ومرموش والملك المصري.
سجل لمنتخب مصر عمر مرموش ورامي ربيعة ومحمد صلاح في الدقائق 4 و32 و52 من عمر اللقاء، بينما جاء هدفي كوت ديفوار في الدقيقة 40 من خطأ لأحمد فتوح، ثم ديوي في الدقيقة 73.",2026-01-11
اعرف بلدك الشيخ عبادة بالمنيا طريق التجارة بين مصر وبلاد الشرق,https://www.youm7.com/story/2026/1/11/%D8%A7%D8%B9%D8%B1%D9%81-%D8%A8%D9%84%D8%AF%D9%83-%D8%A7%D9%84%D8%B4%D9%8A%D8%AE-%D8%B9%D8%A8%D8%A7%D8%AF%D8%A9-%D8%A8%D8%A7%D9%84%D9%85%D9%86%D9%8A%D8%A7-%D8%B7%D8%B1%D9%8A%D9%82-%D8%A7%D9%84%D8%AA%D8%AC%D8%A7%D8%B1%D8%A9-%D8%A8%D9%8A%D9%86-%D9%85%D8%B5%D8%B1-%D9%88%D8%A8%D9%84%D8%A7%D8%AF/7124113,youm7.com,"تعد
قرية الشيخ عبادة
بمركز ملوى فى محافظة المنيا، إحدى القرى الهامة فى مصر، تقع على بعد 8 كيلومتر شرق مدينة ملوى، بناها الامبراطور هارديان عام 120 ق. م، تخليدا لذكرى انتينوى الذى غرق فى النيل عندما سمع نبؤة سيئة، عن صديقه الامبراطور هارديان، فبنى له مدينة ربطها بميناء راس بناس باسوان لتكون طريقا للتجارة بين مصر وبلاد الشرق عن طريق البحر الاحمر كما اصلح لها طريق التجارة عبر الصحراء.
كانت الشيخ عبادة مدينة مزدهرة بها مسرح ومعابد وقوس نصر وشوارع متوازية ذات أعمدة متبادلةـ وذكر المؤرخون أن الامبراطور أعطى سكان هذه المدينة حق المواطنة الرومانية وأعفاهم من ضريبة الرأس وسمح بزواج المصريين من الرومان.
وقال المؤرخون إنه وجد بهذه المنطقة العديد من أوراق البردى الهامة التى توضح العقود والقوانين والحياة المدنية فى هذا العصر.
كما أن الشيخ عبادة كانت مدينة هامة فى
العصر الفرعونى
حيث وجد بها بقايا معبد ضخم لرمسيس وهو يقوم بتقديم طقوس عبادة للألهة المختلفة خاصة ألهة المنطقة تحوت وحاتحور وثامون الأشمونين.
كما ذكر المؤرخون أيضا انه يوجد بهذه المنطقة جبانه كبيرة من العصر الفرعونى واليونانى والرومانى وتقوم البعثات الأثرية بالتنقيب فيها.
وفى العصر القبطى كانت الشيخ عبادة مدينة هامة، أما فى العصرى الاسلامى فقد إختارها الشيخ عبادة بن الصامت ليقيم فيها وبنى بها مسجدا يحمل اسمه تم تجديده عدة مرات، كما أن هذه المدينة انجبت ماريا القبطية زوجة الرسول صلى الله عليه وسلم.",2026-01-11
احتفالات بقرية محمد صلاح بعد إحرازه الهدف الثالث فى شباك كوت ديفوار فيديو,https://www.youm7.com/story/2026/1/10/%D8%A7%D8%AD%D8%AA%D9%81%D8%A7%D9%84%D8%A7%D8%AA-%D8%A8%D9%82%D8%B1%D9%8A%D8%A9-%D9%85%D8%AD%D9%85%D8%AF-%D8%B5%D9%84%D8%A7%D8%AD-%D8%A8%D8%B9%D8%AF-%D8%A5%D8%AD%D8%B1%D8%A7%D8%B2%D9%87-%D8%A7%D9%84%D9%87%D8%AF%D9%81-%D8%A7%D9%84%D8%AB%D8%A7%D9%84%D8%AB-%D9%81%D9%89-%D8%B4%D8%A8%D8%A7%D9%83/7264445,youm7.com,"عمت الفرحة الأجواء داخل مركز شباب
محمد صلاح
، بمسقط رأس اللاعب بقرية نجريج مركز بسيون بمحافظة الغربية، بعد إحراز الفرعون المصري هدف التقدم الثالث لمنتخبنا في شباك منتخب كوت ديفوار في احداث الشوط الثاني.
واحتفل الاهالي المتجمعين داخل مركز الشباب بهدف التقدم مرددين الله حي الرابع جي، تعبيرا عن فرحتهم بالاداء الاكثر من رائع للمنتخب في المباراة.",2026-01-11
وكيل صحة سوهاج يتفقد المستشفى العام ويحيل طبيبة للتحقيق,https://www.youm7.com/story/2026/1/10/%D9%88%D9%83%D9%8A%D9%84-%D8%B5%D8%AD%D8%A9-%D8%B3%D9%88%D9%87%D8%A7%D8%AC-%D9%8A%D8%AA%D9%81%D9%82%D8%AF-%D8%A7%D9%84%D9%85%D8%B3%D8%AA%D8%B4%D9%81%D9%89-%D8%A7%D9%84%D8%B9%D8%A7%D9%85-%D9%88%D9%8A%D8%AD%D9%8A%D9%84-%D8%B7%D8%A8%D9%8A%D8%A8%D8%A9-%D9%84%D9%84%D8%AA%D8%AD%D9%82%D9%8A%D9%82/7264410,youm7.com,"أجرى الدكتور عمرو دويدار، وكيل وزارة الصحة
بسوهاج
، جولة تفقدية ليلية موسعة ومفاجئة داخل
مستشفى سوهاج العام
، لمتابعة سير العمل والوقوف على مستوى الخدمات الطبية المقدمة للمواطنين، وذلك في إطار المتابعة الميدانية المستمرة لمنظومة الصحة بالمحافظة.
رافق وكيل الوزارة خلال الجولة فريق الطوارئ والرعاية العاجلة والحرجة، وعدد من مديري الإدارات الفنية بالمديرية، بحضور الدكتور إيهاب هيكل مدير مستشفى سوهاج العام، والدكتور هيثم عطية نائب المدير.
واستهل دويدار، جولته بتفقد قسم الاستقبال والطوارئ، حيث اطمأن على انتظام العمل، وتواجد الأطقم الطبية، وتوافر الأدوية والمستلزمات، مؤكدًا ضرورة تقديم الخدمة الطبية للمواطنين دون تأخير.
وخلال المرور، وجه بتوفير سيارة إسعاف مجهزة لنقل إحدى الحالات إلى مستشفى طوارئ الكوامل لاستكمال العلاج، كما تم تدبير سرير عناية مركزة بشكل فوري لمريض تصادف وجوده بالقسم ويحتاج إلى رعاية حرجة عاجلة.
وخلال تفقده بنك الدم، أشاد وكيل الوزارة بتوافر مختلف فصائل الدم وانتظام الخدمة، إلا أنه لاحظ غياب الطبيبة النوبتجية، وعلى الفور وجه بإحالتها للتحقيق لعدم الالتزام، مع توفير طبيب بديل لضمان عدم تأثر الخدمة المقدمة للمرضى.
كما تفقد «دويدار» غرفة النفايات غير الطبية، ووجه برفع كفاءتها فورًا لتتوافق مع الاشتراطات الصحية، مع تركيب باب للغرفة حفاظًا على معايير السلامة والصحة العامة داخل المستشفى.
وشملت الجولة المرور على القسم الداخلي، حيث حرص وكيل الوزارة على التحدث المباشر مع عدد من المرضى وذويهم، للتعرف على آرائهم والانطباعات حول مستوى وجودة الخدمة الطبية المقدمة.
واختتم وكيل وزارة الصحة جولته بتفقد العيادات الخارجية، واطمأن على انتظام العمل والتزام الأطقم الطبية.
وفي ختام الزيارة، شدد الدكتور عمرو دويدار على مدير المستشفى بعدم غلق باب الاستقبال والطوارئ نهائيًا، والتأكيد على استمرارية العمل على مدار 24 ساعة، مع منح إدارة المستشفى مهلة 48 ساعة لتلافي جميع السلبيات التي تم رصدها خلال الجولة، مؤكدًا أن صحة المواطن وأمنه الصحي على رأس أولويات المنظومة الصحية بسوهاج.",2026-01-11
مصر ضد كوت ديفوار توقعات جماهير الأقصر للمباراة متفائلين بالفوز,https://www.youm7.com/story/2026/1/10/%D9%85%D8%B5%D8%B1-%D8%B6%D8%AF-%D9%83%D9%88%D8%AA-%D8%AF%D9%8A%D9%81%D9%88%D8%A7%D8%B1-%D8%AA%D9%88%D9%82%D8%B9%D8%A7%D8%AA-%D8%AC%D9%85%D8%A7%D9%87%D9%8A%D8%B1-%D8%A7%D9%84%D8%A3%D9%82%D8%B5%D8%B1-%D9%84%D9%84%D9%85%D8%A8%D8%A7%D8%B1%D8%A7%D8%A9-%D9%85%D8%AA%D9%81%D8%A7%D8%A6%D9%84%D9%8A%D9%86-%D8%A8%D8%A7%D9%84%D9%81%D9%88%D8%B2/7264389,youm7.com,"قدم تليفزيون
اليوم السابع
بثا مباشرا من داخل أحد كافيهات محافظة الأقصر، رصد خلاله أجواء توافد المشجعين لحضور مباراة
منتخب مصر لكرة القدم
ومنتخب كوت ديفوار في دور الثمانية لبطولة أمم أفريقيا المقامة في المغرب.
وعبر كاريكا رحمي عن تفاؤله بفوز المنتخب المصري بهدفين لكل من محمد صلاح وعمر مرموش، مؤكداً على أن منتخب مصر دائما يجيد التعامل مع المنتخبات الأفريقية في البطولات المجمعة وهو قادر على الصعود للدور القادم.
فيما قال عبد الله الحواكمى، أنه على ثقة بفوز المنتخب المصري بهدفين على نظيره الايفواري ،حيث أن تشكيل المباراة يساعد على تحجيم خطورة أطراف كوت ديفوار،وعبر محمود ضرغام عن تفائله بفوز مصر بهدفين لهدف في ظل قوة منتخب كوت ديفوار لكن المنتخب المصري تاريخه حافل في مواجهة تلك المنتخبات الأفريقية.
فيما رفعت الجماهير المصرية والعربية الحاضرة فى ملعب أدرار الذى يستضيف مباراة مصر وكوت ديفوار بعد قليل فى ربع نهائى أمم أفريقيا، لافتة لتشجيع اللاعبين قبل المباراة مكتوب عليها: ""هنفضل أبطالها ومش هنبطلها .. أفريقيا يا وحوش الـ100 مليون وراكم"".
ودفع حسام حسن بالثلاثى رامى ربيعة وياسر إبراهيم وحسام عبد المجيد فى قلب الدفاع بجوار محمد هانى وأحمد فتوح على الطرفين الأيمن والأيسر، مع الدفع بالثلاثى مروان عطية وحمدى فتحى وإمام عاشور فى الوسط، وفى الهجوم الثنائى محمد صلاح وعمر مرموش.",2026-01-11
سعر الذهب عيار 14 اليوم الأحد 11 يناير يصل إلى 4026 جنيها,https://www.youm7.com/story/2026/1/11/%D8%B3%D8%B9%D8%B1-%D8%A7%D9%84%D8%B0%D9%87%D8%A8-%D8%B9%D9%8A%D8%A7%D8%B1-14-%D8%A7%D9%84%D9%8A%D9%88%D9%85-%D8%A7%D9%84%D8%A3%D8%AD%D8%AF-11-%D9%8A%D9%86%D8%A7%D9%8A%D8%B1-%D9%8A%D8%B5%D9%84-%D8%A5%D9%84%D9%89/7264318,youm7.com,"لا تزال
أسعار الذهب في مصر
مرتبطة بتحركات الأسواق العالمية، وسط تأثيرات أسعار الفائدة والتوترات الجيوسياسية العالمية، والتي تلعب دورًا مؤثرًا في توجهات الطلب على
المعدن النفيس.
وسجل
سعر جرام الذهب عيار 14
في تعاملات اليوم الأحد 11 يناير سعر  4026 جنيهًا، مع تحرك متوازن في باقي الأعيرة.
أسعار الذهب اليوم في مصر
عيار 24 يسجل 6914 جنيها
- عيار 21 يسجل 6050 جنيها
- عيار 18 يسجل 5186 جنيها
- عيار 14 يسجل 4026 جنيها
- الجنيه الذهب يسجل 48400 جنيه
-
وتجدر الإشارة إلى أن الأسعار المعلنة لا تشمل المصنعية والدمغة والضريبة، وقد تتغير على مدار الساعة.",2026-01-11
التصديري للصناعات الهندسية مشاركة 12 شركة بمعرض فى بغداد لتعزيز الصادرات,https://www.youm7.com/story/2026/1/11/%D8%A7%D9%84%D8%AA%D8%B5%D8%AF%D9%8A%D8%B1%D9%8A-%D9%84%D9%84%D8%B5%D9%86%D8%A7%D8%B9%D8%A7%D8%AA-%D8%A7%D9%84%D9%87%D9%86%D8%AF%D8%B3%D9%8A%D8%A9-%D9%85%D8%B4%D8%A7%D8%B1%D9%83%D8%A9-12-%D8%B4%D8%B1%D9%83%D8%A9-%D8%A8%D9%85%D8%B9%D8%B1%D8%B6-%D9%81%D9%89-%D8%A8%D8%BA%D8%AF%D8%A7%D8%AF-%D9%84%D8%AA%D8%B9%D8%B2%D9%8A%D8%B2/7264062,youm7.com,"أعلن
المجلس التصديري للصناعات الهندسية
عن مشاركة 12 شركة مصرية في معرض IEE – بغداد بالعراق، من خلال الجناح المصري المُجمع، وذلك في إطار دعم الصادرات المصرية وتعزيز تواجد الشركات الهندسية بالسوق العراقي، أحد أهم الأسواق التصديرية الواعدة للقطاع.
وأشار
المجلس التصديري للصناعات الهندسية
، إن هذه المشاركة بالتعاون مع الهيئة المصرية العامة للمعارض والمؤتمرات ومكتب التمثيل التجاري المصري بالعراق، بما يعكس التنسيق بين الجهات المعنية بفتح أسواق جديدة أمام المنتجات المصرية وزيادة معدلات النفاذ للأسواق الإقليمية.
وفي هذا السياق، قالت مي حلمي، المدير التنفيذي للمجلس التصديري للصناعات الهندسية، إن المشاركة في معرض IEE – بغداد تأتي في توقيت بالغ الأهمية، خاصة في ظل تحقيق الصادرات الهندسية المصرية أعلى مستوى في تاريخها، وهو ما يعكس التطور الكبير في قدرات الشركات المصرية وارتفاع تنافسية المنتج الهندسي المصري في الأسواق الخارجية.
وأضافت، أن السوق العراقي يمثل أحد المحاور الرئيسية في استراتيجية المجلس خلال المرحلة الحالية، نظرا لزيادة الطلب على
المنتجات الهندسية
والكهربائية، موضحة أن المعرض يتيح فرصًا حقيقية لعقد لقاءات مباشرة مع كبار المستوردين والموزعين وبناء شراكات تجارية مستدامة.
وأكدت مي حلمي أن الجناح المصري  يوفر نموذجا للترويج للصادرات، من خلال عرض تنوع وجودة المنتجات المصرية، بما يسهم في تعظيم الاستفادة من الطفرة التاريخية في الصادرات الهندسية والحفاظ على زخم النمو خلال الفترة المقبلة.
وأشارت إلى أن المجلس التصديري للصناعات الهندسية مستمر في دعم الشركات المصدرة عبر التواجد في المعارض الدولية المستهدفة، وفتح قنوات تواصل جديدة مع الأسواق ذات الأولوية، بما يدعم خطط زيادة الصادرات وتعزيز مكانة الصناعة المصرية إقليميا ودوليا.",2026-01-11
تعرف على سعر الدولار مقابل الجنيه اليوم الأحد 1112026 في البنوك المصرية,https://www.youm7.com/story/2026/1/11/%D8%AA%D8%B9%D8%B1%D9%81-%D8%B9%D9%84%D9%89-%D8%B3%D8%B9%D8%B1-%D8%A7%D9%84%D8%AF%D9%88%D9%84%D8%A7%D8%B1-%D9%85%D9%82%D8%A7%D8%A8%D9%84-%D8%A7%D9%84%D8%AC%D9%86%D9%8A%D9%87-%D8%A7%D9%84%D9%8A%D9%88%D9%85-%D8%A7%D9%84%D8%A3%D8%AD%D8%AF-11-1/7263800,youm7.com,"استقر
سعر الدولار
الأمريكي مقابل الجنيه المصرى، اليوم الأحد 11 يناير2026 ،في البنوك المصرية ، وثبت في البنك المركزي المصري، عند 47.19 جنيه للشراء، و47.33 جنيه للبيع، وفى بنك الإسكندرية 47.18 جنيه للشراء، و47.28 جنيه للبيع، وفى
بنك مصر
47.23 جنيه للشراء، و47.33 جنيه للبيع.
وثبت
سعر الدولار
في بنك البركة عند 47.20 جنيه للشراء، و47.30 جنيه للبيع، وفى البنك الأهلى المصرى، عند  47.23 جنيه للشراء، و47.33 جنيه للبيع. وفى البنك التجاري الدولي 47.22 جنيه للشراء و47.32 جنيه للبيع، وفي بنك كريدى اجريكول 47.20 جنيه للشراء، و47.30 جنيه للبيع.
- 47.23  جنيه للشراء.
- 47.33 جنيه  للبيع.
- 47.23 جنيه للشراء.
- 47.33 جنيه للبيع.
- 47.23 جنيه للشراء.
- 47.33 جنيه للبيع.
- 47.18 جنيه للشراء.
- 47.28   جنيه للبيع.
- 47.22 جنيه للشراء.
- 47.32 جنيه للبيع.
- 47.20 جنيه للشراء.
- 47.30 جنيه للبيع.
- 47.20 جنيه للشراء.
- 47.30 جنيه للبيع.
- 47.21  جنيه للشراء.
- 47.31  جنيه للبيع.
- 47.22 جنيه للشراء.- 47.32  جنيه للبيع.
- 47.24  جنيه للشراء.
- 47.34 جنيه للبيع.",2026-01-11
الذهب يستقر مع إغلاق تداولات السوق اليوم عقب قفزة قوية,https://www.youm7.com/story/2026/1/10/%D8%A7%D9%84%D8%B0%D9%87%D8%A8-%D9%8A%D8%B3%D8%AA%D9%82%D8%B1-%D9%85%D8%B9-%D8%A5%D8%BA%D9%84%D8%A7%D9%82-%D8%AA%D8%AF%D8%A7%D9%88%D9%84%D8%A7%D8%AA-%D8%A7%D9%84%D8%B3%D9%88%D9%82-%D8%A7%D9%84%D9%8A%D9%88%D9%85-%D8%B9%D9%82%D8%A8-%D9%82%D9%81%D8%B2%D8%A9-%D9%82%D9%88%D9%8A%D8%A9/7261171,youm7.com,"استقرت
أسعار الذهب اليوم
السبت 10 يناير 2026 في السوق المحلية، بعد القفزة القوية التي حققها المعدن النفيس في ختام تعاملات الجمعة، مدعومًا بإغلاق إيجابي في البورصة العالمية فوق مستوى 4500 دولار للأونصة، وذلك على خلفية صدور تقرير الوظائف الأمريكي الأضعف من التوقعات، ما عزز الطلب على
الذهب
كملاذ آمن.
- عيار 24 يسجل 6914 جنيها
- عيار 21 يسجل 6050 جنيها
- عيار 18 يسجل 5186 جنيها
- الجنيه الذهب يسجل 48400 جنيه
قفزت
مصنعية الجنيه الذهب
فى مصر بنسبة تصل 38.8%، وذلك بدءا من تعاملات أكتوبر 2025، وذلك لجميع الشركات المنتجة تقريبًا، بعد قرار BTC تحريك أسعار مصنعيات العملات الذهب فى الأسواق.
وكشفت قوائم المصنعيات الجديدة للعملات الذهب فى مصر، قفزة مصنعية الجنيه الذهب 8 جرامات إلى 75 جنيها للجرام بدلا من 54 جنيها للمستهلكين.
كما ارتفعت مصنعية النصف الجنيه الذهب والذى يزن 4 جرامات زادت إلى 80 جنيها للجرام مقابل 60 جنيها بنسبة ارتفاع 34% تقريبًا
كما تحركت مصنعية الربع الجنيه الذهب وزن 2 جرام إلى 85 جنيها للجرام بدلا من 67 جنيها فى الأسواق بزيادة بلغت 26,8%.",2026-01-11
سعر الذهب اليوم السبت 10 يناير 2026 عيار 24 بدون مصنعية بـ6914 جنيها,https://www.youm7.com/story/2026/1/10/%D8%B3%D8%B9%D8%B1-%D8%A7%D9%84%D8%B0%D9%87%D8%A8-%D8%A7%D9%84%D9%8A%D9%88%D9%85-%D8%A7%D9%84%D8%B3%D8%A8%D8%AA-10-%D9%8A%D9%86%D8%A7%D9%8A%D8%B1-2026-%D8%B9%D9%8A%D8%A7%D8%B1-24-%D8%A8%D8%AF%D9%88%D9%86/7264320,youm7.com,"يترقب المتعاملون في مصر تطورات
أسعار الذهب
وسط توجهات المستثمرين نحو الملاذات الآمنة ، حيث يشير مؤشر الزخم اليومي إلى حيادية في قراءته وعدم سيطرته اتجاه محدد على حركة الذهب.
- عيار 21 يسجل 6050 جنيها
- عيار 18 يسجل 5186 جنيها
- الجنيه الذهب يسجل 48400 جنيه
يُنظر تقليديًا إلى الذهب غير المرتبط بعائد على أنه وسيلة تحوط ضد عدم اليقين الاقتصادي والتضخم
وتتغير أسعار الذهب في مصر بشكل مستمر على مدار اليوم، ويتذبذب السعر في حدود 15 إلى 20 جنيهًا صعودًا وهبوطًا، وذلك بسبب التطورات المتسارعة للذهب في البورصة العالمية، وعوامل العرض والطلب.",2026-01-11
حسام حسن يبكى فرحا بعد الفوز على كوت ديفوار والتأهل لمواجهة السنغال فى نصف النهائى,https://www.youm7.com/story/2026/1/10/%D8%AD%D8%B3%D8%A7%D9%85-%D8%AD%D8%B3%D9%86-%D9%8A%D8%A8%D9%83%D9%89-%D9%81%D8%B1%D8%AD%D8%A7-%D8%A8%D8%B9%D8%AF-%D8%A7%D9%84%D9%81%D9%88%D8%B2-%D8%B9%D9%84%D9%89-%D9%83%D9%88%D8%AA-%D8%AF%D9%8A%D9%81%D9%88%D8%A7%D8%B1-%D9%88%D8%A7%D9%84%D8%AA%D8%A3%D9%87%D9%84/7264329,youm7.com,"انهمر حسام حسن المدير الفني لمنتخب مصر فى البكاء فرحًا بعد الفوز على منتخب كوت ديفوار بنتيجة 3 - 2 فى المباراة التى جمعتهما مساء اليوم، على استاد أدرار، فى ربع نهائى أمم أفريقيا 2025 بالمغرب.
واحتفل حسام حسن مع اللاعبين بعد الفوز على الأفيال والتأهل لمواجهة السنغال فى نصف نهائى البطولة، يوم الأربعاء المقبل.
لمتابعة أخبار بطولة كأس أمم أفريقيا 2025 عبر بوابة كأس أمم أفريقيا اضغط هنا
فى حراسة المرمى: محمد الشناوي.
خط الدفاع: محمد هاني - رامي ربيعة - حسام عبد المجيد - ياسر إبراهيم - أحمد فتوح.
الوسط: مروان عطية - حمدي فتحي - إمام عاشور.
الهجوم : محمد صلاح - عمر مرموش.
وعلى مقاعد البدلاء كل من: أحمد الشناوي - مصطفى شوبير - أحمد عيد  - محمد إسماعيل - خالد صبحي  - محمود صابر - محمد شحاته - إبراهيم عادل - مهند لاشين - أحمد سيد زيزو - محمود تريزيجيه - مصطفى فتحي - أسامة فيصل - صلاح محسن - مصطفى محمد، واستبعد حسام حسن الثنائى محمد صبحى ومحمد حمدى.
ويتصدر
منتخب مصر
قائمة أكثر المنتخبات تسجيلًا للأهداف في تاريخ كأس الأمم الأفريقية، مؤكدًا سيطرته الهجومية المستمرة عبر مختلف نسخ البطولة، فيما تشهد النسخة الخامسة والثلاثين المقامة حاليًا في المغرب صراعًا محتدمًا على اللقب مع دخول المنافسة مرحلة الأدوار الإقصائية واقترابها من نصف النهائي.
ويتصدر
منتخب مصر
الترتيب برصيد 181 هدفًا سجلها خلال مشاركته في 27 نسخة سابقة، في رقم يعكس الاستمرارية والقدرة الهجومية الفريدة للمنتخب المصري على مدار عقود من المنافسة القارية، ورغم ذلك، يبقى هذا الرصيد قابلاً للزيادة في النسخة الحالية، بعد أن نجح المنتخب في بلوغ الدور ربع النهائي بتسجيل 6 أهداف حتى الآن، توزعت بين دور المجموعات ودور ثمن النهائي.
ويحتل
منتخب كوت ديفوار
المركز الثاني برصيد 160 هدفًا، في حين يأتي المنتخب النيجيري ثالثًا بـ 158 هدفًا، ويليه الكاميرون رابعًا بـ148 هدفًا، فيما يحتل منتخب غانا المركز الخامس برصيد 138 هدفًا.",2026-01-11
نتيجة مباراة منتخب مصر وكوت ديفوار فى أمم أفريقيا صور,https://www.youm7.com/story/2026/1/10/%D9%86%D8%AA%D9%8A%D8%AC%D8%A9-%D9%85%D8%A8%D8%A7%D8%B1%D8%A7%D8%A9-%D9%85%D9%86%D8%AA%D8%AE%D8%A8-%D9%85%D8%B5%D8%B1-%D9%88%D9%83%D9%88%D8%AA-%D8%AF%D9%8A%D9%81%D9%88%D8%A7%D8%B1-%D9%81%D9%89-%D8%A3%D9%85%D9%85-%D8%A3%D9%81%D8%B1%D9%8A%D9%82%D9%8A%D8%A7-%D8%B5%D9%88%D8%B1/7264160,youm7.com,"فاز
منتخب مصر
على كوت ديفوار بنتيجة 3-2 فى المباراة التى جرت اليوم ملعب أدرار بالمغرب، ليصعد منتخب مصر للدور نصف نهائى أمم أفريقيا لمواجهة السنغال.
لمتابعة أخبار بطولة كأس أمم أفريقيا 2025 عبر بوابة كأس أمم أفريقيا اضغط هنا
سجل لمنتخب مصر
عمر مرموش
ورامى ربيعة ومحمد صلاح فى الدقائق 4 و32 و52 من عمر اللقاء، بينما جاء هدفى كوت ديفوار فى الدقيقة 40 من خطأ لأحمد فتوح، ثم ديوى فى الدقيقة 73.
وهدد عمر مرموش مرمى كوت ديفوار مجددا فى الدقيقة 12 وكاد يسجل الهدف الثانى لكن الحكم يرفع الراية معلنا تسلل نجم مانشستر سيتى الانجليزى، وكاد حسام عبد المجيد يضيف الهدف الثانى فى الدقيقة 21 من كرة رأسية لكن الحارس الإيفوارى ينقذ الموقف.
وفى الدقيقة 32 نجح رامى ربيعة فى تسجيل الهدف الثانى لمنتخب مصر من رأسية سكنت شباك الحارس الإيفوارى، ومن خطأ عكسى لاحمد فتوح سجل منتخب كوت ديفوار هدفه الأول فى الدقيقة 40، لينتهى الشوط الأول بتقدم مصر 2-1.
وفى الدقيقة 52 نجح محمد صلاح فى تسجيل الهدف الثالث من تمريرة حريرية من إمام عاشور وضعته فى مواجهة حارس مرمى كوت ديفوار، وأشهر الحكم الجزائرى مصطفى غربال البطاقة الصفراء لحسام عبد المجيد فى الدقيقة 66.
وفى الدقيقة 73 سجل ديوى لاعب كوت ديفوار هدف الأفيال الثانى من ركنية تعامل معها محمد الشناوى بغرابة شديدة، ودفع حسام حسن بمحمود تريزيجيه بدلا من إمام عاشور فى الدقيقة 79 قبل أن يدفع بمصطفى محمد فى الدقيقة 90.
ودفع حسام حسن بالثلاثى رامى ربيعة وياسر إبراهيم وحسام عبد المجيد فى قلب الدفاع بجوار محمد هانى وأحمد فتوح على الطرفين الأيمن والأيسر، مع الدفع بالثلاثى مروان عطية وحمدى فتحى وإمام عاشور فى الوسط، وفى الهجوم الثنائى محمد صلاح وعمر مرموش.
فى حراسة المرمى :محمد الشناوي.
خط الدفاع : محمد هاني - رامي ربيعة - حسام عبد المجيد - ياسر إبراهيم - أحمد فتوح.
الوسط: مروان عطية - حمدي فتحي - إمام عاشور.
الهجوم : محمد صلاح - عمر مرموش.
وعلى مقاعد البدلاء كلا من : أحمد الشناوي - مصطفى شوبير - أحمد عيد  - محمد إسماعيل - خالد صبحي  - محمود صابر - محمد شحاته - إبراهيم عادل - مهند لاشين - أحمد سيد زيزو - محمود تريزيجيه - مصطفى فتحي - أسامة فيصل - صلاح محسن - مصطفى محمد، واستبعد حسام حسن الثنائى محمد صبحى ومحمد حمدى لإصابته بالرباط الصليبى، ويحضر محمد حمدي لاعب منتخب مصر فى أرض الملعب لمساندة زملائه وتحفيزهم لتحقيق الفوز.",2026-01-11
أمم أفريقيا 2025 تجدد الصراع بين محمد صلاح وساديو مانى,https://www.youm7.com/story/2026/1/10/%D8%A3%D9%85%D9%85-%D8%A3%D9%81%D8%B1%D9%8A%D9%82%D9%8A%D8%A7-2025-%D8%AA%D8%AC%D8%AF%D8%AF-%D8%A7%D9%84%D8%B5%D8%B1%D8%A7%D8%B9-%D8%A8%D9%8A%D9%86-%D9%85%D8%AD%D9%85%D8%AF-%D8%B5%D9%84%D8%A7%D8%AD-%D9%88%D8%B3%D8%A7%D8%AF%D9%8A%D9%88-%D9%85%D8%A7%D9%86%D9%89/7264150,youm7.com,"يترقب
محمد صلاح
قائد
منتخب مصر
مباراة الفراعنة القادمة أمم السنغال من أجل مواجهة زميله السابق في ليفربول السنغالي ساديو ماني قائد منتخب أسود التيرانجا، للثأر منه والانتقام للهزيمتين المخزيتين للفراعنة في نهائي أمم أفريقيا 2021 في الكاميرون والمباراة الفاصلة مع منتخب السنغال المؤهلة إلى كأس العالم 2022.
ويتجدد الصراع بين محمد صلاح وساديو ماني في المباراة التي تجمع الفراعنة مع أسود التيرانجا يوم الأربعاء المقبل على خطف بطاقة الصعود إلى نهائي أمم أفريقيا 2025، في المباراة التي يسعى محمد صلاح وزملائه في الانتقام من ماني وزملائه في موقعة السبت المقبل.
ونجح منتخب مصر في تكريس عقدة كوت ديفوار بعد إقصائها من ربع نهائي بطولة أمم أفريقيا 2025، عقب الفوز عليها بنتيجة 3-2 في المباراة التى جمعتهما مساء السبت على استاد أدرار، فى ربع نهائى أمم أفريقيا 2025 بالمغرب.
لمتابعة أخبار بطولة كأس أمم أفريقيا 2025 عبر بوابة كأس أمم أفريقيا اضغط هنا
مصر نجحت في تحقيق الفوز رقم 8 على كوت ديفوار خلال 12 مواجهة مع الأفيال في البطولة القارية، حيث حقق الفراعنة الفوز في 8 مباريات والتعادل في 3 مباريات وخسارة مباراة واحدة، لتكرس عقدة الأفيال بالبطولة القارية.
وفي مختلف البطولات واجه منتخب مصر نظيره الإيفواري في إجمالي المباريات: 21 مباراة، حقق الفراعنة الفوز في 11 مباراة مقابل فوز كوت ديفوار في 6 مباريات والتعادل في 4 مواجهات، وسجل الفراعنة 41 هدفاً مقابل 34 هدفاً للأفيال.
فى حراسة المرمى: محمد الشناوي.
خط الدفاع: محمد هاني - رامي ربيعة - حسام عبد المجيد - ياسر إبراهيم - أحمد فتوح.
الوسط: مروان عطية - حمدي فتحي - إمام عاشور.
الهجوم : محمد صلاح - عمر مرموش.
وعلى مقاعد البدلاء كل من: أحمد الشناوي - مصطفى شوبير - أحمد عيد  - محمد إسماعيل - خالد صبحي  - محمود صابر - محمد شحاته - إبراهيم عادل - مهند لاشين - أحمد سيد زيزو - محمود تريزيجيه - مصطفى فتحي - أسامة فيصل - صلاح محسن - مصطفى محمد، واستبعد حسام حسن الثنائى محمد صبحى ومحمد حمدى.
ويتصدر منتخب مصر قائمة أكثر المنتخبات تسجيلًا للأهداف في تاريخ كأس الأمم الأفريقية، مؤكدًا سيطرته الهجومية المستمرة عبر مختلف نسخ البطولة، فيما تشهد النسخة الخامسة والثلاثين المقامة حاليًا في المغرب صراعًا محتدمًا على اللقب مع دخول المنافسة مرحلة الأدوار الإقصائية واقترابها من نصف النهائي.
ويتصدر منتخب مصر الترتيب برصيد 184 هدفًا سجلها خلال مشاركته في 27 نسخة سابقة، في رقم يعكس الاستمرارية والقدرة الهجومية الفريدة للمنتخب المصري على مدار عقود من المنافسة القارية، ورغم ذلك، يبقى هذا الرصيد قابلاً للزيادة في النسخة الحالية، بعد أن نجح المنتخب في بلوغ الدور ربع النهائي بتسجيل 6 أهداف حتى الآن، توزعت بين دور المجموعات ودور ثمن النهائي.
ويحتل منتخب كوت ديفوار المركز الثاني برصيد 160 هدفًا، في حين يأتي المنتخب النيجيري ثالثًا بـ 158 هدفًا، ويليه الكاميرون رابعًا بـ148 هدفًا، فيما يحتل منتخب غانا المركز الخامس برصيد 138 هدفًا.",2026-01-11
محمد صلاح يتوج بجائزة أفضل لاعب فى مباراة مصر وكوت ديفوار,https://www.youm7.com/story/2026/1/10/%D9%85%D8%AD%D9%85%D8%AF-%D8%B5%D9%84%D8%A7%D8%AD-%D9%8A%D8%AA%D9%88%D8%AC-%D8%A8%D8%AC%D8%A7%D8%A6%D8%B2%D8%A9-%D8%A3%D9%81%D8%B6%D9%84-%D9%84%D8%A7%D8%B9%D8%A8-%D9%81%D9%89-%D9%85%D8%A8%D8%A7%D8%B1%D8%A7%D8%A9-%D9%85%D8%B5%D8%B1-%D9%88%D9%83%D9%88%D8%AA/7264158,youm7.com,"توج
محمد صلاح
بجائزة رجل مباراة منتخب مصر وكوت ديفوار فى المباراة التى جرت اليوم ملعب أدرار بالمغرب، ليصعد منتخب مصر للدور نصف نهائى أمم أفريقيا لمواجهة السنغال.
لمتابعة أخبار بطولة كأس أمم أفريقيا 2025 عبر بوابة كأس أمم أفريقيا اضغط هنا
سجل
لمنتخب مصر
عمر مرموش ورامى ربيعة ومحمد صلاح فى الدقائق 4 و32 و52 من عمر اللقاء، بينما جاء هدفى كوت ديفوار فى الدقيقة 40 من خطأ لأحمد فتوح، ثم ديوى فى الدقيقة 73.
وهدد عمر مرموش مرمى كوت ديفوار مجددا فى الدقيقة 12 وكاد يسجل الهدف الثانى لكن الحكم يرفع الراية معلنا تسلل نجم مانشستر سيتى الانجليزى، وكاد حسام عبد المجيد يضيف الهدف الثانى فى الدقيقة 21 من كرة رأسية لكن الحارس الإيفوارى ينقذ الموقف.
وفى الدقيقة 32 نجح رامى ربيعة فى تسجيل الهدف الثانى لمنتخب مصر من رأسية سكنت شباك الحارس الإيفوارى، ومن خطأ عكسى لاحمد فتوح سجل منتخب كوت ديفوار هدفه الأول فى الدقيقة 40، لينتهى الشوط الأول بتقدم مصر 2-1.
وفى الدقيقة 52 نجح محمد صلاح فى تسجيل الهدف الثالث من تمريرة حريرية من إمام عاشور وضعته فى مواجهة حارس مرمى كوت ديفوار، وأشهر الحكم الجزائرى مصطفى غربال البطاقة الصفراء لحسام عبد المجيد فى الدقيقة 66.
وفى الدقيقة 73 سجل ديوى لاعب كوت ديفوار هدف الأفيال الثانى من ركنية تعامل معها محمد الشناوى بغرابة شديدة، ودفع حسام حسن بمحمود تريزيجيه بدلا من إمام عاشور فى الدقيقة 79 قبل أن يدفع بمصطفى محمد فى الدقيقة 90.
ودفع حسام حسن بالثلاثى رامى ربيعة وياسر إبراهيم وحسام عبد المجيد فى قلب الدفاع بجوار محمد هانى وأحمد فتوح على الطرفين الأيمن والأيسر، مع الدفع بالثلاثى مروان عطية وحمدى فتحى وإمام عاشور فى الوسط، وفى الهجوم الثنائى محمد صلاح وعمر مرموش.
جاء التشكيل كالتالى:
فى حراسة المرمى :محمد الشناوي.
خط الدفاع : محمد هاني - رامي ربيعة - حسام عبد المجيد - ياسر إبراهيم - أحمد فتوح.
الوسط: مروان عطية - حمدي فتحي - إمام عاشور.
الهجوم : محمد صلاح - عمر مرموش.
وعلى مقاعد البدلاء كلا من : أحمد الشناوي - مصطفى شوبير - أحمد عيد  - محمد إسماعيل - خالد صبحي  - محمود صابر - محمد شحاته - إبراهيم عادل - مهند لاشين - أحمد سيد زيزو - محمود تريزيجيه - مصطفى فتحي - أسامة فيصل - صلاح محسن - مصطفى محمد، واستبعد حسام حسن الثنائى محمد صبحى ومحمد حمدى لإصابته بالرباط الصليبى، ويحضر محمد حمدي لاعب منتخب مصر فى أرض الملعب لمساندة زملائه وتحفيزهم لتحقيق الفوز.",2026-01-11
منتخب مصر يكرس عقدة الأفيال التاريخية في أمم أفريقيا 8 انتصارات مقابل هزيمة وحيدة,https://www.youm7.com/story/2026/1/10/%D9%85%D9%86%D8%AA%D8%AE%D8%A8-%D9%85%D8%B5%D8%B1-%D9%8A%D9%8F%D9%83%D8%B1%D8%B3-%D8%B9%D9%82%D8%AF%D8%A9-%D8%A7%D9%84%D8%A3%D9%81%D9%8A%D8%A7%D9%84-%D8%A7%D9%84%D8%AA%D8%A7%D8%B1%D9%8A%D8%AE%D9%8A%D8%A9-%D9%81%D9%8A-%D8%A3%D9%85%D9%85-%D8%A3%D9%81%D8%B1%D9%8A%D9%82%D9%8A%D8%A7-8/7264327,youm7.com,"نجح
منتخب مصر
في تكريس عقدة
كوت ديفوار
بعد إقصائها من ربع نهائي بطولة أمم إفريقيا 2025، عقب الفوز عليها بنتيجة 3-2 في المباراة التى جمعتهما مساء السبت على استاد أدرار، فى ربع نهائى أمم أفريقيا 2025 بالمغرب.
لمتابعة أخبار بطولة كأس أمم أفريقيا 2025 عبر بوابة كأس أمم أفريقيا اضغط هنا
مصر نجحت في تحقيق الفوز رقم 8 على كوت ديفوار خلال 12 مواجهة مع الأفيال في البطولة القارية، حيث حقق الفراعنة الفوز في 8 مباريات والتعادل في 3 مباريات وخسارة مباراة واحدة، لتكرس عقدة الأفيال بالبطولة القارية.
وفي مختلف البطولات واجه منتخب مصر نظيره الإيفواري في إجمالي المباريات: 21 مباراة، حقق الفراعنة الفوز في 11 مباراة مقابل فوز كوت ديفوار في 6 مباريات والتعادل في 4 مواجهات، وسجل الفراعنة 41 هدفاً مقابل 34 هدفاً للأفيال.
فى حراسة المرمى: محمد الشناوي.
خط الدفاع: محمد هاني - رامي ربيعة - حسام عبد المجيد - ياسر إبراهيم - أحمد فتوح.
الوسط: مروان عطية - حمدي فتحي - إمام عاشور.
الهجوم : محمد صلاح - عمر مرموش.
وعلى مقاعد البدلاء كل من: أحمد الشناوي - مصطفى شوبير - أحمد عيد  - محمد إسماعيل - خالد صبحي  - محمود صابر - محمد شحاته - إبراهيم عادل - مهند لاشين - أحمد سيد زيزو - محمود تريزيجيه - مصطفى فتحي - أسامة فيصل - صلاح محسن - مصطفى محمد، واستبعد حسام حسن الثنائى محمد صبحى ومحمد حمدى.
ويتصدر
منتخب مصر
قائمة أكثر المنتخبات تسجيلًا للأهداف في تاريخ كأس الأمم الأفريقية، مؤكدًا سيطرته الهجومية المستمرة عبر مختلف نسخ البطولة، فيما تشهد النسخة الخامسة والثلاثين المقامة حاليًا في المغرب صراعًا محتدمًا على اللقب مع دخول المنافسة مرحلة الأدوار الإقصائية واقترابها من نصف النهائي.
ويتصدر
منتخب مصر
الترتيب برصيد 181 هدفًا سجلها خلال مشاركته في 27 نسخة سابقة، في رقم يعكس الاستمرارية والقدرة الهجومية الفريدة للمنتخب المصري على مدار عقود من المنافسة القارية، ورغم ذلك، يبقى هذا الرصيد قابلاً للزيادة في النسخة الحالية، بعد أن نجح المنتخب في بلوغ الدور ربع النهائي بتسجيل 6 أهداف حتى الآن، توزعت بين دور المجموعات ودور ثمن النهائي.
ويحتل
منتخب كوت ديفوار
المركز الثاني برصيد 160 هدفًا، في حين يأتي المنتخب النيجيري ثالثًا بـ 158 هدفًا، ويليه الكاميرون رابعًا بـ148 هدفًا، فيما يحتل منتخب غانا المركز الخامس برصيد 138 هدفًا.",2026-01-11
تشارلتون ضد تشيلسي البلوز يكتسح بخماسية في الظهور الأول لروسينيور,https://www.youm7.com/story/2026/1/11/%D8%AA%D8%B4%D8%A7%D8%B1%D9%84%D8%AA%D9%88%D9%86-%D8%B6%D8%AF-%D8%AA%D8%B4%D9%8A%D9%84%D8%B3%D9%8A-%D8%A7%D9%84%D8%A8%D9%84%D9%88%D8%B2-%D9%8A%D9%83%D8%AA%D8%B3%D8%AD-%D8%A8%D8%AE%D9%85%D8%A7%D8%B3%D9%8A%D8%A9-%D9%81%D9%8A-%D8%A7%D9%84%D8%B8%D9%87%D9%88%D8%B1-%D8%A7%D9%84%D8%A3%D9%88%D9%84-%D9%84%D8%B1%D9%88%D8%B3%D9%8A%D9%86%D9%8A%D9%88%D8%B1/7264486,youm7.com,"تأهل
تشيلسي
إلى دور الـ 32 من بطولة
كأس الاتحاد الإنجليزي
، بعد تغلبه على مضيفه فريق تشارلتون أثلتيك، بخمسة أهداف مقابل هدف، في المواجهة التي جمعتهما مساء السبت، ضمن منافسات الدور الثالث من البطولة.
لمتابعة أخبار بطولة كأس أمم أفريقيا 2025 عبر بوابة كأس أمم أفريقيا اضغط هنا
أنهى تشيلسي الشوط الأول من اللقاء متفوقا بهدف نظيف، سجله المدافع جوريل هاتو في 45+4.
وفي الشوط الثاني، أضاف فريق البلوز 4 أهداف، عن طريق توسين أدارابيويو ومارك جويو وبيدرو نيتو وإنزو فرنانديز من ركلة جزاء في الدقائق 50، 62، 1+90 و90+4.
وأحرز هدف فريق تشارلتون، اللاعب مايلز ليبورن في الدقيقة 57 من عمر اللقاء.
وخاض تشيلسي مواجهة الليلة تحت قيادة مديره الفني الجديد ليام روسينيور، في ظهوره الأول على مقاعد بدلاء البلوز، بعد توليه تدريب الفريق خلفا للإيطالي إنزو ماريسكا.
وكان تشيلسي قد خسر مباراته الأخيرة أمام فولهام بنتيجة 2 - 1، ضمن منافسات الجولة الـ21 من الدوري الإنجليزي الممتاز.
تشكيل تشيلسي
حراسة المرمى: يورجنسن.
الدفاع: أتشيمونج، توسين، بادياشيلي وهاتو.
الوسط: كايسيدو، سانتوس وجيتنز.
الهجوم: بونانوتي، جويو وجارناتشو.",2026-01-11
الجزائر ضد نيجيريا نجم النسور يكرم لومومبا أمام الخضر بأمم أفريقيا,https://www.youm7.com/story/2026/1/11/%D8%A7%D9%84%D8%AC%D8%B2%D8%A7%D8%A6%D8%B1-%D8%B6%D8%AF-%D9%86%D9%8A%D8%AC%D9%8A%D8%B1%D9%8A%D8%A7-%D9%86%D8%AC%D9%85-%D8%A7%D9%84%D9%86%D8%B3%D9%88%D8%B1-%D9%8A%D9%8F%D9%83%D8%B1%D9%91%D9%85-%D9%84%D9%88%D9%85%D9%88%D9%85%D8%A8%D8%A7-%D8%A3%D9%85%D8%A7%D9%85-%D8%A7%D9%84%D8%AE%D8%B6%D8%B1-%D8%A8%D8%A3%D9%85%D9%85/7264487,youm7.com,"شهدت مباراة ربع نهائي
كأس الأمم الأفريقية
بين نيجيريا والجزائر فوزًا مثيرًا للنسور الخضراء بنتيجة 2-0، لكن الحدث الأبرز لم يكن الهدف فحسب، بل احتفال مهاجم نيجيريا أكور أدامز بالهدف الثاني.
لمتابعة أخبار بطولة كأس أمم أفريقيا 2025 عبر بوابة كأس أمم أفريقيا اضغط هنا
بعد تسجيله الهدف الحاسم، توقف أدامز ورفع ذراعه في وضعية تشبه التمثال، مُكرّمًا الزعيم الكونغولي باتريس لومومبا، مستوحى من المشجع ميشيل كوكا مبولادينغا، الذي أصبح أحد أبرز رموز البطولة بسبب حركته الثابتة في المدرجات محاكيًا تمثال لومومبا الشهير.
وارتدى مبولادينغا زيًا رسميًا ووقف على منصة صغيرة لتحية أول رئيس وزراء لبرازافيل وبطل استقلال الكونغو، وحظيت هذه اللفتة بتقدير واسع من الاتحاد الأفريقي لكرة القدم والدولة المضيفة المغرب، رغم خسارة فريقه أمام الجزائر في دور الـ16.
يُذكر أن المهاجم الجزائري محمد عمورة كان قد قلّد حركة مبولادينغا بعد فوز الجزائر في دور الـ16، بطريقة ساخرة أثارت جدلًا واسعًا على منصات التواصل الاجتماعي قبل أن يعتذر، ليرد أدامز في مباراة ربع النهائي بطريقة تكريمية وأنيقة، ما أضفى على اللحظة بُعدًا تاريخيًا وإنسانيًا فريدًا.
وتأهل
منتخب نيجيريا
إلى نصف نهائي بطولة كأس أمم أفريقيا، بعد فوزه على نظيره منتخب الجزائر، بثنائية نظيفة، في المواجهة التي جمعتهما مساء السبت، على ملعب مراكش، في إطار منافسات الدور ربع النهائي من بطولة كأس أمم أفريقيا 2025 المقامة حاليًا في المغرب.",2026-01-11
خوان لابورتا مباراة كأس السوبر الإسباني تحدد مسار الموسم ونرغب في الفوز باللقب,https://www.youm7.com/story/2026/1/10/%D8%AE%D9%88%D8%A7%D9%86-%D9%84%D8%A7%D8%A8%D9%88%D8%B1%D8%AA%D8%A7-%D9%85%D8%A8%D8%A7%D8%B1%D8%A7%D8%A9-%D9%83%D8%A3%D8%B3-%D8%A7%D9%84%D8%B3%D9%88%D8%A8%D8%B1-%D8%A7%D9%84%D8%A5%D8%B3%D8%A8%D8%A7%D9%86%D9%8A-%D8%AA%D8%AD%D8%AF%D8%AF-%D9%85%D8%B3%D8%A7%D8%B1-%D8%A7%D9%84%D9%85%D9%88%D8%B3%D9%85-%D9%88%D9%86%D8%B1%D8%BA%D8%A8/7264453,youm7.com,"أعرب
خوان لابورتا
، رئيس نادي برشلونة، عن رغبة كبيرة في الفوز بلقب
كأس السوبر الإسباني
عندما يواجه غريمه ريال مدريد في النهائي بالسعودية، مؤكدًا أن هذا اللقب سيكون الأول للفريق هذا الموسم، وأن الفوز به يمثل دفعة مهمة لمسار الفريق في 2026.
لمتابعة أخبار بطولة كأس أمم أفريقيا 2025 عبر بوابة كأس أمم أفريقيا اضغط هنا
وقال لابورتا في تصريحات صحفية: ""أعتقد أننا وصلنا إلى النهائي ونحن في حالة جيدة. ليس فقط مجلس الإدارة الذي أشرف على رئاسته، بل أيضًا اللاعبون والمدرب هانسي فليك. ما نريده هو أن نبدأ العام الجديد بلقب كأس السوبر الإسباني.""
وأضاف: ""عندما فزنا بكأس السوبر الإسباني في السابق، غالبًا ما تلاها الفوز بألقاب أخرى. لذا فإن هذه المباراة مهمة للفريقين اللذين سيلعبان النهائي، ونحن نملك عقلية قوية وقد تدرب اللاعبون بقوة كبيرة استعدادًا لها.""
وأشار لابورتا إلى تركيز الجهاز الفني واللاعبين قبل المباراة:
""قبل يومين، خاض اللاعبون تدريبات مكثفة جدًا، ويدربهم مدرب يتمتع بذهنية عالية لا يسمح لأحد بفقدان تركيزه. لدي قناعة بأننا سنمتلك فرصًا حقيقية للفوز بهذا النهائي"".
وتطرق رئيس برشلونة إلى العلاقات مع غريم النادي التقليدي ريال مدريد، مؤكدًا أنها ""مقطوعة تمامًا"" حاليًا:
""هناك مواضيع مختلفة أبعدتنا عن بعضنا، وإذا كنا خصمين شرسين وأبديين، فإن الوضع الحالي جعل العلاقات غير جيدة. لكن هذا لا يمنع وجود الاحترام المتبادل، وسنتصرف دائمًا بطريقة حضارية"".
وعن إمكانية إصلاح العلاقات، قال لابورتا: ""أعتقد أن كل شيء قابل للإصلاح، لكن الأمر يعتمد على إرادة الأطراف. حتى الآن، هناك مجموعة من الظروف جعلت العلاقات مقطوعة"".
وأكد لابورتا أن جميع اللاعبين والجهاز الفني والجماهير متحمسون جدًا: ""لاعبونا والطواقم الفنية لديهم رغبة جامحة للفوز بكأس السوبر الإسباني وإحياء موسم تاريخي عاشوه العام الماضي. هدفنا هو بدء الموسم الجديد بلقب يضعنا على الطريق الصحيح لتحقيق المزيد من النجاحات"".
وعن تنظيم البطولة في السعودية، أشار لابورتا: ""منذ اعتماد هذه النسخة في السعودية، اكتسبت البطولة هيبة وانتشارًا دوليًا كبيرًا. أود تهنئة الاتحاد الملكي الإسباني لكرة القدم ورئيسه رافائيل لوزان على التنظيم الرائع"".
وأتم: ""الروح والدافع في الفريق هو الفوز، وهذا أبعد من التنافسية، فهناك أقصى درجات الحماس للفوز بهذا اللقب وإسعاد جماهيرنا. كل ما نتمناه هو أن يحتفل برشلونة باللقب كما نفعل دائمًا، بفرحة وبهجة نقدمها للكوليز"".",2026-01-11
موعد مباراة نيجيريا ضد المغرب في نصف نهائي كأس أمم أفريقيا 2025,https://www.youm7.com/story/2026/1/10/%D9%85%D9%88%D8%B9%D8%AF-%D9%85%D8%A8%D8%A7%D8%B1%D8%A7%D8%A9-%D9%86%D9%8A%D8%AC%D9%8A%D8%B1%D9%8A%D8%A7-%D8%B6%D8%AF-%D8%A7%D9%84%D9%85%D8%BA%D8%B1%D8%A8-%D9%81%D9%8A-%D9%86%D8%B5%D9%81-%D9%86%D9%87%D8%A7%D8%A6%D9%8A-%D9%83%D8%A3%D8%B3-%D8%A3%D9%85%D9%85/7264390,youm7.com,"يواجه
منتخب نيجيريا
نظيره منتخب المغرب، في نصف نهائي بطولة كأس أمم أفريقيا 2025، وذلك على حساب منتخبي الجزائر والكاميرون في دور ربع النهائي من البطولة.
لمتابعة أخبار بطولة كأس أمم أفريقيا 2025 عبر بوابة كأس أمم أفريقيا اضغط هنا
تقام مباراة نيجيريا ضد
المغرب
يوم الأربعاء المقبل، في تمام العاشرة مساء على ملعب مولاي عبد الله في الرباط.
تأهل منتخب نيجيريا إلى نصف نهائي بطولة كأس أمم أفريقيا، بعد فوزه على نظيره منتخب الجزائر، بثنائية نظيفة، في المواجهة التي جمعتهما مساء السبت، على ملعب مراكش، في إطار منافسات الدور ربع النهائي من بطولة كأس أمم أفريقيا 2025 المقامة حاليًا في المغرب.
سيطر المنتخب النيجيري على مجريات اللعب خلال الشوط الأول من المباراة، وهدد مرمى المنتخب الجزائري في أكثر من مناسبة.
وأنقذ رامي بن سبعيني المنتخب الجزائري من تلقى الهدف الأول في الدقيقة 29 من عمر المباراة، بعدما شتت الكرة من على خط المرمى.
ومع بداية الشوط الثاني، نجح المنتخب النيجيري في افتتاح التسجيل عن طريق نجمه فيكتور أوسيمين في الدقيقة 47 من ضربة رأسية رائعة.
وأضاف أكور أدامز ثاني أهداف منتخب النسور الخضراء في الدقيقة 57 بعد تلقيه تمريرة من أوسيمين، انفرد على أثرها بالمرمى ونجح في مراوغة لوكا زيدان حارس المنتخب الجزائري.
تأهل منتخب المغرب إلى الدور قبل النهائي من بطولة أمم أفريقيا بعد فوزه على نظيره الكاميروني بهدفين نظيفين في المباراة التي أقيمت بينهما على ملعب المجمع الرياضي الأمير مولاي عبد الله، ضمن مباريات الدور ربع النهائي لبطولة الأمم الأفريقية المقامة حاليا في المغرب.
تقدم منتخب المغرب في الشوط الأول بهدف أحرزه إبراهيم دياز في الدقيقة 26، وفي الشوط الثاني يحرز إسماعيل صيباري الهدف الثاني للمغرب في الدقيقة 74 من عمر المباراة، ليتأهل منتخب المغرب إلى الدور قبل النهائي.",2026-01-11
توتنهام ضد أستون فيلا الفيلانز يقصي السبيرز من كأس الاتحاد الإنجليزي,https://www.youm7.com/story/2026/1/10/%D8%AA%D9%88%D8%AA%D9%86%D9%87%D8%A7%D9%85-%D8%B6%D8%AF-%D8%A3%D8%B3%D8%AA%D9%88%D9%86-%D9%81%D9%8A%D9%84%D8%A7-%D8%A7%D9%84%D9%81%D9%8A%D9%84%D8%A7%D9%86%D8%B2-%D9%8A%D9%8F%D9%82%D8%B5%D9%8A-%D8%A7%D9%84%D8%B3%D8%A8%D9%8A%D8%B1%D8%B2-%D9%85%D9%86-%D9%83%D8%A3%D8%B3-%D8%A7%D9%84%D8%A7%D8%AA%D8%AD%D8%A7%D8%AF/7264424,youm7.com,"ودع فريق توتنهام هوتسبير بطولة
كأس الاتحاد الإنجليزي
بعد خسارته أمام ضيفه أستون فيلا بهدفين مقابل هدف، في المباراة التي أقيمت مساء اليوم على ملعب توتنهام ضمن منافسات الدور الثالث.
لمتابعة أخبار بطولة كأس أمم أفريقيا 2025 عبر بوابة كأس أمم أفريقيا اضغط هنا
نجح
أستون فيلا
في خطف بطاقة التأهل خارج ملعبه، بعد أداء قوي استغل فيه عاملي التنظيم والتركيز، فيما فشل توتنهام في استغلال عامل الأرض والجمهور لمواصلة مشواره في أقدم بطولات الكؤوس الإنجليزية.
أهداف المباراة وسجل هدفي أستون فيلا إيمي بوينديا، ومورغان روجرز في الدقيقتين 22 و45، فيما قلصويلسون أودوبيرت الفارق لصالح توتنهام الدقيقة 54.
خاض توتنهام المباراة بدون الغاني محمد قدوس، بعد إصابته القوية خلال مواجهة سندرلاند الأخيرة في الدوري الإنجليزي الممتاز، والتي انتهت بالتعادل 1-1. ومن المتوقع أن يغيب قدوس عن عدة مباريات مهمة، أبرزها لقاء نوتنجهام فورست يوم 21 مارس، وربما ربع نهائي كأس الاتحاد الإنجليزي، في ظل سعي الجهاز الفني لتجهيز البدائل المناسبة.
تشكيل توتنهام:
حراسة المرمى: جولييلمو فيكاريو
الدفاع: بيدرو بورو – ميكي فان دي فان – كيفين دانسو – بن دافيس
الوسط: آرشي جراي – جواو بالينيا – تشافي سيمونز
الهجوم: ويلسون أودوبيرت – ماتيس تيل – ريتشارليسون
تشكيل أستون فيلا:
حراسة المرمى: ماركو بيزوت
الدفاع: ماتي كاش – إزري كونسا – باو توريس – إيان ماتسين
الوسط: أبو بكر كامارا – جون ماكجين – لامار بولارد
الهجوم: إيمي بوينديا – مورغان روجرز – دونيل مالين",2026-01-11
بعد الفوز على كوت ديفوار 32 منتخب مصر يواجه السنغال فى نصف النهائى فيديو,https://www.youm7.com/story/2026/1/10/%D8%A8%D8%B9%D8%AF-%D8%A7%D9%84%D9%81%D9%88%D8%B2-%D8%B9%D9%84%D9%89-%D9%83%D9%88%D8%AA-%D8%AF%D9%8A%D9%81%D9%88%D8%A7%D8%B1-3-2-%D9%85%D9%86%D8%AA%D8%AE%D8%A8-%D9%85%D8%B5%D8%B1-%D9%8A%D9%88%D8%A7%D8%AC%D9%87/7264456,youm7.com,"يقدم تليفزيون اليوم السابع بثا مباشرا لمباراة
منتخب مصر ضد منتخب كوت ديفوار
، حيث حقق منتخب مصر فوزا مستحقا على كوت ديفوار بنتيجة 3-2 فى المباراة التى جرت اليوم على ملعب أدرار بالمغرب، ليصعد منتخب مصر للدور نصف نهائى أمم أفريقيا لمواجهة السنغال.
سجل لمنتخب مصر عمر مرموش ورامى ربيعة و
محمد صلاح
فى الدقائق 4 و32 و52 من عمر اللقاء، بينما جاء هدفى كوت ديفوار فى الدقيقة 40 من خطأ لأحمد فتوح، ثم ديوى فى الدقيقة 73.
وهدد عمر مرموش مرمى كوت ديفوار مجددا فى الدقيقة 12 وكاد يسجل الهدف الثانى لكن الحكم يرفع الراية معلنا تسلل نجم مانشستر سيتى الانجليزى، وكاد حسام عبد المجيد يضيف الهدف الثانى فى الدقيقة 21 من كرة رأسية لكن الحارس الإيفوارى ينقذ الموقف.",2026-01-11
بث مباشر نهاية الشوط الأول بتقدم منتخب مصر على كوت ديفوار 2  1,https://www.youm7.com/story/2026/1/10/%D8%A8%D8%AB-%D9%85%D8%A8%D8%A7%D8%B4%D8%B1-%D9%86%D9%87%D8%A7%D9%8A%D8%A9-%D8%A7%D9%84%D8%B4%D9%88%D8%B7-%D8%A7%D9%84%D8%A3%D9%88%D9%84-%D8%A8%D8%AA%D9%82%D8%AF%D9%85-%D9%85%D9%86%D8%AA%D8%AE%D8%A8-%D9%85%D8%B5%D8%B1-%D8%B9%D9%84%D9%89-%D9%83%D9%88%D8%AA/7264428,youm7.com,"يقدم تليفزيون اليوم السابع بثا مباشرا، ويستضيف وليد ماهر خلال البث، الكابتن فتحي مبروك نجم الأهلي ومدرب منتخب مصر السابق، حيث انتهى الشوط الأول من عمر
مباراة منتخب مصر وكوت ديفوار
على ملعب أدرار بالمغرب، بتقدم
منتخب مصر
بهدفين مقابل هدف ، سجل لمنتخب مصر عمر مرموش ورامى ربيعة فى الدقيقتين 4 و32 من عمر اللقاء، بينما جاء هدف كوت ديفوار فى الدقيقة 40 من خطأ
لأحمد فتوح
.
وهدد عمر مرموش مرمى كوت ديفوار مجددا فى الدقيقة 12 وكاد يسجل الهدف الثانى لكن الحكم يرفع الراية معلنا تسلل نجم مانشستر سيتى الانجليزى، وكاد حسام عبد المجيد يضيف الهدف الثانى فى الدقيقة 21 من كرة رأسية لكن الحارس الإيفوارى ينقذ الموقف.
وفى الدقيقة 32 نجح رامى ربيعة فى تسجيل الهدف الثانى لمنتخب مصر من رأسية سكنت شباك الحارس الإيفوارى، ومن خطأ عكسى لاحمد فتوح سجل منتخب كوت ديفوار هدفه الأول فى الدقيقة 40.",2026-01-11
حماس فى الدقهلية كل العائلات يساندون منتخب مصر أمام كوت ديفوار فيديو,https://www.youm7.com/story/2026/1/10/%D8%AD%D9%85%D8%A7%D8%B3-%D9%81%D9%89-%D8%A7%D9%84%D8%AF%D9%82%D9%87%D9%84%D9%8A%D8%A9-%D9%83%D9%84-%D8%A7%D9%84%D8%B9%D8%A7%D8%A6%D9%84%D8%A7%D8%AA-%D9%8A%D8%B3%D8%A7%D9%86%D8%AF%D9%88%D9%86-%D9%85%D9%86%D8%AA%D8%AE%D8%A8-%D9%85%D8%B5%D8%B1-%D8%A3%D9%85%D8%A7%D9%85-%D9%83%D9%88%D8%AA/7264430,youm7.com,"يتابع المشجعون في محافظة الدقهلية، باهتمام بالغ مباراة المنتخب الوطني ضد منتخب
كوت ديفوار
، في دور الـ8 لبطولة الأمم الأفريقية.
وظهرت الفتيات والعائلات في مقدمة الحضور أمام الشاشات لمتابعة المباراة القوية، والتي انطلقت في تمام الساعة الـ9 مساء اليوم، في مباراة يتوقع جمهور كرة القدم قوتها، نظرا للتاريخ القوي لمنتخب مصر، ومنتخب كوديفوار في البطولة الافريقية الأقوي داخل القارة السمراء.
وتقدم
المنتخب المصري
في الشوط الأول للمباراة 2-1، فيما يتوقع جمهور الكرة المصري أن تكون المباراة قوية للغاية، علي مدار الـ90 دقيقة.
واستعد المواطنون لمتابعة ومشاهدة أحداث مباراة المنتخب الوطني المصري ضد منتخب كوت ديفوار، في دور ال8 لبطولة الأمم الأفريقية المقامة في دولة المغرب الشقيق، حيث بدأ التوافد علي اماكن التجمعات والكافيهات قبل انطلاق المباراة بساعة كاملة.
وانطلقت صافرة اللقاء في تمام الساعة ال9 بتوقيت القاهرة، حيث يحرص المصريين علي متابعة لقاءات المنتخب الوطني بصورة مستمرة منذ بداية انطلاق البطولة.
وتشهد مباريات المنتخب الوطني المصري تواجد للمواطنين في مختلف محافظات الجمهورية، حيث بتجمع اعداد من المواطنين في اماكن متفرقة، والتي تشهد تجمعات لمشاهدة المباريات وتشجيع المنتخب، حيث يأمل المصريين في الحصول علي البطولة، وتحقيقها للمرة ال8 في تاريخ المنتخب الوطني.
فيما تشهد محافظة الدقهلية، حرص من ابناءها علي التجمع في مراكز الشباب والكافيهات المقاهي مع كل مباراة يخونها المنتخب الوطني.",2026-01-11
مصر وكوت ديفوار فرحة أهالى قرية محمد صلاح بعد إحراز الهدف الثانى فيديو,https://www.youm7.com/story/2026/1/10/%D9%85%D8%B5%D8%B1-%D9%88%D9%83%D9%88%D8%AA-%D8%AF%D9%8A%D9%81%D9%88%D8%A7%D8%B1-%D9%81%D8%B1%D8%AD%D8%A9-%D8%A3%D9%87%D8%A7%D9%84%D9%89-%D9%82%D8%B1%D9%8A%D8%A9-%D9%85%D8%AD%D9%85%D8%AF-%D8%B5%D9%84%D8%A7%D8%AD-%D8%A8%D8%B9%D8%AF-%D8%A5%D8%AD%D8%B1%D8%A7%D8%B2/7264415,youm7.com,"يشهد مركز شباب محمد صلاح بقرية نجريج مركز بسيون بمحافظة
الغربية
، احتفالات لابناء القرية باحراز المنتخب الوطني هدف التقدم الثاني في شباك منتخب كوت ديفوار في دور ربع النهائي
وسيطرت الفرحة على احد المشجعين ودخل في وصلة رقص تعبيرا بفرحته بتقدم المنتخب علي منتخب كوت ديفوار في احداث الشوط الاول",2026-01-11
فرحة جنونية بمركز شباب محمد صلاح بعد إحراز هدف التقدم لمنتخب مصر أمام كوت ديفوار,https://www.youm7.com/story/2026/1/10/%D9%81%D8%B1%D8%AD%D8%A9-%D8%AC%D9%86%D9%88%D9%86%D9%8A%D8%A9-%D8%A8%D9%85%D8%B1%D9%83%D8%B2-%D8%B4%D8%A8%D8%A7%D8%A8-%D9%85%D8%AD%D9%85%D8%AF-%D8%B5%D9%84%D8%A7%D8%AD-%D8%A8%D8%B9%D8%AF-%D8%A5%D8%AD%D8%B1%D8%A7%D8%B2-%D9%87%D8%AF%D9%81-%D8%A7%D9%84%D8%AA%D9%82%D8%AF%D9%85/7264396,youm7.com,"سادت حالة من الفرحة الجنونية بمركز شباب
محمد صلاح
، بقرية نجريج مركز بسيون بمحافظة الغربية، بعد احراز عمر مرموش هدا التقدم الأول لمنتخبنا الوطني، في أول دقائق من اللقاء الذي يجمع المنتخب الوطني أمام منتخب كوت ديفوار في ربع نهائي أمم أفريقيا.
واحتفل أهالي قرية محمد صلاح بالتصفيق والتهليل بعد إحراز هدف التقدم، وسط حالة من الحماس بالأداء الجيد للمنتخب على أجواء اللقاء.",2026-01-11
السعودية وفلسطين تبحثان مستجدات الأوضاع في غزة,https://www.youm7.com/story/2026/1/11/%D8%A7%D9%84%D8%B3%D8%B9%D9%88%D8%AF%D9%8A%D8%A9-%D9%88%D9%81%D9%84%D8%B3%D8%B7%D9%8A%D9%86-%D8%AA%D8%A8%D8%AD%D8%AB%D8%A7%D9%86-%D9%85%D8%B3%D8%AA%D8%AC%D8%AF%D8%A7%D8%AA-%D8%A7%D9%84%D8%A3%D9%88%D8%B6%D8%A7%D8%B9-%D9%81%D9%8A-%D8%BA%D8%B2%D8%A9/7264468,youm7.com,"بحث نائب
وزير الخارجية السعودي
المهندس وليد بن عبدالكريم الخريجي، السبت، مع وزيرة الخارجية والمغتربين في دولة فلسطين الدكتورة فارسين أغابكيان شاهين، مستجدات الأوضاع في قطاع
غزة
، والجهود المبذولة بشأنها.
وذكرت وكالة الأنباء السعودية أن الجانبين -خلال لقاء على هامش الاجتماع الاستثنائي لوزراء خارجية الدول الأعضاء في منظمة التعاون الإسلامي حول الوضع في الصومال المنعقد في جدة- العلاقات الثنائية.",2026-01-11
عاهل المغرب يصدر عفوا عن 1386 شخصا بمناسبة ذكرى تقديم وثقية المطالبة بالاستقلال,https://www.youm7.com/story/2026/1/10/%D8%B9%D8%A7%D9%87%D9%84-%D8%A7%D9%84%D9%85%D8%BA%D8%B1%D8%A8-%D9%8A%D8%B5%D8%AF%D8%B1-%D8%B9%D9%81%D9%88%D8%A7-%D8%B9%D9%86-1386-%D8%B4%D8%AE%D8%B5%D8%A7-%D8%A8%D9%85%D9%86%D8%A7%D8%B3%D8%A8%D8%A9-%D8%B0%D9%83%D8%B1%D9%89-%D8%AA%D9%82%D8%AF%D9%8A%D9%85/7264464,youm7.com,"أصدر
العاهل المغربي الملك محمد السادس
عفوا عن 1386 شخصا، منھم المعتقلون ومنھم الموجودون في حالة سراح، المحكوم علیھم من طرف مختلف محاكم المملكة المغربية، وذلك بمناسبة ذكرى تقديم وثيقة المطالبة بالاستقلال.
وأفاد بيان لوزارة العدل المغربية بأنه: ""بمناسبة ذكرى 11 يناير أصدر العاهل المغربي الملك محمد السادس أمرا بالعفو عن مجموعة من الأشخاص، منهم المعتقلين ومنهم الموجودين في حالة سراح، المحكوم عليهم من طرف مختلف محاكم المملكة المغربية وعددهم 1371 شخصا"".
واستفاد من العفو الملكي من الموجودين في حالة اعتقال 1157 نزيلا حيث تم العفو عما تبقى من عقوبة الحبس أو السجن لـ23 نزيلا.. كما تم التخفيض من عقوبة الحبس أو السجن لـ 1133 نزيلا.. وتم تحويل السجن المؤبد إلى السجن المحدد لنزيل واحد.
وأضاف البيان أن المستفيدين من العفو الملكي الموجودون في حالة سراح 214 شخصا، حيث تم العفو من العقوبة الحبسية أو مما تبقى منها لـ 69 شخصا.. كما تم العفو عن العقوبة الحبسية مع إبقاء الغرامة لـ9 أشخاص.. وتم العفو عن الغرامة لـ124 شخصا، العفو من عقوبتي الحبس والغرامة لـ11 شخصا.. كما جرى العفو من الغرامة ومما تبقى من العقوبة الحبسية لشخص واحد.
وأبرز البيان أن العاهل المغربي أصدر عفوا عن مجموعة من المحكومين في قضايا التطرف والإرهاب، بعدما أعلنوا بشكل رسمي تشبثهم بثوابت الأمة ومقدساتها وبالمؤسسات الوطنية المغربية، وبعد مراجعة مواقفهم وتوجهاتهم الفكرية، ونبذهم للتطرف والإرهاب وعددهم 15 نزيلا حيث تم العفو مما تبقى من العقوبة السالبة للحرية لـ 9 نزلاء.. والتخفيض من العقوبة السالبة للحرية لـ 6 نزلاء.",2026-01-11
قطر اعتراف الاحتلال بإقليم أرض الصومال استمرارية لانتهاكاته حقوق الفلسطينيين,https://www.youm7.com/story/2026/1/10/%D9%82%D8%B7%D8%B1-%D8%A7%D8%B9%D8%AA%D8%B1%D8%A7%D9%81-%D8%A7%D9%84%D8%A7%D8%AD%D8%AA%D9%84%D8%A7%D9%84-%D8%A8%D8%A5%D9%82%D9%84%D9%8A%D9%85-%D8%A3%D8%B1%D8%B6-%D8%A7%D9%84%D8%B5%D9%88%D9%85%D8%A7%D9%84-%D8%A7%D8%B3%D8%AA%D9%85%D8%B1%D8%A7%D8%B1%D9%8A%D8%A9-%D9%84%D8%A7%D9%86%D8%AA%D9%87%D8%A7%D9%83%D8%A7%D8%AA%D9%87-%D8%AD%D9%82%D9%88%D9%82-%D8%A7%D9%84%D9%81%D9%84%D8%B3%D8%B7%D9%8A%D9%86%D9%8A%D9%8A%D9%86/7264452,youm7.com,"أكد سلطان بن سعد المريخي، وزير الدولة للشؤون الخارجية القطري، أن الاعتراف من قبل سلطات الاحتلال الإسرائيلي ب
إقليم أرض الصومال
يأتي استمرارا لسلسلة من الأعمال التي تنتهك حقوق الشعب الفلسطيني، وامتداداً إلى دول المنطقة، محذرا من أن هذه الممارسات لن تؤدي إلا إلى تداعيات خطيرة على الأمن الإقليمي والدولي.
جاء ذلك خلال مشاركة قطر في الاجتماع الاستثنائي لمجلس وزراء خارجية الدول الأعضاء ب
منظمة التعاون الإسلامي
، لمناقشة تداعيات الأوضاع في الصومال الفيدرالية، الذي عقد اليوم في مدينة جدة بالمملكة العربية السعودية.
ولفت الوزير القطري، في كلمة بلاده أمام الاجتماع، إلى انعقاده في وقت بالغ الحساسية، في ظل تطورات متسارعة تفرض على الدول الأعضاء بالمنظمة مسؤولية جماعية في الدفاع عن مبادئ السيادة واحترام القانون الدولي، وصون الأمن والاستقرار في المنطقة ومنطقة القرن الإفريقي والبحر الأحمر.
وجدد إدانة دولة قطر الشديدة لاعتراف إسرائيل بإقليم ""أرض الصومال"" الكائن في جمهورية الصومال الفيدرالية كدولة مستقلة، لكونه إجراءً أحاديا يتنافى مع مبادئ القانون الدولي ويشكل مساساً بسيادة جمهورية الصومال الفيدرالية ووحدتها الوطنية وسلامة أراضيها وحدودها المعترف بها دولياً، فضلاً عن كونه سابقة خطيرة تتعارض مع مبادئ القانون الدولي وميثاق الأمم المتحدة وميثاق منظمة التعاون الإسلامي.
وشدد على دعم دولة قطر الكامل لسيادة جمهورية الصومال الفيدرالية، وتمسكها بوحدتها وسلامة أراضيها، ورفضها لأي محاولات تمس هذه الثوابت، وتشديدها على أن إقليم ""أرض الصومال"" جزء لا يتجزأ من جمهورية الصومال الفيدرالية، ولا يتمتع بأي صفة قانونية دولية، وأن أي محاولة للاعتراف بانفصاله باطلة ولاغية بموجب أحكام القانون الدولي وهو ما يتفق مع مخرجات القمة الإسلامية الخامسة عشْرة في بانجول العام قبل الماضي التي دعت إلى رفض أي انتهاك لسيادة الصومال ودعم الحقوق السيادية لجمهورية الصومال الفيدرالية على كامل أراضيها ومجالها الجوي ومياهها الإقليمية.
وأكد أن دولة قطر تدعم مؤسسات الدولة الصومالية الشرعية، وتحرص على الحفاظ على أمن الصومال واستقراره، وصون مصالح شعبه الشقيق، مشيرا في هذا الصدد إلى أن دولة قطر بذلت جهودا مستمرة للاضطلاع بدور محوري في دعم السلام والأمن والاستقرار والتنمية في الصومال، بما في ذلك تقديم الدعم التنموي في مجالات كالصحة والتعليم والتمكين الاقتصادي، إضافة إلى الاستجابة للاحتياجات الإغاثية الطارئة، وغير ذلك من أشكال الدعم، فضلا عن استمرارها في تطوير العلاقات الدبلوماسية مع جمهورية الصومال الفيدرالية بما يخدم المصالح والأهداف والتطلعات المشتركة.
كما جدد وزير الدولة للشؤون الخارجية القطري، وقوف دولة قطر مع الصومال وحكومته في رفض أيّ إجراءات من شأنها الإخلال بوحدة الصومال، وسلامته الإقليمية، وسيادته على كامل أراضيه، كما جدد دعوة دولة قطر لتضافر الجهود الدولية للحفاظ على الأمن والاستقرار في منطقة القرن الإفريقي.
كما أكد وزير الدولة للشؤون الخارجية القطري، رفض دولة قطر القاطع لأي محاولة للربط بين هذا الإجراء وأيّ مخطّطات لتهجير الشعب الفلسطيني خارج أرضه، مجددا التأكيد على موقف دولة قطر الثابت والدائم في دعم القضية الفلسطينية وصمود الشعب الفلسطيني، المستند إلى قرارات الشرعية الدولية وحل الدولتين، بما يضمن إقامة الدولة الفلسطينية المستقلة على حدود عام 1967، وعاصمتها القدس الشرقية.",2026-01-11
إعلام عبرى جيش الاحتلال يطلق النار على فلسطينى مشتبه بمحاولة دهس جنود,https://www.youm7.com/story/2026/1/10/%D8%A5%D8%B9%D9%84%D8%A7%D9%85-%D8%B9%D8%A8%D8%B1%D9%89-%D8%AC%D9%8A%D8%B4-%D8%A7%D9%84%D8%A7%D8%AD%D8%AA%D9%84%D8%A7%D9%84-%D9%8A%D8%B7%D9%84%D9%82-%D8%A7%D9%84%D9%86%D8%A7%D8%B1-%D8%B9%D9%84%D9%89-%D9%81%D9%84%D8%B3%D8%B7%D9%8A%D9%86%D9%89-%D9%85%D8%B4%D8%AA%D8%A8%D9%87-%D8%A8%D9%85%D8%AD%D8%A7%D9%88%D9%84%D8%A9/7264438,youm7.com,"أفاد جيش الاحتلال الإسرائيلى، اليوم، بتلقيه بلاغ أولي عن محاولة دهس جنود في منطقة
الخليل
، مؤكداً أنه يجري التحقيق في الحادث، وأوضحت إذاعة الجيش الإسرائيلى أن القوات أطلقت النار على فلسطينى مشتبه بمحاولة دهس الجنود، دون تسجيل أى إصابات بين صفوف الجنود الإسرائيليين.
وأفادت وسائل إعلام فلسطينية بأن إطلاق النار وقع في منطقة خلة حاضور بالخليل جنوبي الضفة الغربية، في إطار متابعة القوات الإسرائيلية للحادث المشتبه به.",2026-01-11
الأونروا أطفال غزة يعيشون أوضاعا مزرية في ظل قيود إسرائيل على دخول المساعدات,https://www.youm7.com/story/2026/1/10/%D8%A7%D9%84%D8%A3%D9%88%D9%86%D8%B1%D9%88%D8%A7-%D8%A3%D8%B7%D9%81%D8%A7%D9%84-%D8%BA%D8%B2%D8%A9-%D9%8A%D8%B9%D9%8A%D8%B4%D9%88%D9%86-%D8%A3%D9%88%D8%B6%D8%A7%D8%B9%D8%A7-%D9%85%D8%B2%D8%B1%D9%8A%D8%A9-%D9%81%D9%8A-%D8%B8%D9%84-%D9%82%D9%8A%D9%88%D8%AF-%D8%A5%D8%B3%D8%B1%D8%A7%D8%A6%D9%8A%D9%84/7264395,youm7.com,"أكدت وكالة الأمم المتحدة لغوث وتشغيل اللاجئين الفلسطينيين (
الأونروا
)، أن الأطفال في قطاع غزة ما يزالون يعيشون ظروفا مزرية في ظل القيود التي تفرضها قوات الاحتلال الإسرائيلي على دخول المساعدات الإنسانية.
وأشارت
الأونروا
- في منشور عبر حسابها الرسمي على منصات التواصل الاجتماعي ""إكس""، اليوم /السبت/، وفقا لوكالة الأنباء الفلسطينية (وفا) - إلى أن الأطفال في قطاع غزة ينبغي أن يشعروا بالدفء والتغذية الجيدة والأمان الكافي للتطلع إلى مستقبلهم، مؤكدة حاجتهم الملحة إلى المساعدات الإنسانية العالقة خارج القطاع بسبب القيود التي يفرضها الاحتلال الإسرائيلي.
وأكدت ""الأونروا"" مواصلة عملها، واستعدادها لتوسيع نطاق مساعداتها، مشددة على ضرورة رفع جميع القيود المفروضة على المساعدات بشكل فوري.
من ناحية أخرى، اقتحمت قوات الاحتلال، مساء اليوم، بلدة ترمسعيا شمال رام الله.
وأفادت مصادر محلية بأن قوات الاحتلال اقتحمت ترمسعيا، وسيرت آلياتها العسكرية في شوارعها، دون أن يبلغ عن اعتقالات.
وذكرت المصادر أن قوات الاحتلال أغلقت مدخل البلدة خلال انسحابها، ومنعت مركبات المواطنين من المرور، ما تسبب بأزمة مرورية خانقة.
وفي بيت لحم، نصبت قوات الاحتلال الإسرائيلي حاجزين عسكريين في المحافظة.
وقال مصدر أمني إن قوات الاحتلال نصبت حاجزين عسكريين على مدخل عش غراب شرقا، ومدخل عقبة حسنة غربا، وفتشوا مركبات المواطنين ودققوا في هوياتهم، ما تسبب بعرقلة حركة المواطنين.",2026-01-11
تراجع احتياطيات النقد الأجنبي الهندي بـ980 مليار دولار ليصل لـ68680 مليارا,https://www.youm7.com/story/2026/1/11/%D8%AA%D8%B1%D8%A7%D8%AC%D8%B9-%D8%A7%D8%AD%D8%AA%D9%8A%D8%A7%D8%B7%D9%8A%D8%A7%D8%AA-%D8%A7%D9%84%D9%86%D9%82%D8%AF-%D8%A7%D9%84%D8%A3%D8%AC%D9%86%D8%A8%D9%8A-%D8%A7%D9%84%D9%87%D9%86%D8%AF%D9%8A-%D8%A8%D9%809-80-%D9%85%D9%84%D9%8A%D8%A7%D8%B1-%D8%AF%D9%88%D9%84%D8%A7%D8%B1-%D9%84%D9%8A%D8%B5%D9%84/7264470,youm7.com,"قال
بنك الاحتياطي الهندي
إن احتياطيات الهند من النقد الأجنبي بالكامل تراجعت بمقدار 9.809 مليار دولار لتصل إلى 686.801 مليار دولار في الأسبوع المنتهي في 2 يناير الجاري.
وأوضح البنك - في بيان أوردته صحيفة ""ذا هندو"" الهندية في نسختها باللغة الإنجليزية - أن التراجع جاء بعد أن سجلت احتياطيات البلاد ارتفاعاً في الأسبوع السابق بقيمة 3.293 مليار دولار لتبلغ 696.61 مليار دولار.
وأظهرت بيانات البنك المركزي أنه في الأسبوع المنتهي في 2 يناير، انخفضت الأصول من العملات الأجنبية، وهي المكون الرئيسي للاحتياطيات، بمقدار 7.622 مليار دولار لتسجل 551.99 مليار دولار.
كما تراجعت قيمة احتياطيات الذهب بمقدار 2.058 مليار دولار لتصل إلى 111.262 مليار دولار خلال الأسبوع، بحسب البنك المركزي.
وفي السياق ذاته، تراجع رصيد الهند الاحتياطي لدى
صندوق النقد الدولي
بمقدار 105 ملايين دولار ليصل إلى 4.771 مليار دولار خلال أسبوع التقرير، وفقاً لبيانات البنك المركزي.",2026-01-11
حرائق الغابات في أستراليا تدمر منازل وتقطع الكهرباء عن عشرات الآلاف,https://www.youm7.com/story/2026/1/10/%D8%AD%D8%B1%D8%A7%D8%A6%D9%82-%D8%A7%D9%84%D8%BA%D8%A7%D8%A8%D8%A7%D8%AA-%D9%81%D9%8A-%D8%A3%D8%B3%D8%AA%D8%B1%D8%A7%D9%84%D9%8A%D8%A7-%D8%AA%D8%AF%D9%85%D9%91%D8%B1-%D9%85%D9%86%D8%A7%D8%B2%D9%84-%D9%88%D8%AA%D9%82%D8%B7%D8%B9-%D8%A7%D9%84%D9%83%D9%87%D8%B1%D8%A8%D8%A7%D8%A1-%D8%B9%D9%86-%D8%B9%D8%B4%D8%B1%D8%A7%D8%AA/7264455,youm7.com,"تشهد
ولاية فيكتوريا الأسترالية
حرائق غابات واسعة النطاق أدّت إلى تدمير عشرات المنازل والمنشآت، وقطع الكهرباء عن نحو 38 ألف منزل ومنشأة، إضافة إلى احتراق أكثر من 300 ألف هكتار من الأراضي الحرجية.
وما تزال عدة
حرائق
كبرى مشتعلة، وسط موجة حر شديدة تضرب جنوب شرق البلاد، وفقا لشبكة ""تشانل نيوز آشيا"".
وتعمل آلاف فرق الإطفاء على احتواء النيران في وقت أعلنت فيه السلطات مناطق واسعة مناطق كوارث، مع تنفيذ عمليات إجلاء لعشرات التجمعات السكنية وإغلاق متنزهات ومخيمات. وحذرت الحكومة مما وصفته بطقس ""شديد الخطورة""، معتبرة الحرائق الأسوأ في الولاية منذ حرائق ""الصيف الأسود"" التي اندلعت خلال عامي 2019–2020.",2026-01-11
مهرجان صيد السمك على نهر متجمد فى كوريا الجنوبية يجذب آلاف الزوار صورة,https://www.youm7.com/story/2026/1/10/%D9%85%D9%87%D8%B1%D8%AC%D8%A7%D9%86-%D8%B5%D9%8A%D8%AF-%D8%A7%D9%84%D8%B3%D9%85%D9%83-%D8%B9%D9%84%D9%89-%D9%86%D9%87%D8%B1-%D9%85%D8%AA%D8%AC%D9%85%D8%AF-%D9%81%D9%89-%D9%83%D9%88%D8%B1%D9%8A%D8%A7-%D8%A7%D9%84%D8%AC%D9%86%D9%88%D8%A8%D9%8A%D8%A9-%D9%8A%D8%AC%D8%B0%D8%A8/7264400,youm7.com,"تجمع آلاف الأشخاص فوق نهر متجمد فى
كوريا الجنوبية
للمشاركة فى مهرجان هواشيون سانتشونيو السنوى للثلوج والجليد، حيث يأمل المشاركون فى صيد نوع من السمك المحلى المعروف باسم سانتشونيو، أو سمك السلمون الجبلى.
ويُعد مهرجان هواشيون سانتشونيو من أبرز الفعاليات الشتوية فى كوريا الجنوبية، حيث يتيح للزوار ممارسة نشاطات صيد السمك على الجليد، إضافة إلى الألعاب والأنشطة التقليدية المرتبطة بالثلوج، ويجذب المهرجان كل عام آلاف السياح المحليين والأجانب، الذين يستمتعون بالأجواء الشتوية والتجارب الفريدة لصيد سمك السانتشونيو، ما يعزز النشاط السياحي في المنطقة ويتيح تجربة ممتعة لعشاق الطبيعة والأنشطة الشتوية.",2026-01-11
زيلينسكي محادثات مع واشنطن حول اتفاق تجارة حرة مقابل ضمانات أمنية واضحة لأوكرانيا,https://www.youm7.com/story/2026/1/10/%D8%B2%D9%8A%D9%84%D9%8A%D9%86%D8%B3%D9%83%D9%8A-%D9%85%D8%AD%D8%A7%D8%AF%D8%AB%D8%A7%D8%AA-%D9%85%D8%B9-%D9%88%D8%A7%D8%B4%D9%86%D8%B7%D9%86-%D8%AD%D9%88%D9%84-%D8%A7%D8%AA%D9%81%D8%A7%D9%82-%D8%AA%D8%AC%D8%A7%D8%B1%D8%A9-%D8%AD%D8%B1%D8%A9-%D9%85%D9%82%D8%A7%D8%A8%D9%84-%D8%B6%D9%85%D8%A7%D9%86%D8%A7%D8%AA/7264399,youm7.com,"قال
الرئيس الأوكراني فولوديمير زيلينسكي
إن كييف تجري محادثات مع الولايات المتحدة بشأن اتفاق محتمل للتجارة الحرة، في مسعى لإقناع واشنطن المتحفظة بتقديم ضمانات أمنية ثابتة لأوكرانيا.
وأوضح
زيلينسكي
، في مقابلة صحفية نقلتها مجلة بولتيكو الأوروبية، أن الاتفاق سيشمل تجارة دون رسوم جمركية مع الولايات المتحدة، وسيمنح أوكرانيا «أوراقاً قوية للغاية».
وأضاف أنه لم يناقش الفكرة بعد بشكل مباشر مع الرئيس الأميركي دونالد ترامب، لكنه يتوقع لقاءه إما في الولايات المتحدة أو على هامش منتدى دافوس في سويسرا الذي ينطلق في 19 يناير.
وتأتي احتمالات التوصل إلى اتفاق تجاري في وقت تكثف فيه الأطراف المعنية جهودها للبحث بجدية في سبل إنهاء الحرب في أوكرانيا وضمان السلام مستقبلاً.
وكانت أوروبا والولايات المتحدة قد قدمتا في باريس، في وقت سابق من هذا الأسبوع، خطة مفصلة لدعم أوكرانيا، تضمنت ضمانات أمنية بدعم أميركي وتعهداً بنشر قوات بريطانية وفرنسية بعد التوصل إلى وقف لإطلاق النار. إلا أن واشنطن لم توافق على الانضمام إلى قوة متعددة الجنسيات في أوكرانيا، ما أثار تساؤلات بشأن مستوى التزامها. ويرى مراقبون أن عرض اتفاق تجارة حرة قد يشكل حافزاً إضافياً للولايات المتحدة للاستمرار في حماية أوكرانيا بعد انتهاء الحرب.
وأكد زيلينسكي أنه يسعى إلى التزامات محددة من واشنطن، قائلاً: «لا أريد أن ينتهي الأمر بوعود عامة بالرد فقط. أريد شيئاً أكثر ملموسية».
كما أشار إلى أن كبير مفاوضيه، رستم عمروف، أجرى يوم الجمعة اتصالاً مع المبعوثين الخاصين لترامب، ستيف ويتكوف وجاريد كوشنر، لافتاً إلى أن ممثلين عن الولايات المتحدة تواصلوا مؤخراً مع روسيا «ضمن صيغة ما». وأضاف أن أوكرانيا قدمت وجهة نظرها بشأن المقترحات الإقليمية، على أن ينقل الجانب الأميركي هذه المواقف إلى روسيا للحصول على ردها.
وكشف زيلينسكي أن بلاده تدرس أيضاً خطة اقترحتها الولايات المتحدة لإنشاء منطقة عازلة بين الطرفين بعد انسحاب القوات، واصفاً الصيغة بأنها «صعبة لكنها عادلة».
وفي السياق نفسه، قال زيلينسكي إنه لا يعارض إجراء قادة أوروبيين محادثات مع روسيا، مشيراً إلى أن رئيسة الوزراء الإيطالية جورجيا ميلوني انضمت يوم الجمعة إلى الرئيس الفرنسي إيمانويل ماكرون في الدعوة إلى الحوار مع موسكو.",2026-01-11
نائب رئيس مجلس الأمن الروسي يؤكد معارضة بلاده أي وجود عسكري غربي في أوكرانيا,https://www.youm7.com/story/2026/1/10/%D9%86%D8%A7%D8%A6%D8%A8-%D8%B1%D8%A6%D9%8A%D8%B3-%D9%85%D8%AC%D9%84%D8%B3-%D8%A7%D9%84%D8%A3%D9%85%D9%86-%D8%A7%D9%84%D8%B1%D9%88%D8%B3%D9%8A-%D9%8A%D8%A4%D9%83%D8%AF-%D9%85%D8%B9%D8%A7%D8%B1%D8%B6%D8%A9-%D8%A8%D9%84%D8%A7%D8%AF%D9%87-%D8%A3%D9%8A-%D9%88%D8%AC%D9%88%D8%AF/7264369,youm7.com,"أكد نائب رئيس
مجلس الأمن الروسي
، ديمتري ميدفيديف، أن نشر أي قوة عسكرية في أوكرانيا، سواء من قبل دول أوروبية منفردة أو حلف شمال الأطلسي (
الناتو
) ككل، أمر غير مقبول لدى موسكو.
وكتب ميدفيديف، عبر حسابه على منصة ""إكس"" :""روسيا لن تقبل بأي قوات أوروبية أو تابعة للناتو في أوكرانيا""، وأرفق تصريحاته بمقطع فيديو لضربة صاروخية من طراز ""أوريشنيك"" استهدفت البنية التحتية الحيوية في أوكرانيا.. حسبما ذكرت وكالة أنباء /تاس/ الروسية.
وأضاف: ""حسنا، هذا ما ستحصلون عليه""، مرفقا مقطع الفيديو للضربة.",2026-01-11
عندما يعيد المرمم صياغة التاريخ القناع الذهبى للملك بسوسنس الأول يتألق,https://www.youm7.com/story/2026/1/11/%D8%B9%D9%86%D8%AF%D9%85%D8%A7-%D9%8A%D8%B9%D9%8A%D8%AF-%D8%A7%D9%84%D9%85%D8%B1%D9%85%D9%85-%D8%B5%D9%8A%D8%A7%D8%BA%D8%A9-%D8%A7%D9%84%D8%AA%D8%A7%D8%B1%D9%8A%D8%AE-%D8%A7%D9%84%D9%82%D9%86%D8%A7%D8%B9-%D8%A7%D9%84%D8%B0%D9%87%D8%A8%D9%89-%D9%84%D9%84%D9%85%D9%84%D9%83-%D8%A8%D8%B3%D9%88%D8%B3%D9%86%D8%B3-%D8%A7%D9%84%D8%A3%D9%88%D9%84/7263866,youm7.com,"يعرض
المتحف المصري
بالقاهرة
القناع الذهبي
للملك
بسوسنس الأول
بعد الانتهاء من برنامج علمي متكامل للفحص والترميم والعرض المتحفي له، نفذه فريق الترميم وصيانة الآثار بالمتحف وفقًا لأحدث المعايير العلمية الدولية.
وجاءت إعادة عرض القناع بعد سلسلة من الإجراءات الدقيقة، شملت الفحص والتحليل باستخدام تقنيات غير متلفة لدراسة خامات الذهب والتطعيمات النادرة، إلى جانب أعمال التنظيف والترميم التي هدفت إلى استعادة المظهر الجمالي للأثر دون المساس بأصالته التاريخية.
شمل المشروع أيضاً ترميم التابوت الفضي للملك بسوسنس الأول، وهو من أندر القطع الأثرية نظرًا لقيمة الفضة في عصره، حيث نُفذت أعمال الترميم بالتعاون بين فريق المتحف المصري ومرممين فرنسيين، مع الالتزام الكامل بمبادئ الحفظ والصيانة الوقائية. وتزامن ذلك مع تطوير قاعة العرض المتحفي، التي تضم مجموعة «روائع تانيس» من حُلي وتمائم ملكية، جرى تثبيتها بأساليب علمية تضمن أعلى درجات الحماية، داخل القاعة التاريخية التي احتضنت كنوز الملك توت عنخ آمون قديمًا لما يقرب من قرن من الزمان.
اكتُشفت مقبرة الملك بسوسنس الأول خلال الحرب العالمية الثانية في ظروف حالت دون إبراز أهميتها عالميًا آنذاك، وتأتي هذه الجهود اليوم لتعيد لهذا الملك مكانته المستحقة بين عظماء ملوك مصر القديمة.",2026-01-11
توماس باين ينشر كتاب الفطرة السليمة فى مثل هذا اليوم عام 1776م,https://www.youm7.com/story/2026/1/10/%D8%AA%D9%88%D9%85%D8%A7%D8%B3-%D8%A8%D8%A7%D9%8A%D9%86-%D9%8A%D9%86%D8%B4%D8%B1-%D9%83%D8%AA%D8%A7%D8%A8-%D8%A7%D9%84%D9%81%D8%B7%D8%B1%D8%A9-%D8%A7%D9%84%D8%B3%D9%84%D9%8A%D9%85%D8%A9-%D9%81%D9%89-%D9%85%D8%AB%D9%84-%D9%87%D8%B0%D8%A7-%D8%A7%D9%84%D9%8A%D9%88%D9%85/7263617,youm7.com,"في العاشر من يناير عام 1776، نشر الكاتب توماس باين كتيبه ""
الفطرة السليمة""
، عارضًا فيه حججه المؤيدة لاستقلال
أمريكا،
ورغم قلة استخدام الكتيبات اليوم، إلا أنها كانت وسيلة مهمة لنشر الأفكار خلال القرون من السادس عشر إلى التاسع عشر.
نشرت في الأصل دون ذكر اسم المؤلف، ودعت ""الفطرة السليمة"" إلى استقلال
المستعمرات الأمريكية
عن بريطانيا، وتعتبر من أكثر الكتيبات تأثيرًا في التاريخ الأمريكي.
ويُنسب إليها الفضل في توحيد المواطنين العاديين والقادة السياسيين حول فكرة الاستقلال، ولعبت ""الفطرة السليمة"" دورًا بارزًا في تحويل نزاع استعماري إلى الثورة الأمريكية ، جاء ذلك بحسب ما ذكر موقع هيستورى.
عندما كتب باين كتابه ""الفطرة السليمة""، كان معظم المستوطنين يعتبرون أنفسهم بريطانيين مظلومين.
وقد غير باين جوهر جدال المستوطنين مع التاج البريطاني حين كتب ما يلي: ""أوروبا، لا إنجلترا، هي الموطن الأصلي لأمريكا، لقد كان هذا العالم الجديد ملاذًا للمضطهدين من محبي الحرية المدنية والدينية من كل أنحاء أوروبا، لقد لجأوا إليه، لا هربًا من حضن الأم الحنون، بل من قسوة الوحش؛ وينطبق هذا إلى حد كبير على إنجلترا، حيث لا يزال الطغيان نفسه الذي دفع المهاجرين الأوائل إلى مغادرة ديارهم يطارد أحفادهم حتى اليوم.""
ولد باين في إنجلترا عام 1737، وعمل في صناعة المشدات في مراهقته، ثم بحارًا ومعلمًا قبل أن يصبح كاتبًا بارزًا للمنشورات.
في عام 1774، وصل باين إلى فيلادلفيا وسرعان ما انضم إلى صفوف مؤيدي استقلال أمريكا، بعد عامين، بيع من منشوره المؤلف من 47 صفحة حوالي 500 ألف نسخة، مما أثر بشكل كبير على الرأي العام الأمريكي.
انضم باين إلى الجيش الأمريكي وعمل في لجنة الشؤون الخارجية قبل عودته إلى أوروبا عام 1787.
لدى عودته إلى إنجلترا، واصل كتابة المنشورات الداعمة للثورة. أصدر كتابه ""حقوق الإنسان""، مؤيدًا الثورة الفرنسية في الفترة 1791-1792، ردًا على كتاب إدموند بيرك الشهير ""تأملات في الثورة الفرنسية"" (1790).
لم تلقَ آراؤه استحسانًا لدى الحكومة البريطانية التي كانت لا تزال تحت الحكم الملكي، فهرب إلى فرنسا، حيث اعتقل لاحقًا بسبب آرائه السياسية. عاد إلى الولايات المتحدة عام 1802 وتوفي في نيويورك عام 1809.",2026-01-11
هل أسلم معاوية بن أبى سفيان قبل فتح مكة,https://www.youm7.com/story/2026/1/10/%D9%87%D9%84-%D8%A3%D8%B3%D9%84%D9%85-%D9%85%D8%B9%D8%A7%D9%88%D9%8A%D8%A9-%D8%A8%D9%86-%D8%A3%D8%A8%D9%89-%D8%B3%D9%81%D9%8A%D8%A7%D9%86-%D9%82%D8%A8%D9%84-%D9%81%D8%AA%D8%AD-%D9%85%D9%83%D8%A9/7263907,youm7.com,"تحل اليوم ذكرى
فتح مكة
بالتاريخ الميلادي وهي الذكرى التي تؤرخ لحدث مهم في
التاريخ الإسلامي
بل ويمكن اعتباره حجر زاوية فقد فتح النبى صلى الله عليه وسلم مكة ليوحد الكل تحت راية الإسلام حتى أبو سفيان بن حرب فهل أسلم
معاوية ابن أبي سفيان
يوم الفتح أم قبله؟
قيل : إنه أسلم قبل أبيه وقت عمرة القضاء ، وبقي يخاف من اللحاق بالنبي - صلى الله عليه وسلم - من أبيه ، ولكن ما ظهر إسلامه إلا يوم الفتح .
حدث عن النبي - صلى الله عليه وسلم - وكتب له مرات يسيرة ، وحدث أيضا عن أخته - أم المؤمنين - أم حبيبة ، وعن أبي بكر ، وعمر .
روى عنه : ابن عباس ، وسعيد بن المسيب ، وأبو صالح السمان ، وأبو إدريس الخولاني ، وأبو سلمة بن عبد الرحمن ، وعروة بن الزبير ، وسعيد المقبري ، وخالد بن معدان ، وهمام بن منبه ، وعبد الله بن عامر المقرئ ، والقاسم أبو عبد الرحمن ، وعمير بن هانئ ، وعبادة بن نسي ، وسالم بن عبد الله ، ومحمد بن سيرين ، ووالد عمرو بن شعيب ، وخلق سواهم .
وحدث عنه من الصحابة أيضا : جرير بن عبد الله ، وأبو سعيد ، والنعمان بن بشير ، وابن الزبير .
ذكر ابن أبي الدنيا وغيره : أن معاوية كان طويلا ، أبيض ، جميلا ، إذا ضحك انقلبت شفته العليا . وكان يخضب .
روى سعيد بن عبد العزيز : عن أبي عبد رب : رأيت معاوية يخضب [ ص: 121 ] بالصفرة كأن لحيته الذهب .
قلت : كان ذلك لائقا في الزمان واليوم لو فعل لاستهجن . وروى عبد الجبار بن عمر ، عن الزهري ، عن عمر بن عبد العزيز عن إبراهيم بن عبد الله بن قارظ : سمع معاوية على منبر المدينة يقول : أين فقهاؤكم يا أهل المدينة ؟ سمعت رسول الله - صلى الله عليه وسلم - نهى عن هذه القصة ثم وضعها على رأسه . فلم أر على عروس ولا على غيرها أجمل منها على معاوية .
وعن أبان بن عثمان : كان معاوية وهو غلام يمشي مع أمه هند ، فعثر ، فقالت : قم لا رفعك الله ، وأعرابي ينظر ، فقال : لم تقولين له ؟ فوالله إني لأظنه سيسود قومه ، قالت : لا رفعه إن لم يسد إلا قومه .
قال أسلم مولى عمر : قدم علينا معاوية وهو أبض الناس وأجملهم .
قال مصعب الزبيري : كان معاوية يقول : أسلمت عام القضية .
وعن ابن سعد : حدثنا محمد بن عمر ، حدثني أبو بكر بن أبي سبرة ، عن عمر بن عبد الله العنسي ، قال معاوية : لما كان عام الحديبية ، وصدوا رسول الله - صلى الله عليه وسلم - عن البيت ، وكتبوا بينهم القضية ، وقع الإسلام في قلبي ، فذكرت لأمي ، فقالت : إياك أن تخالف أباك ، فأخفيت إسلامي ، فوالله لقد رحل رسول الله من الحديبية وإني مصدق به ، ودخل مكة عام عمرة القضية وأنا مسلم . وعلم أبو سفيان بإسلامي ، فقال لي يوما : لكن أخوك خير منك وهو على ديني ، فقلت : لم آل نفسي خيرا ، وأظهرت إسلامي يوم الفتح ، فرحب بي النبي - صلى الله عليه وسلم - وكتبت له .
ثم قال الواقدي : وشهد معه حنينا ، فأعطاه من الغنائم مائة من الإبل ، وأربعين أوقية .",2026-01-11
معرض دولى لكتاب الطفل وعودة مكتبة الأسرة مشاريع على خطة وزارة الثقافة,https://www.youm7.com/story/2026/1/10/%D9%85%D8%B9%D8%B1%D8%B6-%D8%AF%D9%88%D9%84%D9%89-%D9%84%D9%83%D8%AA%D8%A7%D8%A8-%D8%A7%D9%84%D8%B7%D9%81%D9%84-%D9%88%D8%B9%D9%88%D8%AF%D8%A9-%D9%85%D9%83%D8%AA%D8%A8%D8%A9-%D8%A7%D9%84%D8%A3%D8%B3%D8%B1%D8%A9-%D9%85%D8%B4%D8%A7%D8%B1%D9%8A%D8%B9-%D8%B9%D9%84%D9%89-%D8%AE%D8%B7%D8%A9/7263301,youm7.com,"في خطوة تهدف إلى بناء وعي أجيال المستقبل، ناقش الدكتور
أحمد فؤاد هنو
، وزير الثقافة، مع فريد زهران، رئيس اتحاد الناشرين المصريين، مقترحًا لتنظيم ورعاية ""معرض دولي متخصص لكتاب الطفل""، ليكون منصة ثقافية ومعرفية تعزز من مهارات القراءة لدى النشء في مواجهة تحديات الوسائط الرقمية.
وكان وزير الثقافة، قد كشف في تصريحات سابقة لـ ""اليوم السابع""، أنه يعمل بالفعل على إطلاق معرض لكتاب الطفل في أرض المعارض القديمة بمدينة نصر، مشيرًا إلى أن ما يساعد على استدامته هم الأشخاص القائمون على الأمر، وكلما كانت هناك فكرة جيدة وقابلية للجذب أكثر، تفرض عليك أن تستمر في تطبيقها.
وأضاف وزير الثقافة، أنه حال نجاح معرض الطفل، لا يوجد مانع من تنظيمه بجميع المحافظات، كما هناك مقترح بأن يكون معرض الطفل فياحد محافظات مصر "" بورسعيد أو الأقصر أو الإسماعيلية أو مرسى مطروح""  على سبيل المثال.
واتفق الجانبنا على أن المعرض المقترح لن يكون مجرد سوق للكتب، بل مشروع متكامل لدعم صناعة نشر كتاب الطفل، وإتاحة محتوى ملائم لمختلف المراحل العمرية، بما يتسق مع توجهات الدولة لترسيخ عادة القراءة منذ الصغر وتوسيع قاعدة القراء.
ولم يقتصر اللقاء على معرض الطفل، بل شمل حزمة من المبادرات الثقافية، أبرزها: إحياء ""مكتبة الأسرة"": تقديم مقترح لإعادة إطلاق المشروع الرائد لإتاحة الكتب بأسعار زهيدة للأسر المصرية، العدالة الثقافية من خلال التوسع في تنظيم معارض الكتاب داخل ""قصور الثقافة"" بجميع المحافظات، لضمان وصول المنتج الثقافي إلى الأقاليم وعدم تمركزه في العاصمة، كذلك النشر المشترك من خلال تدشين مشروعات نشر مشتركة بين اتحاد الناشرين وقطاعات الوزارة (هيئة الكتاب، قصور الثقافة، والمركز القومي للترجمة).
وعلى الصعيد التشريعي، تطرق اللقاء إلى تعديل قانون اتحاد الناشرين وقانون حماية حقوق الملكية الفكرية، مع التركيز على مكافحة تزوير الكتب لتوفير بيئة استثمارية آمنة للناشرين.
واختتم اللقاء بالاتفاق على عقد اجتماع موسع برعاية الوزير يضم رؤساء النقابات الفنية والمهنية، لتعزيز التنسيق المؤسسي لخدمة المشروعات الثقافية الوطنية.",2026-01-11
فتح مكة على أيدى المسلمين عفو النبى عند المقدرة,https://www.youm7.com/story/2026/1/10/%D9%81%D8%AA%D8%AD-%D9%85%D9%83%D8%A9-%D8%B9%D9%84%D9%89-%D8%A3%D9%8A%D8%AF%D9%89-%D8%A7%D9%84%D9%85%D8%B3%D9%84%D9%85%D9%8A%D9%86-%D8%B9%D9%81%D9%88-%D8%A7%D9%84%D9%86%D8%A8%D9%89-%D8%B9%D9%86%D8%AF-%D8%A7%D9%84%D9%85%D9%82%D8%AF%D8%B1%D8%A9/7264106,youm7.com,"تحل اليوم ذكرى
فتح مكة بالتاريخ الميلادي
وقد وقعت في العاشر من يناير عام 630 ميلاديًا، بالعام الثامن من الهجرة، ويعتبر فتح مكة من أهم الأحداث التى وقعت في التاريخ الإسلامي ويسمى فتح مكة في التراث الإسلامى الفتح الأعظم، وقد ظهر خلال ذلك الفتح عفو النبي الكريم محمد صلى الله عليه وسلم على أهل مكة.
حسب ما جاء في كتاب ""ثورة الإسلام وبطل الأنبياء: أبو القاسم محمد بن عبد الله"" من تأليف محمد لطفي جمعة في فصل بعنوان ""فتح مكة"" لننظر ما صنع الرسول بعد فتح مكة والأمن الشامل الذي نشر لواءه؛ فقد ضُربت له قبة في أعلى مكة، وكان قد جاءها من وادٍ قريب عند مر الظهران، فجاء البيت الحرام فطاف به سبعًا طواف القدوم على راحلته يستلم الركن بمحجن في يده، ولما قضى طوافه دعا عثمان بن طلحة فأخذ منه مفتاح الكعبة، ففُتحت له فدخلها فوجد فيها حمامة من عيدان فكسرها بيده ومحا صور الشرك من جدرانها وقال: يا معشر قريش، ما ترون أني فاعل فيكم؟ فقالوا: خيرًا؛ أخٌ كريم، وابنُ أخٍ كريم. قال: اذهبوا فأنتم الطلقاء، فكان العفو الشامل الذي تلا التأمين والتطمين، ورد مفتاح الكعبة لعثمان بن طلحة قائلًا: اليوم يوم بر ووفاء.
أترى قد قنع المكيون؟ كلا! لقد أراد المجرم السخيف فضالة بن عمير بن الملوح الليثي أن يغتال رسول الله وهو يطوف بالبيت في يوم هذا الفتح والعفو، فلما دنا منه قال الرسول: أفضالة؟ قال: نعم؛ فضالة يا رسول الله. قال: ماذا كنت تحدث به نفسك؟ قال: لا شيء؛ كنت أذكر الله عز وجل! فضحك النبي ثم قال: استغفر الله. وقد عصمه الله من يد هذا القاتل الذميم كما عصمه من جميع الناس في الحرب والسلم.
وخاف الأنصار أن محمدًا صلى الله عليه وسلم، يقيم في مكة بعد الفتح وسمع همسهم فقال: معاذ الله! المحيا محياكم والممات مماتكم!
وأذن بلال على الكعبة، وما يزال الأذان ينطلق خمس مرات منذ ألف وثلاثماية وخمسين عامًا.
واستثنى الرسول سبعة عشر من أهل مكة من عفوه العام وأمر بقتلهم وهم: عبد الله بن أبي السماح، الذي أسلم وكتب الوحي ثم ارتد، وزعم أنه كان يزيف الوحي حين يكتبه (وهذا دليل قاطع على أن محمدًا كان أميًّا)، وعبد الله بن خطل الذي أسلم وارتد وقتل مولاه ثم أمر جاريتين بالغناء بهجو النبي، وعكرمة بن أبي جهل وهو من أشد أعداء النبي، وهند آكلة الأكباد، وصفوان بن أمية، والحويرث الذي أغرى على زينب بنت محمد حين رجوعها من مكة إلى المدينة، ورجلين كانا قد أسلما ثم ارتكبا قتلًا في المدينة ثم ارتدا عن الإسلام وفرا إلى مكة، وقينة ابنِ خطل التي كانت تؤذي النبي بغنائها.
ولكن النبي عاد وعفا عن هؤلاء جميعًا ولم يأمر إلا بقتل أربعة منهم، وأراد الرسول أن يؤكد حرمة مكة والبيت الحرام فخطب: يا أيها الناس، إن الله حرَّم مكة يوم خلق السموات والأرض، فهي حرام من حرام من حرام إلى يوم القيامة، لا يحل لامرئ يؤمن بالله واليوم الآخر أن يسفك فيها دمًا أو يعضد فيها شجرًا، لم تحلل لأحد كان قبلي ولا تحل لأحد يكون بعدي، ولم تحلل لي إلا هذه الساعة؛ غضبًا على أهلها ثم رجعت كحرمتها بالأمس. وكانت خزاعة قد عثرت على رجل من هذيل مشرك فقتلوه، فغضب النبي ثم ودى القتيل.
فدهش أهل مكة من عفوه صلى الله عليه وسلم وسماحه ودفاعه عن حرمة مكة، فدخلوا في الإسلام أفواجًا: إِذَا جَاءَ نَصْرُ اللهِ وَالْفَتْحُ * وَرَأَيْتَ النَّاسَ يَدْخُلُونَ فِي دِينِ اللهِ أَفْوَاجًا * فَسَبِّحْ بِحَمْدِ رَبِّكَ وَاسْتَغْفِرْهُ ۚ إِنَّهُ كَانَ تَوَّابًا.
ثم أمر النبي بتحطيم أصنام المنازل، وأحضر أبو بكر أباه الأعمى فأسلم بين يدي الرسول، وأسلمت قريش وبايعته وأقام بمكة أسبوعين، وحدث أن قتل خالد بن الوليد رجالًا من بني خزيمة بعد أن وضعوا سلاحهم، وعلم الرسول بذلك، فرفع يديه إلى السماء وقال: اللهم إني أبرأ إليك مما صنع خالد بن الوليد.
ثم بعث إليهم عليَّ بنَ أبي طالب بالدية والترضية.
ومحا الرسول كل وظائف مكة الجاهلية فيما عدا السدانة وجعلها لعثمان بن طلحة، والسقاية وجعلها لعمه العباس.
ثم أرسل الرسول يجمع الزكاة من القبائل؛ لأن الدولة الناشئة تحتاج إلى المال، فلم يشذ في ذلك إلا قليل خضعوا بعد ذلك.",2026-01-11
فى عيد ميلاد عبد العزيز محمود صوت المرح والفرح الذى أبهج الجمهور,https://www.youm7.com/story/2026/1/11/%D9%81%D9%89-%D8%B9%D9%8A%D8%AF-%D9%85%D9%8A%D9%84%D8%A7%D8%AF-%D8%B9%D8%A8%D8%AF-%D8%A7%D9%84%D8%B9%D8%B2%D9%8A%D8%B2-%D9%85%D8%AD%D9%85%D9%88%D8%AF-%D8%B5%D9%88%D8%AA-%D8%A7%D9%84%D9%85%D8%B1%D8%AD-%D9%88%D8%A7%D9%84%D9%81%D8%B1%D8%AD-%D8%A7%D9%84%D8%B0%D9%89/7263412,youm7.com,"يحل اليوم، الحادي عشر من يناير، ذكرى ميلاد صوتٍ حمل نفحة البحر ومرح الريف، ورفض أن تكبله تقاليد الأسرة أو حدود الجغرافيا. إنه الفنان
عبد العزيز محمود
، الصبي الصعيدي الذي هرب إلى شواطئ بورسعيد، ليكون صوته بعد ذلك أجمل ما تحمله الأمواج عابرًا المحيطات أثناء عمله في الميناء.
في يوم مثل هذا من عام 1914، وُلد صبيٌ في صعيد مصر كان مصيره أن يصبح أحد أبرز الأصوات الشعبية والعاطفية التي تجوب العالم. إنه
عبد العزيز محمود
، الفنان الذي تحوّل إلى نجمٍ يصل صوته إلى إذاعة ""بي بي سي"" في لندن.
واجه الفنان
عبد العزيز محمود
منذ طفولته، عمل في ملاحة السفن في بورسعيد، وبدأ صوته المرح يتردد في حفلات الزفاف والمناسبات الشعبية، لافتًا الأنظار.
وفي منعطف مصيري عام 1937، اكتشفه الملحن مدحت عاصم أثناء زيارة له إلى بورسعيد، وأُعجب بموهبته وشجّعه على احتراف الغناء، وقدّم له أول ألحانه بعنوان ""الصباح الجديد"". ومن هنا، انطلقت رحلة فنية حافلة قدم خلالها سلسلة من الأغاني الناجحة، مثل ""حبيبي وقد قلبي معاه"" من تلحين حسن عبد الوهاب، و""الخصم فداك"" لتلحين يوسف بدروس
وكان أول ظهور إذاعي له في 4 أبريل 1938، حيث غنى أغنية ""يا نخلة بالحك بينجت سمن وصقر""، لتبدأ رحلة شعبية واسعة في الإذاعة المصرية، وصل راتبها في فترة إلى أربعة جنيهات لكل حلقة. وعلى الرغم من خلافه مع الإذاعة حول الراتب عام 1949، إلا أنه ظل يعترف بدورها المحوري في شهرته.
وتجاوزت شهرة عبد العزيز محمود الحدود المصرية، فدعته ذاعة بي بي سي البريطانية إلى لندن لتسجيل مجموعة من المقطوعات الموسيقية الخفيفة وأغانيه ذات الطابع الفرنسي العربي، مثل""لوليتا""، كما ظهر في البرنامج التلفزيوني العالمي الشهير ""العالم في الليل""
ولم يقتصر عطاء الفنان على الغناء، بل خاض تجربة السينما وأظهر مهاراته في أكثر من 25 فيلماً، منها ""عريس الهنا"" و""راوية"" و""النظرة الأولى"". وواجه اتهامات بتبني ألحان من الأفلام الأمريكية، فرد بأن هدفه كان إفادة المستمع وإثراء البيئة الموسيقية عبر مزاوجة الموسيقى الشرقية والغربية، لإبراز جمال الموسيقى العربية.
رحل عبد العزيز محمود في 14 أبريل 1991 إثر أزمة قلبية، تاركًا تاريخا  فنيًا غنيًا بمئات الأغاني والألحان، التي لا تزال تُسمع حتى اليوم، شاهدة على رحلة موهبته من النيل إلى البحر ثم للعالم.",2026-01-11
محمد رمضان يعلن وفاة خاله,https://www.youm7.com/story/2026/1/10/%D9%85%D8%AD%D9%85%D8%AF-%D8%B1%D9%85%D8%B6%D8%A7%D9%86-%D9%8A%D8%B9%D9%84%D9%86-%D9%88%D9%81%D8%A7%D8%A9-%D8%AE%D8%A7%D9%84%D9%87/7264462,youm7.com,"أعلن النجم
محمد رمضان
وفاة خاله، وعلق قائلا على صفحته الخاصة بموقع فيس بوك: إنا لله وإنا إليه راجعون، توفى إلى رحمة الله خالي وصديقي وحبيبي مصطفى أحمد عبد المحسن أسألكم الدعاء لله.
في سياق مختلف ينتظر محمد رمضان طرح أحدث أعماله السينمائية وهو فيلم ""أسد أسود""، بموسم عيد الفطر السينمائى المقبل، ويشاركه في البطولة عدد من فنانى مصر وآخرين من النجوم العالمين، وهو من تأليف شيرين وخالد دياب، وإخراج محمد دياب.",2026-01-11
مهرجان المسرح العربى يفتتح فعاليات دورته الـ16 ويكرم 17 فنانا وخمس جهات مسرحية,https://www.youm7.com/story/2026/1/10/%D9%85%D9%87%D8%B1%D8%AC%D8%A7%D9%86-%D8%A7%D9%84%D9%85%D8%B3%D8%B1%D8%AD-%D8%A7%D9%84%D8%B9%D8%B1%D8%A8%D9%89-%D9%8A%D9%81%D8%AA%D8%AA%D8%AD-%D9%81%D8%B9%D8%A7%D9%84%D9%8A%D8%A7%D8%AA-%D8%AF%D9%88%D8%B1%D8%AA%D9%87-%D8%A7%D9%84%D9%8016-%D9%88%D9%8A%D9%83%D8%B1%D9%85-17-%D9%81%D9%86%D8%A7%D9%86%D8%A7/7264427,youm7.com,"افتتح
مهرجان المسرح العربي
دورته السادسة عشرة بمصر من داخل دار الأوبرا المصرية بالمسرح الكبير، وقدمت الحفل الفنانة رانيا فريد شوقي وأخرجه خالد جلال مستعينا بأوركسترا قيادة المايسترو مصطفى حلمي، الذي قدم أغاني من تراثنا المصري والعربي.
وبدأت المراسم بصعود لجنة التحكيم برئاسة الفنان الكبير كامل الباشا، ثم كلمة اليوم العربي للمسرح التي ألقاها الدكتور سامح مهران وقال فيها: إن المسرح دائمًا هو ابن لعصره، ومن ثم فعلاقته بالسلطة والمعرفة والسياقات الاجتماعية لا شك فيها، فالعملية المسرحية من جانب مهم منها عبارة عن تفكيك للخطابات والمعاني السائدة، وكشف لبني السلطة المنتجة لما نعتبره معرفة.
وأضاف: كذلك يشبه المسرح بالفلسفة، بما أنه فعل نقدي يقاوم المسلمات، ويزعزع البديهيات، فعندما تتمكن الذوات من معرفة نفسها، تستطيع ممارسة حريتها حتى ضمن أي شرط قسري، نحن نعيش في ظروف بالغة التعقيد في عالمنا المعاصر، فقد تم انتزاع الإنسان من محيطه الاجتماعي، وأصبح مستوحدَا أمام تقنيات الاتصال الحديثة، وما تفرضه من عوالم إفتراضيه تؤكد هذا الاستلاب الجماعي، وتفرض أسوارًا عازلة تمنعه من التفاعل الإيجابي من أجل التغيير، كذلك هناك ثورة بيوتكتولوجية في علم الوراثة، والهندسة الجينية، والأدوية العصبية، قد تفضي إلى تجاوز للطبيعة الإنسانية نفسها، وهو ما يهدد المساواة الإنسانية، فالمخاطر لا تكمن في الدمار، بل في التحول التدريجي للإنسان إلى شيء آخر فوق بشري Post Human، مما له آثار جسيمة في تغيير الطبيعة الإنسانية أخلاقيًا واجتماعيًا وسياسيًا، فمثل هذا التحول سيؤدي إلى مجتمعات طبقية بيولوجيًا.
بعد ذلك جاءت كلمة الأمين العام للهيئة العربية للمسرح ومدير المهرجان الكاتب الكبير إسماعيل عبد الله الذي قال فيها: معالي مندوب السيد رئيس الجمهورية راعي الدورة السادسة عشرة من مهرجان المسرح العربي، أ. د. أحمد فؤاد هنو السيدات والسادة أصحاب المعالي والعطوفة والسعادة، أصحاب السمو من سيدات وسادة المسرح العربي من مصر وكافة أقطار وطننا العربي والعالم، سادة المشهد وميزانه جمهور المسرح وعشاقه.
مساؤكم مسرح، مساء يزهو بوجودكم في يوم افتتاح مهرجانكم، الذي يصادف يومكم اليوم العربي للمسرح، وإذا ما كان المسرح إكليل غار يزين هذا المساء، فللمسرح أن يزهو بإكليل آخر يتوج رؤوسنا جميعاً بالفخر واسمه ""مصر"".
اسمحوا لي بداية أن أنقل لكم تحيات رجل كوني الإنسانية، عربي الهوية، مصري الهوى، رجل يتابع بكل الفرح والاهتمام كل ما تنجزون من جمال، إنه سيدي صاحب السمو الشيخ الدكتور سلطان بن محمد القاسمي، عضو الجلس الأعلى لاتحاد الإمارات العربية المتحدة، حاكم الشارقة، الرئيس الأعلى للهيئة العربية للمسرح، الرجل الذي يعتز بزمالتكم ككاتب ومفكر، صاحب رسالة اليوم العالمي للمسرح عام 2007، ورسالة اليوم العربي للمسرح عام 2014، والذي يعتبر اجتماعكم في المهرجان على ارض الكنانة عيداً مسرحياً كبيراً.
وباسمكم عامة وباسم الهيئة العربية للمسرح أن أوجه الشكر العميق لفخامة السيد رئيس الجمهورية عبد الفتاح السيسي لشموله هذه الدورة برعايته الكريمة، وهو الأمر الذي يؤكد أن المسرح قد أخذ مكانه في مؤشرات البناء الجديد والاعتبار المجيد للثقافة والفنون، فمصر التي نراها اليوم، تبعث المجد مجدداً وتتخذ المستقبل مُجدِدَا، ونفخر بأن مهرجاننا بهذه الرعاية صورة من هذه الصور التي يشرق بها عام 2026، وأي بداية للفعل الإبداعي أجمل من مهرجان يزهو بإبداعاتكم وحضوركم وما تمنحونه لسيد الفنون من ألق، فأجمل الأعوام ذلك الذي يبدأ بكم.
وأضاف : كما أنني أجد أن هذه اللحظة مناسبة مهمة لكي أبوح بما تسره نفسي من امتنان وتقدير لفنان أعطى الثقة وتابع بكل احترام وحرص كل صغيرة وكبيرة وناقش واقترح بحس الفنان المسؤول وبحس المسؤول الفنان، شكراً معالي الفنان وزير الثقافة أحمد فؤاد هنو على عطائك وجهودك ودعمك، ومن خلالك لا بد من توجيه الشكر والتقدير لمنسق عام المهرجان الفنان (الشيخ) خالد جلال وكذلك التقدير والامتنان لأعضاء اللجنة التنسيقية من رؤساء القطاعات والهيئات والمؤسسات التابعة للوزارة ومدراء المسارح والعاملين فيها للجهد الكبير الذي بذلوه في الإعداد الجيد، لتكون هذه الدورة في أبهى صورها.
هي الثالثة الثابتة التي تحتضن فيها أم الدنيا هذا المهرجان، احتضنته في أول نسخة عام 2009 وعاد إليها في عمر الحادية عشرة، وها هي تناديه في دورته السادسة عشرة، فعلاقة مصر بمهرجان المسرح العربي والمشاركين فيه علاقة الأم بأبنائها.
بعد ذلك صعد وزير الثقافة المصري الدكتور أحمد فؤاد هنو قائلا: أهلاً بكم على أرض الكنانة، أرض الحضارة والإبداع، حيث صاغ أجدادنا قبل آلاف السنين قصصًا مسرحية خالدة، لتظل صدىً يتردد في وجداننا، ورسالةً عن قوة الكلمة والخيال والفن.
ومن جديد، تفتح القاهرة أبواب مسارحها لتستقبل واحدًا من أبرز الأحداث المسرحية على الأجندة الثقافية العربية، باحتضانها فعاليات الدورة السادسة عشرة من مهرجان المسرح العربي، الذي تنظمه الهيئة العربية للمسرح بالتعاون مع وزارة الثقافة المصرية، تحت رعاية فخامة السيد الرئيس عبد الفتاح السيسي، وبدعم كريم من صاحب السمو الشيخ الدكتور سلطان بن محمد القاسمي.
وأضاف: إن انعقاد هذا المهرجان على أرض مصر يؤكد مكانة القاهرة كعاصمة دائمة للثقافة العربية، وحاضنة للفنون والإبداع، ويجدد الإيمان بدور المسرح بوصفه فنًا حيًا، ومساحة حرة للفكر والتنوير، ومرآة صادقة تعكس قضايا الإنسان العربي وطموحاته وتزامنا مع احتفالاتنا باليوم العربي للمسرح،  تلك المناسبة التي جسّدت عبر سنواتها المتعاقبة قوة المسرح كفن عربي أصيل، قادر على تجاوز حدود الزمان والمكان، وتوحيد مشتركنا الإنساني والثقافي، وجعل اللغة العربية لغة للمشهد والحوار والمعنى، وحاضنة للتنوع والاختلاف الخلّاق.
وتابع: نحن إذ نرحب بضيوف مصر الكرام من الفنانين والنقاد والباحثين والمهتمين بالمسرح، في أكبر نسخة للمهرجان تضم أكثر من سبعمائة مبدع عربي، نؤكد حرص وزارة الثقافة المصرية على دعم الحراك المسرحي العربي وتوفير المناخ الملائم لازدهاره، إيمانًا بأن الفنون، وفي مقدمتها المسرح، ركيزة أساسية في بناء الإنسان وترسيخ قيم الجمال والتسامح والانفتاح.
ونعدكم بنسخة استثنائية امتدّت فعالياتها وورشها إلى عدد من المحافظات، ويعقبها — وللمرة الأولى — ملتقى لفنون الدمى، بما يثري المشهد المسرحي ويفتح له آفاقًا أوسع.
وأخيرًا، أهنئ جميع المسرحيين والمسرحيات المشاركين في هذه الدورة، متمنيًا أن تكون محطة للإبداع والتجديد والتعاون، وأن يعكس المسرح العربي حضوره ومكانته على الساحتين الإقليمية والدولية، ويبعث برسالةً حية عن ثقافة وفنٍ عربي أصيل، نابض بالحياة.
وعقب كلمة الوزير تم تكريم 17 فنانا هم: الفنان محمد صبحي، والفنانة فردوس عبد الحميد، والفنان أحمد بدير، والمخرج ناصر عبد المنعم، والمخرج عصام السيد، ود. أبوالحسن سلام ، والكاتبة فاطمة المعدول، مهندسة الديكور نهى برادة، الفنانة د. سميرة محسن، د. أحمد شيحة، د. أسامة أبو طالب ، د. جلال حافظ، المخرج عباس أحمد، الناقد عبد الرازق حسين، الكاتب بهيج إسماعيل، الناقدة عبلة الرويني، المخرج مراد منير .
كما كرم خمس جهات مسرحية كان وما زال لها أثر كبير في نهضة المسرح المصري وهي: المسرح الكنسي ، الجمعية المصرية لهواة المسرح، ونوادي المسرح بالهيئة العامة لقصور الثقافة، ومركز الإبداع الفني، فرقة الورشة.",2026-01-11
لعبة وقلبت بجد الحلقة 1 ابن أحمد زاهر فى ورطة بسبب نسيانه هاتفه داخل الحمام,https://www.youm7.com/story/2026/1/10/%D9%84%D8%B9%D8%A8%D8%A9-%D9%88%D9%82%D9%84%D8%A8%D8%AA-%D8%A8%D8%AC%D8%AF-%D8%A7%D9%84%D8%AD%D9%84%D9%82%D8%A9-1-%D8%A7%D8%A8%D9%86-%D8%A3%D8%AD%D9%85%D8%AF-%D8%B2%D8%A7%D9%87%D8%B1-%D9%81%D9%89-%D9%88%D8%B1%D8%B7%D8%A9/7264406,youm7.com,"شهدت أحداث الحلقة الأولى من مسلسل «
لعبة وقلبت بجد
» تطورًا دراميًا مشوقًا، بعدما وقع نجل أحمد زاهر في ورطة غير متوقعة بسبب نسيانه هاتفه المحمول داخل الحمّام أثناء استحمام شقيقته، في مشهد حمل قدرًا من التوتر والتشويق.
وجاء الموقف ضمن سياق درامي يعكس حساسية التكنولوجيا في الحياة اليومية، وكيف يمكن لهاتف محمول أن يتحول في لحظة إلى مصدر أزمة داخل الأسرة، خاصة في ظل الاستخدام المكثف للموبايل من قبل الأبناء.
المشهد أثار حالة من القلق داخل الأحداث، وفتح الباب أمام تساؤلات حول ما قد يترتب على هذا الخطأ، وما إذا كان سيؤدي إلى عواقب أكبر، ليزيد من جرعة التشويق ويشد انتباه المشاهدين لما ستكشفه الحلقات المقبلة.
ويُعد مسلسل «لعبة وقلبت بجد» من الأعمال المنتظرة، حيث يقدم أحمد زاهر أداءً مختلفًا، ضمن قصة تواكب قضايا معاصرة تمس الأسرة والمجتمع، خاصة في ظل الانتشار الواسع للألعاب الإلكترونية وتأثيرها المتزايد على الأجيال الجديدة.
مسلسل لعبة وقلبت بجد، بطولة النجم أحمد زاهر على قناة DMC، ويعرض في الساعة السابعة مساء، بالتزامن مع عرضه على منصة WATCH IT الرقمية، وتدور أحداث مسلسل لعبة وقلبت بجد حول الاستقرار الأسري ظاهري وانقلاب الموازين فجأة.
المسلسل يروي قصة شريف وشروق، الزوجين اللذين كانت حياتهما مستقرة إلى أن دخلت الألعاب الإلكترونية في حياة أولادهما، لتقلب كل شيء رأسًا على عقب، الأحداث تسلط الضوء على الإدمان الرقمي وكيف يمكن أن يتحول من مجرد هواية ممتعة إلى تهديد حقيقي للتواصل الأسري والروابط العائلية.
مسلسل لعبة وقلبت بجد ليس مجرد قصة ترفيهية، بل رسالة اجتماعية تحذيرية لكل أسرة: كيف نراقب ونوازن بين التكنولوجيا وحياتنا اليومية، وكيف نحمي أولادنا دون أن نقطع صلتهم بعالمهم الحديث، فبين الإثارة والدراما، يقدم المسلسل فرصة للتفكير في حياتنا الرقمية، وكيف يمكن للتكنولوجيا أن تكون أداة مفيدة إذا ما استخدمناها بحكمة، أو كارثة إذا تركناها تسيطر على عائلاتنا.
مسلسل لعبة وقلبت بجد من إنتاج المتحدة للخدمات الإعلامية عبر شركة united studios، وقصة محمد عبد العزيز، سيناريو وحوار علاء حسن، هبة رجب، هدير شريف، إخراج حاتم متولى في أولى تجاربه الإخراجية وبطولة أحمد زاهر، عمر الشناوي، السورية ريام كفارنة، حجاج عبد العظيم، دنيا المصرى، شريف إدريس، منى أحمد زاهر، زينب يوسف شعبان وعدد آخر من الفنانين.",2026-01-11
لعبة وقلبت بجد الحلقة 1 ابنة أحمد زاهر تلعب روبلوكس ونجله يعانى من مرض السكرى,https://www.youm7.com/story/2026/1/10/%D9%84%D8%B9%D8%A8%D8%A9-%D9%88%D9%82%D9%84%D8%A8%D8%AA-%D8%A8%D8%AC%D8%AF-%D8%A7%D9%84%D8%AD%D9%84%D9%82%D8%A9-1-%D8%A7%D8%A8%D9%86%D8%A9-%D8%A3%D8%AD%D9%85%D8%AF-%D8%B2%D8%A7%D9%87%D8%B1-%D8%AA%D9%84%D8%B9%D8%A8-%D8%B1%D9%88%D8%A8%D9%84%D9%88%D9%83%D8%B3/7264355,youm7.com,"شهدت الحلقة الأولى من مسلسل «
لعبة وقلب بجد
»، بطولة الفنان أحمد زاهر، عددًا من التفاصيل الدرامية المؤثرة التي لفتت انتباه المشاهدين منذ عرضها الأول، وجاءت لتعكس الطابع الإنساني والاجتماعي الذي يقدمه العمل.
وكشفت أحداث الحلقة عن انغماس ابنة أحمد زاهر في عالم الألعاب الإلكترونية، حيث ظهرت وهي تلعب لعبة «روبلوكس»، في مشهد يعكس مدى سيطرة هذه الألعاب على حياة الأطفال، وتمهيدًا لصراع درامي يتناول تأثير العالم الافتراضي على الأسرة والواقع اليومي.
وفي خط درامي إنساني مؤثر، سلطت الحلقة الضوء على معاناة يوسف، نجل أحمد زاهر، من مرض السكري، حيث قدمت الأحداث لمحات دقيقة عن التحديات الصحية والنفسية التي يواجهها الطفل، وهو ما أضاف عمقًا إنسانيًا للشخصيات وربط المشاهد عاطفيًا بالقصة منذ بدايتها.
وجاءت هذه التفاصيل ضمن سياق درامي مشوق، يوازن بين القضايا المعاصرة مثل إدمان الألعاب الإلكترونية، والضغوط الصحية والاجتماعية داخل الأسرة، ليؤكد أن «لعبة وقلب بجد» لا يكتفي بالإثارة، بل يطرح تساؤلات حقيقية تمس كل بيت.
ويُعرض المسلسل حاليًا، وسط تفاعل جماهيري واسع، خاصة بعد البداية القوية التي حملت مزيجًا من التشويق والرسائل الاجتماعية المؤثرة.
ويُعد مسلسل «لعبة وقلبت بجد» من الأعمال المنتظرة، حيث يقدم أحمد زاهر أداءً مختلفًا، ضمن قصة تواكب قضايا معاصرة تمس الأسرة والمجتمع، خاصة في ظل الانتشار الواسع للألعاب الإلكترونية وتأثيرها المتزايد على الأجيال الجديدة.
مسلسل لعبة وقلبت بجد، بطولة النجم أحمد زاهر على قناة DMC، ويُعرض في الساعة السابعة مساء، بالتزامن مع عرضه على منصة WATCH IT الرقمية، وتدور أحداث مسلسل لعبة وقلبت بجد حول الاستقرار الأسري ظاهري وانقلاب الموازين فجأة.
المسلسل يروي قصة شريف وشروق، الزوجين اللذين كانت حياتهما مستقرة إلى أن دخلت الألعاب الإلكترونية في حياة أولادهما، لتقلب كل شيء رأسًا على عقب، الأحداث تسلط الضوء على الإدمان الرقمي وكيف يمكن أن يتحول من مجرد هواية ممتعة إلى تهديد حقيقي للتواصل الأسري والروابط العائلية.
مسلسل لعبة وقلبت بجد ليس مجرد قصة ترفيهية، بل رسالة اجتماعية تحذيرية لكل أسرة: كيف نراقب ونوازن بين التكنولوجيا وحياتنا اليومية، وكيف نحمي أولادنا دون أن نقطع صلتهم بعالمهم الحديث، فبين الإثارة والدراما، يقدم المسلسل فرصة للتفكير في حياتنا الرقمية، وكيف يمكن للتكنولوجيا أن تكون أداة مفيدة إذا ما استخدمناها بحكمة، أو كارثة إذا تركناها تسيطر على عائلاتنا.
مسلسل لعبة وقلبت بجد من إنتاج المتحدة للخدمات الإعلامية عبر شركة united studios، وقصة محمد عبد العزيز، سيناريو وحوار علاء حسن، هبة رجب، هدير شريف، إخراج حاتم متولى في أولى تجاربه الإخراجية وبطولة أحمد زاهر، عمر الشناوي، السورية ريام كفارنة، حجاج عبد العظيم، دنيا المصرى، شريف إدريس، منى أحمد زاهر، زينب يوسف شعبان وعدد آخر من الفنانين.",2026-01-11
سارة البطوطي لإكسترا نيوز العمارة التفاعلية أساس التنمية المستدامة في مصر,https://www.youm7.com/story/2026/1/11/%D8%B3%D8%A7%D8%B1%D8%A9-%D8%A7%D9%84%D8%A8%D8%B7%D9%88%D8%B7%D9%8A-%D9%84%D8%A5%D9%83%D8%B3%D8%AA%D8%B1%D8%A7-%D9%86%D9%8A%D9%88%D8%B2-%D8%A7%D9%84%D8%B9%D9%85%D8%A7%D8%B1%D8%A9-%D8%A7%D9%84%D8%AA%D9%81%D8%A7%D8%B9%D9%84%D9%8A%D8%A9-%D8%A3%D8%B3%D8%A7%D8%B3-%D8%A7%D9%84%D8%AA%D9%86%D9%85%D9%8A%D8%A9-%D8%A7%D9%84%D9%85%D8%B3%D8%AA%D8%AF%D8%A7%D9%85%D8%A9-%D9%81%D9%8A/7264361,youm7.com,"كشفت
المهندسة المعمارية سارة البطوطي
، عن كواليس رحلتها المهنية التي بدأت بدراسة الهندسة المعمارية التقليدية، قبل أن تقرر التخصص في العمارة التفاعلية والبيئية.
وأوضحت سارة البطوطي خلال لقائها على قناة إكسترا نيوز، أن شغفها بهذا المجال نبع من رغبتها في إيجاد حلول معمارية تواجه تحديات المناخ وارتفاع درجات الحرارة، بعيداً عن المناهج الجامعية التي كانت تفتقر قبل 25 عاماً إلى الربط بين العمارة وقضايا البيئة.
أشارت
سارة البطوطي
إلى وجود فجوة كانت تفصل بين العلوم الهندسية والتاريخية وبين احتياجات المستقبل التكنولوجية، مؤكدة أن قطاع البناء والتشييد مسؤول عن أكثر من 40% من الانبعاثات الكربونية العالمية.
وشددت سارة البطوطي، على أن دور المهندس لا يجب أن يكون سلبياً، بل يجب أن تستجيب العمارة لمشكلات المجتمع المحلي وتوفر حلولاً ذكية توازن بين التطور الاقتصادي والحفاظ على الطبيعة.
تطرقت سارة البطوطي إلى التعاون المثمر مع وزارة التخطيط ومبادرة ""حياة كريمة""، حيث تم توقيع بروتوكول لتطبيق المعايير العالمية لـ القرى الخضراء لأول مرة عالمياً.
وأكدت سارة البطوطي أن قرية فارس بمحافظة أسوان كانت نقطة الانطلاق، حيث شمل العمل تطوير البنية التحتية من صرف صحي ومياه، وتبطين الترع، وإنشاء مساحات ترفيهية آمنة للسيدات، وأماكن مجهزة لذوي الهمم، بما يحقق مفهوم التنمية الشاملة.
اختتمت سارة البطوطي حديثها بالتأكيد على أن نجاح التنمية المستدامة يعتمد على ""توطين الحلول""، حيث لا يمكن استيراد تكنولوجيا من دول غربية (مثل السويد) وتطبيقها في قرية مصرية دون مراعاة الخصوصية المحلية.
وأوضحت أن الاستدامة يجب أن تكون مفهوماً طبيعياً وممكناً اقتصادياً ومفهوماً للمواطن البسيط، لضمان استدامة المشروعات وتحقيق العدالة التنموية بين مختلف فئات المجتمع.",2026-01-11
هشام الخياط يكشف لكلمة أخيرة روشتة التخلص من السمنة 4 طرق للعلاج,https://www.youm7.com/story/2026/1/10/%D9%87%D8%B4%D8%A7%D9%85-%D8%A7%D9%84%D8%AE%D9%8A%D8%A7%D8%B7-%D9%8A%D9%83%D8%B4%D9%81-%D9%84%D9%83%D9%84%D9%85%D8%A9-%D8%A3%D8%AE%D9%8A%D8%B1%D8%A9-%D8%B1%D9%88%D8%B4%D8%AA%D8%A9-%D8%A7%D9%84%D8%AA%D8%AE%D9%84%D8%B5-%D9%85%D9%86-%D8%A7%D9%84%D8%B3%D9%85%D9%86%D8%A9-4/7264483,youm7.com,"أوضح الدكتور هشام الخياط، أستاذ أمراض الكبد والجهاز الهضمي، أن تحديد الطريقة المثلى ل
إنقاص الوزن
يعتمد في المقام الأول على ""معامل كتلة الجسم""، مشيراً إلى وجود معايير دقيقة تفصل بين الحاجة للحمية الغذائية، أو الأدوية، أو التدخل الجراحي.
وكشف الخياط، خلال حوار ببرنامج كلمة اخيرة، مع الاعلامي احمد سالم، أنه في حال كان معامل كتلة الجسم 27 مع وجود أمراض مصاحبة مثل الضغط أو السكر، يصبح التدخل العلاجي والدوائي أمراً ضرورياً، أما إذا تجاوز المعامل رقم 30، فيصنف الشخص ضمن فئة ""السمنة المفرطة""، وهنا يجب اللجوء للعلاج الحاسم، سواء عبر الأدوية الحديثة (الحقن) أو الجراحة، خاصة إذا فشلت المحاولات التقليدية لمدة عام.
واستعرض أستاذ الجهاز الهضمي أربعة مسارات رئيسية للتعامل مع زيادة الوزن، مفنداً مميزات وعيوب كل منها تغيير نمط الحياة، وأكد الخياط أن أقل من 10% فقط من المرضى ينجحون في الاستمرار على هذا المسار بسبب ضعف ""الإرادة""، رغم أنها الوسيلة الأقل تكلفة.
ووصف أدوية التخسيس الحقن بأنها ""بديل التكميم""، وهي فعالة جداً، ورغم أن سعرها في مصر أقل من الخارج، إلا أنها لا تزال تمثل عبئاً مادياً على المواطن العادي، كما أنها غير مدرجة في مظلة التأمين الصحي (باستثناء أدوية السكر).
وحذر الخياط من أنها تشبه ""اليويو""، حيث يفقد المريض وزنه أثناء وجودها، لكنه سرعان ما يستعيده بمجرد إزالتها، مما يجعلها حلاً مؤقتاً وغير مجدٍ للبعض.
وفي سياق متصل، أشار الدكتور هشام الخياط إلى التحديثات الأخيرة في التوصيات العالمية للتغذية لعام 2026، والتي أحدثت تغييراً جوهرياً في المفاهيم السابقة زيادة البروتين والتوصيات الجديدة تدعو لزيادة كمية البروتين لتصل إلى 1 إلى 1.5 جرام لكل كيلوجرام من وزن الجسم (بدلاً من 0.8 جرام سابقاً) للحفاظ على الكتلة العضلية، وتقليل السكر من خلال التشديد على ضرورة الحد من السكريات بشكل قاطع.
واختتم الخياط نصائحه بضرورة المتابعة الطبية الدقيقة قبل اتخاذ قرار الجراحة أو البدء في تناول حقن التخسيس، لضمان تحقيق أفضل النتائج بأقل مخاطر ممكنة.",2026-01-11
استشاري تغذية علاجية حقن التخسيس أصبحت تعرف حاليا ببديل التكميم,https://www.youm7.com/story/2026/1/10/%D8%A7%D8%B3%D8%AA%D8%B4%D8%A7%D8%B1%D9%8A-%D8%AA%D8%BA%D8%B0%D9%8A%D8%A9-%D8%B9%D9%84%D8%A7%D8%AC%D9%8A%D8%A9-%D8%AD%D9%82%D9%86-%D8%A7%D9%84%D8%AA%D8%AE%D8%B3%D9%8A%D8%B3-%D8%A3%D8%B5%D8%A8%D8%AD%D8%AA-%D8%AA%D9%8F%D8%B9%D8%B1%D9%81-%D8%AD%D8%A7%D9%84%D9%8A%D8%A7-%D8%A8%D8%A8%D8%AF%D9%8A%D9%84-%D8%A7%D9%84%D8%AA%D9%83%D9%85%D9%8A%D9%85/7264477,youm7.com,"كشفت الدكتورة إيمان كامل، استشاري
التغذية العلاجية
بالمركز القومي للبحوث، عن المعايير العلمية الدقيقة التي تحدد المسار الأمثل لكل شخص يعاني من زيادة الوزن، موضحة متى يجب الاكتفاء بالنظام الغذائي، ومتى يصبح التدخل الدوائي أو الجراحي ضرورة طبية.
وأوضحت د. إيمان، خلال لقاء مع الاعلامي احمد سالم ببرنامج كلمة اخيرة، أن الخطوة الأولى تبدأ بحساب ""معامل كتلة الجسم"" (BMI) عبر المعادلة الحسابية (الوزن بالكيلوجرام مقسوماً على مربع الطول بالمتر). وبناءً على النتائج، يتم تحديد البروتوكول العلاجي أقل من 27 يكتفي الشخص بممارسة الرياضة، وتنظيم الأكل، واتباع حمية غذائية (دايت) فقط، من 27 مع وجود أمراض إذا وصل معامل الكتلة إلى 27 وكان الشخص يعاني من أمراض مصاحبة مثل (السكر، الضغط، أو مشاكل صحية أخرى)، فإنه يحتاج فوراً إلى تدخل دوائي بجانب الرياضة والدايت وشرب الماء بكثرة.
وتابعت: فوق 30 (السمنة المفرطة): في حال تجاوز المعامل درجة 30 مع فشل محاولات التخسيس التقليدية لمدة عام، يتم اللجوء لخيارات أكثر حسماً مثل ""حقن التخسيس"" أو ""عمليات التكميم وتحويل المسار"".
وأشارت استشاري التغذية العلاجية إلى أن حقن التخسيس أصبحت تُعرف حالياً بـ ""بديل التكميم""، مما أدى إلى تراجع الإقبال على العمليات الجراحية التقليدية، وأكدت أن البدء بالحقن يُعد خياراً صائباً لكون الجراحة إجراءً ""اقتحامياً"" للجسم، ويفضل استنفاد الوسائل الأخرى أولاً.",2026-01-11
دولة التلاوة محمد القلاجى ومحمود السيد يتأهلان للجولة المقبلة,https://www.youm7.com/story/2026/1/10/%D8%AF%D9%88%D9%84%D8%A9-%D8%A7%D9%84%D8%AA%D9%84%D8%A7%D9%88%D8%A9-%D9%85%D8%AD%D9%85%D8%AF-%D8%A7%D9%84%D9%82%D9%84%D8%A7%D8%AC%D9%89-%D9%88%D9%85%D8%AD%D9%85%D9%88%D8%AF-%D8%A7%D9%84%D8%B3%D9%8A%D8%AF-%D9%8A%D8%AA%D8%A3%D9%87%D9%84%D8%A7%D9%86-%D9%84%D9%84%D8%AC%D9%88%D9%84%D8%A9-%D8%A7%D9%84%D9%85%D9%82%D8%A8%D9%84%D8%A9/7264437,youm7.com,"حصل المتسابق محمد قلاجى، خلال الحلقة الـ 18 من
برنامج دولة التلاوة
، على 275 درجة، وحصل محمود السيد عبد الله، على 274 درجة، والتأهل للجولة المقبلة من دولة التلاوة، فيما خرج مبدئيا محمد ماهر شفيق الذى حصل على على 271 درجة، والذي مازالت أمامه فرصة قد تعيده للمنافسة وهي تصويت الجمهور عبر منصات البرنامج بمواقع التواصل الاجتماعي وتطبيق watch it.
ويهدف البرنامج إلى اكتشاف المواهب الجديدة في تجويد وترتيل القرآن الكريم، حيث يذاع على قنوات الحياة وCBC  والناس بجانب منصة  watch it، يومي الجمعة والسبت من كل أسبوع.
14 ألف متسابق
وشارك في اختبارات البرنامج الذي يقدم بالتعاون بين وزارة الأوقاف المصرية والشركة المتحدة للخدمات الإعلامية، ما يزيد عن 14 ألف متسابق من مختلف محافظات الجمهورية، فيما تضم لجنة تحكيم البرنامج نخبة من أبرز القامات الدينية والعلمية في مصر والعالم الإسلامي، وهم الشيخ حسن عبد النبي وكيل لجنة مراجعة المصحف الشريف بالأزهر، والدكتور دكتور طه عبد الوهاب خبير الأصوات والمقامات، وكذلك الداعية الإسلامي مصطفى حسني، والقارئ الشيخ طه النعماني.
لجنة تحكيم تضم قمما دينية وصوتية
وتضم لجنة تحكيم البرنامج نخبة من أبرز القامات الدينية والعلمية في مصر والعالم الإسلامي، في مقدمتهم الشيخ حسن عبد النبي، وكيل لجنة مراجعة المصحف بالأزهر الشريف، الدكتور طه عبد الوهاب خبير الأصوات والمقامات، بجانب الداعية الإسلامي مصطفى حسني والقارئ الشيخ طه النعماني، كما يشارك في البرنامج عدد من ضيوف الشرف البارزين، منهم، على رأسهم الأستاذ الدكتور أسامة الأزهري وزير الأوقاف، الأستاذ الدكتور نظير محمد عياد مفتي الديار المصرية، بجانب فضيلة الدكتور علي جمعة عضو هيئة كبار العلماء بالأزهر الشريف، القارئ الشيخ أحمد نعينع، القارئ الشيخ عبد الفتاح الطاروطي، الشيخ جابر البغدادي بالإضافة إلى القارئ البريطاني محمد أيوب عاصف والقارئ المغربي عمر القزابري إمام مسجد الحسن الثاني.
وتبلغ القيمة الإجمالية لجوائز البرنامج 3.5 مليون جنيه، يحصل الفائزان بالمركز الأول في فرعي الترتيل والتجويد على مليون جنيه لكل منهما، إلى جانب تسجيل المصحف الشريف كاملًا بصوتيهما وإذاعته على قناة مصر قرآن كريم، فضلًا عن تشرفهما بإمامة المصلين في صلاة التراويح بمسجد الإمام الحسين خلال شهر رمضان المقبل.
يأتي البرنامج في إطار التعاون المشترك بين وزارة الأوقاف المصرية والشركة المتحدة للخدمات الإعلامية، بهدف اكتشاف المواهب الجديدة في ترتيل وتجويد القرآن الكريم من مختلف محافظات مصر، حيث تبلغ إجمالي قيمة جوائز البرنامج 3.5 مليون جنيه، ويحصل الفائزان بالمركز الأول في كل من فرعَي الترتيل والتجويد على مليون جنيه لكل منهما، إلى جانب تسجيل المصحف الشريف كاملًا بصوتيهما وإذاعته على قناة مصر قرآن كريم، كما سيُشرفان بإمامة المصلين في صلاة التراويح بمسجد الإمام الحسين خلال شهر رمضان المقبل.
وشهدت التصفيات التمهيدية للبرنامج إقبالًا كبيرًا، حيث تقدم أكثر من 14 ألف متسابق من مختلف محافظات الجمهورية، وتمت تصفية المشاركين عبر مراحل متعددة انتهت باختيار أفضل 32 موهبة للتنافس في الحلقات النهائية، تحت إشراف لجنة علمية متخصصة من وزارة الأوقاف المصرية برئاسة فضيلة الأستاذ الدكتور أسامة الأزهري، وزير الأوقاف.
البرنامج تقدمه المذيعة أية عبدالرحمن ويُعد ""دولة التلاوة"" خطوة رائدة في دعم المواهب القرآنية وإحياء فنون التلاوة المصرية الأصيلة، وتعزيز مكانة مصر الرائدة كمنارة للقرآن الكريم والعلم الديني الوسطي المستنير.",2026-01-11
الورد طارح على الخدود تعرف على كلمات أغنية الكينج محمد منير بتعلي,https://www.youm7.com/story/2026/1/10/%D8%A7%D9%84%D9%88%D8%B1%D8%AF-%D8%B7%D8%A7%D8%B1%D8%AD-%D8%B9%D9%84%D9%89-%D8%A7%D9%84%D8%AE%D8%AF%D9%88%D8%AF-%D8%AA%D8%B9%D8%B1%D9%81-%D8%B9%D9%84%D9%89-%D9%83%D9%84%D9%85%D8%A7%D8%AA-%D8%A3%D8%BA%D9%86%D9%8A%D8%A9-%D8%A7%D9%84%D9%83%D9%8A%D9%86%D8%AC-%D9%85%D8%AD%D9%85%D8%AF/7264457,youm7.com,"طرح
الكينج محمد منير
أحدث أغانيه بعنوان بتعلى من كلمات أمير طعيمة وألحان عمرو مصطفى وتوزيع أسامة الهندى وإنتاج روتانا وتقول كلمات الأغنية:
الورد طارح على الخدود
وطرحني أرضاً
وبقالي مدة بدوب أدوب
وفي مالطا بدن
طب حد بس يقولها إني رايدها
طب حد بس يقولها الطيب أحسن
بتعلي على الحلوين بتعلي
وجمالها زي الشهد محلي
نظرة عينيها ده سيف ودبحني
خلتني ماشي بخاف من ضلي
بتعلي على الحلوين بتعلي
وجمالها زي الشهد محلي
نظرة عينيها ده سيف ودبحني
خلتني ماشي بخاف من ضلي
الشعر سارح زي ليل وفي ليلها بسرح
سكنت في قلبي شمال يمين ماسابتش مطرح
طب حد بس يقولها إني رايدها
طب حد بس يقولها رمشك بيجرح
بتعلي على الحلوين بتعلي
وجمالها زي الشهد محلي
نظرة عينيها ده سيف ودبحني
خلتني ماشي بخاف من ضلي
دي اللي القمر من حسنها إتدارى بدري
وأنا لو هغني في وصفها هايعدي عمري
طب حد بس يقولها إني رايدها
طب حد بس يقولها تجبر بخاطري
بتعلي على الحلوين بتعلي
وجمالها زي الشهد محلي
نظرة عينيها ده سيف ودبحني
خلتني ماشي بخاف من ضلي
بتعلي على الحلوين بتعلي
وجمالها زي الشهد محلي
نظرة عينيها ده سيف ودبحني
خلتني ماشي بخاف من ضلي",2026-01-11
شرب هذا العصير قد يخفض ضغط الدم خلال أسبوعين فقط,https://www.youm7.com/story/2026/1/10/%D8%B4%D8%B1%D8%A8-%D9%87%D8%B0%D8%A7-%D8%A7%D9%84%D8%B9%D8%B5%D9%8A%D8%B1-%D9%82%D8%AF-%D9%8A%D8%AE%D9%81%D8%B6-%D8%B6%D8%BA%D8%B7-%D8%A7%D9%84%D8%AF%D9%85-%D8%AE%D9%84%D8%A7%D9%84-%D8%A3%D8%B3%D8%A8%D9%88%D8%B9%D9%8A%D9%86-%D9%81%D9%82%D8%B7/7264102,youm7.com,"كشفت دراسة علمية حديثة  أن شرب
عصير البنجر
مرتين يوميًا قد يُسهم في
خفض ضغط الدم
خلال فترة قصيرة لا تتجاوز أسبوعين، خاصةً لدى كبار السن، ما يجعله خيارًا طبيعيًا داعمًا لصحة القلب إلى جانب نمط الحياة الصحي، بحسب موقع prevention.
يُحذر أطباء القلب من أن ترك ارتفاع ضغط الدم دون علاج قد يؤدي إلى:
-النوبات القلبية
-
السكتات الدماغية
-فشل القلب
-تلف الأوعية الدموية والكلى
ورغم فعالية الأدوية، يؤكد الخبراء أن تغييرات نمط الحياة، بما في ذلك التغذية، تلعب دورًا محوريًا في السيطرة على ضغط الدم.
نُشرت الدراسة في مجلة علم الأحياء والطب الجذري الحر، واعتمدت على تجربة عشوائية مزدوجة التعمية شملت 78 مشاركًا، قسموا إلى:
-شباب (18–30 عامًا)
-كبار سن (67–79 عامًا)
وطُلب من المشاركين:
-شرب 70 مل من عصير البنجر الغني بالنترات صباحًا ومساءً
أو شرب عصير وهمي
أو استخدام غسول فم مرتين يوميًا
وذلك على مدار ثلاث فترات تجريبية، مدة كل منها أسبوعان.
انخفض ضغط الدم بشكل ملحوظ لدى كبار السن فقط
لم تُسجل نتائج واضحة لدى الفئة الأصغر سنًا
التأثير مرتبط بتغيرات في
بكتيريا الفم
(الميكروبيوم الفموي)
يوضح الأطباء أن البنجر غني بالنترات الطبيعية، والتي:
-تتحول في الفم (بمساعدة بكتيريا نافعة) إلى أكسيد النيتريك
-يساعد أكسيد النيتريك على إرخاء الأوعية الدموية
-يُحسّن تدفق الدم ويُخفّض ضغطه
ووجد الباحثون أن شرب عصير البنجر:
-يقلل من بعض أنواع البكتيريا
ويزيد من أنواع أخرى أكثر كفاءة في تحويل النترات إلى أكسيد النيتريك
يثير الإفراط في النترات قلقًا صحيًا عندما تأتي من:
اللحوم المصنعة
الأطعمة المحفوظة صناعيًا
مصادر المياه الملوثة
لكن النترات الطبيعية الموجودة في الخضراوات مثل:
البنجر
السبانخ
الجرجير
تُعد آمنة، بل ومفيدة لصحة القلب.
يرى الخبراء أن عصير البنجر:
-ليس علاجًا بديلاً للأدوية
-قد يكون أداة مساعدة ضمن نمط حياة صحي
يحتاج إلى مزيد من الدراسات لتحديد الفئات الأكثر استفادة
ويؤكد أطباء القلب أن أفضل النتائج تتحقق عند الجمع بين:
-
نظام غذائي متوازن
-تقليل الصوديوم
-النشاط البدني المنتظم
-المتابعة الطبية المستمرة",2026-01-11
متلازمة الإرهاق الرقمى لماذا يحتاج الدماغ لطقوس يومية بدون الإنترنت,https://www.youm7.com/story/2026/1/10/%D9%85%D8%AA%D9%84%D8%A7%D8%B2%D9%85%D8%A9-%D8%A7%D9%84%D8%A5%D8%B1%D9%87%D8%A7%D9%82-%D8%A7%D9%84%D8%B1%D9%82%D9%85%D9%89-%D9%84%D9%85%D8%A7%D8%B0%D8%A7-%D9%8A%D8%AD%D8%AA%D8%A7%D8%AC-%D8%A7%D9%84%D8%AF%D9%85%D8%A7%D8%BA-%D9%84%D8%B7%D9%82%D9%88%D8%B3-%D9%8A%D9%88%D9%85%D9%8A%D8%A9-%D8%A8%D8%AF%D9%88%D9%86-%D8%A7%D9%84%D8%A5%D9%86%D8%AA%D8%B1%D9%86%D8%AA/7263949,youm7.com,"في عالم تهيمن عليه الشاشات والإشعارات المتواصلة، أصبحت التكنولوجيا أداة يفترض أن تسهل الحياة، لكنها في الواقع تترك الكثيرين في حالة دائمة من
الإرهاق الذهني
والبرود العاطفي، ويشير خبراء الصحة إلى أن الحل لا يكمن في التخلي عن التكنولوجيا، بل في إعادة التوازن عبر طقوس غير رقمية تمنح الدماغ فرصة حقيقية للراحة.
بحسب تقرير نشره موقع تايمز ناو، فإن ما يُعرف بـ«
متلازمة الإرهاق الرقمي
» بات ظاهرة متزايدة في العصر الحديث، نتيجة الإفراط في استخدام الأجهزة الذكية والعمل المتواصل عبر الشاشات.
متلازمة الإرهاق الرقمي هي حالة من الإجهاد الذهني المستمر ناتجة عن قضاء فترات طويلة أمام الشاشات والتعرض الدائم للتحفيز الرقمي. وتشمل أعراضها:
ضعف التركيز
سرعة الانفعال
اضطرابات النوم
إجهاد العين
شعور دائم بالتوتر أو النشاط الزائد
وعلى عكس التعب العادي، يؤثر هذا النوع من الإرهاق على الأداء الذهني والصحة النفسية، حتى تصبح المهام البسيطة مرهقة.
يوضح علماء الأعصاب أن الدماغ البشري غير مهيأ للتحفيز المستمر. فكل إشعار أو تنبيه ينشّط
الدوبامين
، ناقل المتعة والمكافأة، ما يؤدي مع الوقت إلى الاعتماد المفرط على الأجهزة الرقمية. والنتيجة دماغ في حالة تأهب دائم، غير قادر على الاسترخاء حتى في أوقات الراحة.
الطقوس غير الرقمية هي ممارسات واعية لا تعتمد على الشاشات، لكنها تُعيد ضبط النشاط العصبي للدماغ. وتشمل هذه الطقوس:
كتابة اليوميات
المشي الواعي
الطهي دون استخدام الهاتف
تمارين التنفس
القراءة الورقية
وقد أظهرت دراسات أن الابتعاد المؤقت عن الشاشات يساعد على خفض هرمون التوتر (الكورتيزول)، وتعزيز الاستقرار العاطفي، وتحسين الذاكرة. حتى فترات الانقطاع القصيرة تُنشّط «شبكة الوضع الافتراضي» في الدماغ، المرتبطة بالإبداع والتأمل وحل المشكلات.
-تخصيص 20 دقيقة صباحًا دون هاتف لبدء اليوم بهدوء
-قراءة كتاب ورقي أو الاستماع إلى الموسيقى مساءً دون تشتيت
-تقليل استخدام البريد الإلكتروني ووسائل التواصل في عطلة نهاية الأسبوع
-قضاء وقت في الطبيعة دون توثيق أو تصوير
ويؤكد الخبراء أن الاستمرارية أهم من الكمال، فحتى الخطوات الصغيرة تُحدث فرقًا ملحوظًا.
يرى متخصصون أن متلازمة الإرهاق الرقمي ليست فشلًا فرديًا، بل نتيجة ثقافة تعتمد على الاتصال الدائم. ومع تزايد الاعتماد على الشاشات، لم تعد الطقوس غير الرقمية رفاهية، بل ضرورة للحفاظ على الصحة النفسية.",2026-01-11
لا تتعامل مع مضادات الحموضة كأنها حلوى مخاطر تهدد القلب والأمعاء والكلى,https://www.youm7.com/story/2026/1/10/%D9%84%D8%A7-%D8%AA%D8%AA%D8%B9%D8%A7%D9%85%D9%84-%D9%85%D8%B9-%D9%85%D8%B6%D8%A7%D8%AF%D8%A7%D8%AA-%D8%A7%D9%84%D8%AD%D9%85%D9%88%D8%B6%D8%A9-%D9%83%D8%A3%D9%86%D9%87%D8%A7-%D8%AD%D9%84%D9%88%D9%89-%D9%85%D8%AE%D8%A7%D8%B7%D8%B1-%D8%AA%D9%87%D8%AF%D8%AF-%D8%A7%D9%84%D9%82%D9%84%D8%A8/7263726,youm7.com,"أصبح تناول
مضاد للحموضة
بعد وجبة دسمة أو خلال يوم عمل مزدحم عادة يومية شائعة، لكن ما يبدو راحة سريعة وغير ضارة قد يخفي خلفه مخاطر صحية حقيقية، تمتد آثارها إلى القلب والأمعاء والكلى.
وبحسب تقرير نشره موقع ""تايمز ناو""، فإن الاستخدام المتكرر وغير الخاضع للإشراف الطبي لمضادات الحموضة قد يحول الحل المؤقت ل
حرقة المعدة
إلى مشكلة صحية مزمنة يصعب تداركها لاحقًا.
يشمل مصطلح مضادات الحموضة مجموعة واسعة من الأدوية، منها:
-معادلات الحموضة السريعة مثل كربونات الكالسيوم، وهيدروكسيد المغنيسيوم أو الألومنيوم
-
بيكربونات الصوديوم
-أدوية موصوفة طبيًا مثل مثبطات مضخة البروتون (PPIs)
ورغم أن الاستخدام القصير لعلاج الحرقة العرضية يُعد آمنًا غالبًا، فإن الاستخدام المزمن دون متابعة طبية هو الخطر الحقيقي.
-اضطراب توازن المعادن في الجسم
-إجهاد الكلى وزيادة خطر الإصابة بأمراض كلوية مزمنة
-الإمساك ومشاكل العظام مع مضادات تحتوي على الكالسيوم أو الألومنيوم
-الإسهال أو ارتفاع خطير في المغنيسيوم عند
ضعف وظائف الكلى
-زيادة الصوديوم وخلل التوازن الحمضي مع بيكربونات الصوديوم، ما قد يُفاقم ارتفاع ضغط الدم أو قصور القلب
تستخدم مثبطات مضخة البروتون على نطاق واسع لعلاج الارتجاع المعدي المريئي، وغالبًا ما يستمر المرضى في تناولها لفترات طويلة دون مراجعة طبية.
وقد ربطت دراسات رصدية واسعة بين الاستخدام المطول لهذه الأدوية وبين:
أمراض الكلى المزمنة
التهاب الكلية الخلالي الحاد
مؤشرات متزايدة لأمراض القلب والأوعية الدموية، خاصة عند تفاعلها مع أدوية سيولة الدم
ورغم أن هذه الدراسات لا تثبت علاقة سببية مباشرة، فإنها كافية لدق ناقوس الخطر وفرض إعادة تقييم الاستخدام طويل الأمد.
ينصح الأطباء بعدم تحويل مضادات الحموضة إلى عادة يومية، واتباع الخطوات التالية:
-استشارة طبيب عند تكرار حرقة المعدة
-تعديل نمط الحياة: تقليل الوزن، الامتناع عن التدخين، وتنظيم مواعيد الوجبات
-استخدام مثبطات مضخة البروتون لفترات قصيرة وتحت إشراف طبي
-فحص وعلاج
جرثومة المعدة
عند الاشتباه
-متابعة وظائف الكلى ومستويات المعادن لدى مستخدمي الأدوية لفترات طويلة
-استشارة الطبيب قبل تناول هذه الأدوية في حال الإصابة بأمراض القلب أو الكلى أو عند استخدام أدوية سيولة الدم.",2026-01-11
مسلسل لعبة وقلبت بجد كيف يلعب الأطفال الألعاب الإلكترونية بشكل صحى,https://www.youm7.com/story/2026/1/10/%D9%85%D8%B3%D9%84%D8%B3%D9%84-%D9%84%D8%B9%D8%A8%D8%A9-%D9%88%D9%82%D9%84%D8%A8%D8%AA-%D8%A8%D8%AC%D8%AF-%D9%83%D9%8A%D9%81-%D9%8A%D9%84%D8%B9%D8%A8-%D8%A7%D9%84%D8%A3%D8%B7%D9%81%D8%A7%D9%84-%D8%A7%D9%84%D8%A3%D9%84%D8%B9%D8%A7%D8%A8-%D8%A7%D9%84%D8%A5%D9%84%D9%83%D8%AA%D8%B1%D9%88%D9%86%D9%8A%D8%A9-%D8%A8%D8%B4%D9%83%D9%84/7264043,youm7.com,"يبدأ اليوم عرض أولى حلقات
مسلسل لعبة وقلبت بجد
، بطولة النجم أحمد زاهر على قناة DMC، اليوم السبت في تمام الساعة السابعة مساء، بالتزامن مع عرضه على منصة WATCH IT الرقمية، والذى تدور أحداثه حول التوعية من مخاطر الألعاب الإلكترونية، وكيفية تصرف الأسرة لمساعدة أبنائها من الأطفال على التغلب على تلك المشاكل بسبب تلك الألعاب، كما يناقش كيفية سيطرة تلك الألعاب الإلكترونية على عقول الأطفال.
ووفقا لموقع ""Child mind institute""، تُعدّ الألعاب الالكترونية من أكثر الأنشطة  التي يستمتع بها الأطفال، لكن في حالة الإفراط بممارستها  قد تؤثر سلبا على دراستهم واهتمامهم بالأنشطة الأخرى، بجانب تأثيرها السلبى على صحتهم النفسية، لكن هناك خطوات يمكن للوالدين اتخاذها
لوضع حدود للألعاب
لمنع أي مشكلات مترتبة على لعبها.
يحتاج الأطفال من جميع الأعمار إلى وضع حدود  وقواعد
لألعاب الفيديو
، ولن تُجدي هذه الحدود نفعاً إلا في حالة الالتزام بها، وينبغي أن تكون عواقب مخالفة القواعد، كحظر اللعب لفترة محددة، محددة وتنفذ بشكل فورى، وفيما يلى مجموعة من النصائح الهامة للأباء، لجهل وقت اللعب صحيا لأطفالهم، مثل:
بالنسبة للأطفال فوق سن السادسة، توصي الأكاديمية الأمريكية لطب الأطفال بألا تتجاوز مدة اللعب 60 دقيقة في أيام الدراسة وساعتين في أيام العطلات، أما الأطفال دون سن السادسة، فينبغي ألا تتجاوز مدة اللعب 30 دقيقة، ومن المهم أيضًا أن يطلع الأهل على الألعاب التي يلعبها أطفالهم ويوافقوا عليها، كذلك السماح باللعب فقط بعد الانتهاء من الواجبات المنزلية والأعمال الروتينية.
من المهم مساعدة طفلك على اكتشاف أنشطة أخرى يستمتع بها، فإذا كان طفلك يستمتع بنشاط آخر غير الألعاب، سيمارسه أكثر، كما يُنصح بمكافأته بمكافآت صغيرة على هذه الأنشطة، ويساعد إيجاد أنشطة مشتركة على تحسين علاقتكما، خاصةً إذا كان هناك الكثير من الخلافات حول إدمانه للألعاب.
وجود إرشادات واضحة ومتسقة بشأن الالعاب الالكترونية يمنع
الإفراط في اللعب
،  إليك بعض الإرشادات للحد من وقت لعب طفلك:
١. تذكر أن اللعب يجب أن يقتصر على ما بعد أن يُنهي طفلك جميع مسؤولياته اليومية:  بما في ذلك واجباته المدرسية وأعمال المنزل. تأكد من جودة واكتمال واجباته المدرسية وأعمال المنزل قبل السماح له باللعب، و يجب أن يكون اللعب امتيازًا يُكتسب، وليس حقًا مُطلقًا.
٢. ضع حدودًا واضحة لوقت استخدام طفلك للألعاب الإلكترونية:  تقترح الأكاديمية الأمريكية لطب الأطفال ألا يتجاوز الوقت المخصص للألعاب الإلكترونية ٣٠ إلى ٦٠ دقيقة يوميًا في أيام الدراسة، وساعتين أو أقل في أيام العطلات، و توصي الأكاديمية بحدود أقل، تصل إلى أقل من ساعة واحدة يوميًا للأطفال دون سن السادسة.
٣. عند وضع قواعدك، ضع في اعتبارك فترة زمنية معقولة لإعادة التقييم: يمكنك اتباع خطتك لمدة شهر أو شهرين ثم إعادة تقييمها، سيؤدي إدخال تغيير مؤقت إلى قبول أكبر من التغيير الدائم. قد تجد أن الخطة الأولية مقيدة للغاية، يمكنك حينها تخفيفها بعد شهرين إذا كان طفلك ملتزمًا بها ولم تظهر أي مشاكل،  تذكر أن تخفيف القيود أسهل من تشديدها.
٤. حدد عقاب واقعى لخرق القواعد: يجب أن تكون عقوبة مخالفة القواعد قابلة للتنفيذ وفورية التطبيق، والخيار الأنسب هو الحظر التام على الألعاب الإلكترونية (أو استخدام الوسائط بشكل عام) لعدة أيام أو أسابيع إذا لم يلتزم الطفل بالقواعد.
٥. تأكد من معرفتك وموافقتك على
الألعاب التي يلعبها طفلك
: بالإضافة إلى وضع قواعد لأوقات اللعب، يجب عليك أيضًا وضع قواعد تتعلق بأنواع الألعاب المسموح بها. يمكنك، بل يجب عليك، منع شراء واستخدام الألعاب التي تحتوي على عنف مفرط أو محتوى غير لائق.
٦. بمجرد وضع القواعد، يجب عليك مراقبتها وتطبيقها باستمرار: لا يمكنك السماح لطفلك بتجاوز القواعد عندما تكون متعبًا أو مشتت الذهن، لا يمكنك تطبيق القواعد بشكل مختلف إذا شعر طفلك بالمرض أو لم يكن لديه واجبات منزلية في أحد الأيام. بغض النظر عن أي مشاكل أخرى قد تطرأ، عليك تطبيق العواقب فورًا إذا خالف طفلك القواعد.
٧. حدد أنشطة ترفيهية أخرى: يُعد استبدال الألعاب الإلكترونية بأنشطة أخرى أمرًا بالغ الأهمية لتغيير سلوك الإفراط في اللعب، حيث يلعب طفلك الألعاب الإلكترونية في الغالب لأنه يجدها ممتعة، ولأنه يجيدها، ولمساعدة طفلك على ملء وقت فراغه، شجعه بنشاط على المشاركة في أنشطة ترفيهية أخرى، ويجب أن يكون استبدال الأنشطة في أيام الأسبوع وأوقات اليوم التي يلعب فيها طفلكالالعاب الالكترونية في أغلب الأحيان.
٨. قدّم تعزيزًا إيجابيًا للأنشطة غير المتعلقة بالألعاب:  كافئ طفلك عندما يشارك في أنشطة لا علاقة لها بالألعاب، يمكن أن تكون هذه المكافآت مادية، كما يمكن أن تكون معنوية، كالثناء اللفظي أو مجرد الاهتمام، ويمكنك استبدال أوقات اللعب بأنشطة ترفيهية مُجزية، وهذه الأنشطة بدورها تُعدّ مكافآت لعدم اللعب. إذا كان طفلك يُفرط في اللعب لدرجة تُسبب له ضررًا، فمن المرجح أن يكون أحد العواقب السلبية هو تدهور علاقتك به. يُعدّ التعزيز الإيجابي للأنشطة غير المتعلقة بالألعاب وسيلة لتحسين هذه العلاقة.",2026-01-11
7 علامات تدل على إصابتك بعدوى جلدية لا تتجاهلها,https://www.youm7.com/story/2026/1/10/7-%D8%B9%D9%84%D8%A7%D9%85%D8%A7%D8%AA-%D8%AA%D8%AF%D9%84-%D8%B9%D9%84%D9%89-%D8%A5%D8%B5%D8%A7%D8%A8%D8%AA%D9%83-%D8%A8%D8%B9%D8%AF%D9%88%D9%89-%D8%AC%D9%84%D8%AF%D9%8A%D8%A9-%D9%84%D8%A7-%D8%AA%D8%AA%D8%AC%D8%A7%D9%87%D9%84%D9%87%D8%A7/7264015,youm7.com,"الجلد هو أكبر عضو في جسمك وخط دفاعه الأول ضد التعرض المستمر لمختلف الجزيئات، ويتعرض الجلد للكثير من العوامل الضارة، وقد تبدو نتوءة صغيرة أو حكة بسيطة مجرد إزعاج، لكنها قد تكون أحيانًا أولى علامات عدوى جلدية، حيث تحدث
العدوى الجلدية
عندما تخترق البكتيريا أو الفيروسات أو الفطريات أو الطفيليات الضارة حاجز الجلد، وهو ما يوضحه تقرير موقع ""NDTV"".
يساعد التعرف على
علامات الإصابة بالعدوى الجلدية
مبكرًا ومحاولة علاجها في تجنب المخاطر.. 7 علامات يجب الانتباه إليها وطلب التدخل الطبي عند الضرورة.. على النحو التالى:
أكثر علامات العدوى شيوعًا هي الالتهاب، فعند احمرار منطقة معينة من جلدك وشعرت  بتورم طفيف، فمن المرجح أن جهازك المناعي يُحارب مُسببًا للعدوى، وفي حين أن احمرارًا طفيفًا أمر طبيعي بعد الخدش، إلا أن العدوى ستؤدي إلى انتشار الاحمرار بدلًا من أن يختفي،  مثل
التهاب النسيج الخلوي
، وهو عدوى بكتيرية عميقة، وغالبًا ما يظهر على شكل منطقة حمراء مؤلمة ذات ملمس مشدود ولامع، فإذا كان الاحمرار يتحرك أو يظهر منه خطوط حمراء، فهذه علامة على أن العدوى قد تدخل الجهاز اللمفاوي، حيث يتم تصفية السموم.
هل سبق لك أن لمست بقعة من جلدك ولاحظت أنها أكثر سخونة من باقي جسمك، فقد يكون ذلك علامة على وجود عدوى جلدية، فهذه الحرارة الموضعية علامة كلاسيكية على بدء العدوى، ويحدث مع تدفق الدم إلى المنطقة المصابة لنقل خلايا الدم البيضاء لمحاربة العدوى، وما يترتب على ذلك من ارتفاع درجة حرارة الجلد، فإذا شعرت بدفء في الجرح أو
الطفح الجلدي
، فهذا مؤشر على وجود نشاط ميكروبي تحت سطح الجلد.
إذا لاحظت سائلاً أصفر أو أخضر اللون يخرج من نتوء أو جرح، فمن المرجح أنه صديد، والصديد عبارة عن تجمع لخلايا الدم البيضاء الميتة والبكتيريا، وتعتبر القوباء عدوى بكتيرية شائعة جدًا، خاصة بين الأطفال، وغالبًا ما تبدأ على شكل
تقرحات حمراء
تنفجر بسرعة وتترك وراءها قشرة مميزة، لذلك لا تحاول أبدًا عصر هذه التقرحات لأن ذلك قد يدفع العدوى إلى عمق أكبر أو ينشرها إلى أجزاء أخرى من جسمك.
على الرغم من أن الناس غالبًا ما يربطون العدوى بالألم، إلا أن العديد من المصابين بالعدوى الفطرية يعانون من حكة شديدة، وقد يكون ذلك ناتجًا عن سوء استخدام كريمات الستيرويد المتاحة دون وصفة طبية وقد جعل هذه الالتهابات الفطرية ""مستعصية"" أو يصعب علاجها، فإذا كنت تعاني من حلقة حمراء دائرية مثيرة للحكة، فتجنب استخدام كريم قوي من الصيدلية دون وصفة طبية، ولكن استشر طبيبًا مختصًا للحصول على علاج فعال.
قد يُسبب الخدش العادي لسعة، لكن المنطقة المصابة عادةً ما تكون نابضة أو مؤلمة عند اللمس وحتى بدون لمسها، فإذا ازداد الألم خلال 24 إلى 48 ساعة بدلاً من أن يخف، فهذا مؤشر يستدعى العناية الطبية، لأن الألم هو طريقة الجسم لإخبارك بأن تلف الأنسجة يتفاقم.
قد تكون الفقاعات الصغيرة المملوءة بسائل على الجلد، والمعروفة بالبثور، علامة على عدوى فيروسية مثل الهربس النطاقي (الحزام الناري) أو عدوى بكتيرية، وقد يكون التهاب الجريبات، وهي نتوءات صغيرة متقشرة حول بصيلات الشعر تبدو كبثور عادية، ولكنها في الواقع عدوى ناتجة عن العرق والاحتكاك.
أحيانًا لا تقتصر أعراض العدوى الجلدية على الجلد فقط، فإذا ظهرت لديك آفة جلدية مصحوبة بحمى أو قشعريرة أو شعور بإرهاق شديد، فقد تكون العدوى قد انتشرت في الجسم، وهذا يعني أن البكتيريا قد دخلت مجرى الدم، وهذه حالة طبية طارئة تتطلب عناية فورية.",2026-01-11
برج الأسد حظك اليوم الأحد 11 يناير  روتين مسائى هادئ,https://www.youm7.com/story/2026/1/11/%D8%A8%D8%B1%D8%AC-%D8%A7%D9%84%D8%A3%D8%B3%D8%AF-%D8%AD%D8%B8%D9%83-%D8%A7%D9%84%D9%8A%D9%88%D9%85-%D8%A7%D9%84%D8%A3%D8%AD%D8%AF-11-%D9%8A%D9%86%D8%A7%D9%8A%D8%B1-%D8%B1%D9%88%D8%AA%D9%8A%D9%86-%D9%85%D8%B3%D8%A7%D8%A6%D9%89-%D9%87%D8%A7%D8%AF%D8%A6/7260075,youm7.com,"برج الأسد هو أكثر الأبراج نشاطًا وحيوية في دائرة الأبراج ويستمتعون بالإهتمام ويوحدون كل من حولهم بروح الدعابة والجاذبية، برج الأسد مستعدون لأخذ زمام الأمور والسيطرة على أي موقف.
يتمتع مولود
الأسد
بالدفء والوعي الذاتي والدافع ويتعامل بشكل جيد مع الأشخاص الذين يطابقون دافعهم وشغفهم حتى لا تتغلب شعلة شخص آخر على شعلة شخص آخر.
ومن مشاهير برج الأسد الفنانة منة شلبى، ويقدم ""اليوم السابع"" توقعات علماء الفلك لأصحاب برج الأسد على الصعيد الصحى والمهنى والعاطفى.
لديك قدرة على تحقيق أي شيء تريده، لا تعر اهتمامًا لما يعتقده الآخرون عنك. إنهم يتظاهرون بإنتقادك ليشعروك بالدونية، لكنهم في قرارة أنفسهم يعلمون أنك موهوب. لذا استمتع بثقتك بنفسك.
قد يكون من الصعب عليك اليوم التواصل مع من تحب. أنت قريب منه بالفعل، لكنك ما زلت تحاول، بدافع من عدم النضج، فرض مشاعرك عليه. الحل الأمثل هو أن تتعرفا على بعضكما جيدًا قبل أن تقررا التقرب أكثر، عاطفيًا وجسديًا. ستتحسن علاقتكما كثيرًا بعد هذه المشاركة العاطفية.
روتين مسائي هادئ يدعم جودة النوم. العادات الصغيرة والمستمرة تُحسّن القدرة على التحمل والمزاج، مما يساعدك على البقاء مرتاحًا ونشيطًا طوال اليوم دون إجهاد أو إرهاق، مع صفاء ذهني عام.
ستشعر اليوم بميلٍ للإندفاع، وقد تدفعك هذه الطاقة إلى التصرف بعفوية. تميل إلى التسرع في المشاريع دون تفكيرٍ كافٍ، مما قد يُسبب مشاكل غير ضرورية في العمل والحياة الأسرية.",2026-01-11
حظك اليوم وتوقعات الأبراج الأحد 11 يناير على الصعيد المهنى والعاطفى والصحى,https://www.youm7.com/story/2026/1/11/%D8%AD%D8%B8%D9%83-%D8%A7%D9%84%D9%8A%D9%88%D9%85-%D9%88%D8%AA%D9%88%D9%82%D8%B9%D8%A7%D8%AA-%D8%A7%D9%84%D8%A3%D8%A8%D8%B1%D8%A7%D8%AC-%D8%A7%D9%84%D8%A3%D8%AD%D8%AF-11-%D9%8A%D9%86%D8%A7%D9%8A%D8%B1-%D8%B9%D9%84%D9%89-%D8%A7%D9%84%D8%B5%D8%B9%D9%8A%D8%AF-%D8%A7%D9%84%D9%85%D9%87%D9%86%D9%89/7263012,youm7.com,"نقدم حظك اليوم وتوقعات الأبراج على جميع الأصعدة، الصحية والعاطفية والمهنية، لمواليد كل الأبراج، ولمعرفة تفاصيل توقعات الأبراج وحظك اليوم تابع التقرير التالي..
يعد برج الحوت من أكثر الأبراج تسامحًا ويتسم بالعديد من الصفات والتي منها تمتعه بشخصية إجتماعية مرحة لذلك يمتلك العديد من الأصدقاء، كما يعرف بإقباله على الحياة.
يتسم مولود
برج الحوت
بصفات أخرى منها ميله للعيش في الخيال لبعض الوقت الأمر الذى يساعده على إبتكار أفكار جديدة ومختلفة، كما يتصف بالرومانسية والإخلاص والغيرة الشديدة على شريك حياته.
ومن مشاهير برج الحوت الفنان احمد السقا، ويقدم ""اليوم السابع"" توقعات علماء الفلك لأصحاب برج الحوت على الصعيد الصحى والمهنى والعاطفى.
ابتكر أفكار جديدة تساعدك على إبراز مواهبك أمام زملائك حتى تحقق المزيد من الإنجازات، وتشعر بالثقة بالنفس والسعادة خلال الفترة المقبلة.
قدر مشاعر شريك حياتك وأنصت له جيداً، ولا تتجاهله حتى يشعر بتقديرك وإهتمامك به، وحاول أن تخصص له بعض الوقت خلال زحمة يومك.
احصل على قسط كافٍ من النوم بشكل يومى، ولا تغوص في الأفكار السلبية حتى تشعر بالسعادة وتقبل على الحياة.
يجب على مولود برج الحوت خلال الفترة المقبلة، أن يقدر مشاعر شريك حياته وينصت له جيداً، ويبتكر أفكار جديدة ومختلفة تساعده على التفوق في عمله.
يتمتع مولود برج العقرب بالعديد من الصفات والتي منها الشخصية القوية، والطموح الذى ليس له حدود، كما يستطيع تحمل المسئولية وعن جدارة.
يتسم مولود
برج العقرب
بصفات أخرى بالإخلاص وحفظ أسرار أصدقائه، كما يتمتع بذكاء مميز ويحرص على تحقيق العدل لذلك يلجأ إليه الناس للتحكيم بينهم.
ومن مشاهير برج العقرب الفنان أحمد زكي، ويقدم ""اليوم السابع"" توقعات علماء الفلك لأصحاب برج العقرب على الصعيد الصحي والمهني والعاطفي.
تستطيع بموهبتك تحقيق ما لايقدر عليه الآخرون، لذلك فأنت دائماً متفوق على من حولك بإهتمامك بعملك وحرصك الدائم على تطوير أدواتك وأفكارك.
إنصاتك الدائم لشريك حياتك وحرصك على تخصيص بعض الوقت له جعل علاقتكما قوية ومميزة، وساعد على شعورك بالسعادة دائماً.
حصولك اليومى على قسط كافٍ من النوم، وممارسة التمارين الرياضية جعلك تشعر بالحيوية والنشاط طوال اليوم.
يجب على مولود برج العقرب خلال الفترة المقبلة، أن يظل يبتكر أفكار جديدة حتى يصل لما يحلم به ويستحقه في عمله.
يتمتع مولود برج الميزان بالعديد من الصفات والتي منها حرصه على تحقيق العدل سواء في حياته المهنية أو الاجتماعية كما يعامل من حوله بدبلوماسية .
يعشق مولود
برج الميزان
الجمال والفن والنظام، ويبحثون دائمًا عن التوازن في كل شيء بحياته، كما يحرص على تحقيق العدل ويعرف بأناقته وتردده الدائم في قراراته.
ومن مشاهير برج الميزان الفنان عمرو دياب، ويقدم ""اليوم السابع"" توقعات علماء الفلك لأصحاب برج الميزان على الصعيد الصحي والمهني والعاطفي.
لا تقلق إذا جاءت النتائج عكس المتوقع، لا تتراجع في هذه اللحظة بل غير خطتك واستبدلها بأخرى مواكبة للوضع الحالي حتى تحقق ما تحلم به.
لا تجادل شريك حياتك طوال الوقت حتى لا تحول حياتك معه لجحيم لا ينتهى، بل حاول أن تناقشه في أي أمر حتى تفهمه وتصلح علاقتك به .
احرص على تنوع في طعامك بشكل يومى، حتى تحصل على جميع العناصر الغذائية التي تحتاج إليها لتحافظ على صحتك.
يجب على مولود برج الميزان خلال الفترة المقبلة، أن ينوع في طعامه ويمارس التمارين الرياضية بشكل يومى ويجدد في أفكاره ليتفوق في عمله.
يتمتع مولود
برج السرطان
بالعديد من الصفات والتي منها حبه لعمله كما يتصف بشخصية قيادية مميزة، ويتعامل بحكمة مع كافة الأمور المختلفة، ويتسم بطيبة القلب .
يعرف مواليد برج السرطان بصفات أخرى منها غيرته الشديدة على شريك حياته ومزاجيته وعصبيته أحياناً، كما يحب الجلوس مع عائلته لفترة طويلة، ويعرف بحبه للحياة.
ومن مشاهير برج السرطان الفنانة نيكول سابا، ويقدم ""اليوم السابع"" توقعات علماء الفلك لأصحاب برج السرطان على الصعيد الصحي والمهني والعاطفي.
صحح أخطائك وتعلم منها حتى لا تكررها مرة أخرى في حياتك، وضع خطة مرنة تساعدك على مواكبة كل ماهو جديد ومختلف في حياتك.
افتح قلبك وخوض تجربة الحب الجديدة، ولكن استشير عقلك بين الحين والآخر حتى تتجنب الشعور بأى خيبات أو ألم خلال الفترة المقبلة.
احرص على شرب الماء خلال اليوم، ولا تفرط في تناول الأطعمة الغنية بالدهون والسكريات، ومارس الرياضة بشكل يومى.
يجب على مولود برج السرطان خلال الفترة المقبلة، أن يصحح أخطاءه ولا يكررها ويضع خطة مرنة تساعده على مواكبة الواقع.
يتميز مولود برج الدلو بالعديد من الصفات والتي منها تمتعه بشخصية مستقلة لذلك لا ينفذ أي أوامر تملى عليه من أي شخص كما يتسم بالكرم والحرص على مساعدة من يحتاج إليه.
يتمتع مولود برج الدلو بصفات أخرى منها الشجاعة و يمتلك عقلية تجارية تساعده على إبتكار أفكار لمشاريع مميزة، كما يتسم بالتردد في إتخاذ القرارات.
ومن مشاهير
برج الدلو
الفنان نجيب الريحانى، ويقدم ""اليوم السابع"" توقعات علماء الفلك لأصحاب برج الدلو على الصعيد الصحى والمهنى والعاطفى.
لا تلتفت لمن حولك و ركز فقط في تحقيق هدفك الذى تسعى إليه، كما عليك الإطلاع على كل ماهو جديد حتى تطور من أدواتك وقدراتك المهنية.
ناقش شريك حياتك بهدوء ولا تنفعل عليه مرة أخرى وحاول بين الحين والآخر تحسين علاقتك به حتى تعيش معه حياة سعيدة هادئة.
نظم مواعيد نومك حتى تحصل على قسط كافٍ من النوم، ومارس التمارين الرياضية بشكل يومى حتى تشعر بالنشاط والحيوية.
يجب على مولود برج الدلو خلال الفترة المقبلة، أن يركز فقط في عمله ويطور من أدواته ويمارس التمارين الرياضية بشكل يومى.
يتسم مولود برج الحمل بالعديد من الصفات والتي منها تمتعه بشخصية قيادية حكيمة لذلك يتولى المناصب الإدارية في أي مؤسسة يعمل بها.
يتسم مولود برج الحمل بصفات أخرى منها تسرعه في إتخاذ القرارات سواء في حياته المهنية أو الاجتماعية، كما يعرف بأنه شخصية عملية.
ومن مشاهير
برج الحمل
الفنانة صبا مبارك، ويقدم ""اليوم السابع"" توقعات علماء الفلك لأصحاب برج الحمل على الصعيد الصحي والمهني والعاطفي.
رتب أفكارك قبل طرحها على رئيسك في العمل حتى تستطيع إقناعه بها وتنفذها خلال الفترة المقبلة، مما يشعرك بالسعادة والثقة بالنفس.
عاتب شريك حياتك على الأخطاء التي ارتكبها في حقك، وافتح صفحة جديدة معه حتى تعود علاقتكما هادئة ومستقرة كما كانت في الماضى.
احرص على اتباع نظام غذائى صحى يساعدك على خسارة وزنك الزائد، مع ممارسة التمارين الرياضية المناسبة لك حتى تستعيد رشاقة جسمك.
يجب على مولود برج الحمل خلال الفترة المقبلة، أن يتبع نظام غذائى صحى حتى يحافظ على صحته ويمارس الرياضة بشكل يومى حتى يخسر وزنه الزائد.
يتسم مولود
برج القوس
بالعديد من الصفات والتي منها حبه الحياة والتفاؤل الدائم، كما يتمتع بشخصية إجتماعية لذلك يمتلك الكثير من الأصدقاء.
يتميز مولود برج القوس بصفات أخرى منها حبه للتسوق في المحلات التجارية كما يتمتع بروح فكاهية لكنه عصبى وهذا ما يدفعه لإتخاذ قرارات خاطئة في بعض الأحيان.
ومن مشاهير برج القوس الفنان محمد سعد، ويقدم ""اليوم السابع"" توقعات علماء الفلك لأصحاب برج القوس على الصعيد الصحي والمهني والعاطفي.
احرص على إنجاز المهام المطلوبة منك في وقت قصير، ولكن أحذر من إرتكاب أي أخطاء حتى لا تتعرض للعقاب واستفيد من الوقت الباقى في إبتكار أفكار جديدة.
ردد الجمل الرومانسية على مسامع شريك حياتك بين الحين والآخر، كما احرص على شراء الهدايا له في المناسبات المختلفة حتى يشعر بإهتمامك .
اتبع نظام غذائى صحى خالى من الدهون، ولا تنغمس في الأفكار السلبية حتى تحافظ على صحتك الجسدية والنفسية مع مرور الوقت.
يجب على مولود برج القوس خلال الفترة المقبلة، أن يحرص على تجديد أفكاره بين الحين والآخر حتى ينجح في حياته.
يتسم مولود برج الثور بالعديد من الصفات والتي منها تمتعه بشخصية قيادية كما يفرط في تناول الأطعمة الدسمة، كما يعرف بغيرته الشديدة على شريك حياته.
يتميز مولود برج الثور بصفات أخرى منها إهتمامه بأناقته ويتعامل بحكمة مع كافة الأمور التي تواجهه ولكنه عناده يتسبب في خسارته وإرتكابه العديد من الأخطاء.
ومن مشاهير
برج الثور
الفنان جورج كلونى، ويقدم ""اليوم السابع"" توقعات علماء الفلك لأصحاب برج الثور على الصعيد الصحي والمهني والعاطفي.
لا تخسر المكاسب التي جمعتها حتى الآن، بل حاول أن تطور من نفسك الفترة المقبلة حتى تحقق المزيد من النجاحات والتفوق في عملك.
اكسب شريك حياتك بالتودد له وتحسين علاقتك به وبعائلته، ولا تنسى أطفالك وخصص لهم بعض الوقت واستمع لمشاكلهم وأحرص على حلها.
لا تنسى تناول وجبة الإفطار بشكل يومى ومارس التمارين الرياضية، حتى تحافظ على رشاقتك، وإياك والإفراط في تناول الكافيين حتى لا تصاب بالأرق.
يجب على مولود برج الثور خلال الفترة المقبلة، أن يمارس التمارين الرياضية ويطور من نفسه حتى يحقق المزيد من النجاحات في حياته المهنية.
يظل
برج الجدي
الجاد دائمًا وفيًا لجذوره ويتحمل المسؤولية والإنضباط من سمات مولود هذا البرج، كما يتمتع بشخصية قيادية حكيمة، ويميل للجلوس فى الأماكن الهادئة ويبعد عن الضوضاء.
أصحاب برج الجدى رفقاء عاطفيون لا يواجهون مشكلة في اتخاذ المبادرة. فإن الجدي متواضع وهادئ ومعقول ومستعد لإيجاد حلول لأي مشاكل قد تنشأ.
ومن مشاهير برج الجدى الفنانة ياسمين عبد العزيز، ويقدم ""اليوم السابع"" توقعات علماء الفلك لأصحاب برج الجدى على الصعيد الصحى والمهنى والعاطفى.
تصبح جهودك مرئية دون لفت الإنتباه. تسير المناقشات حول الأهداف بسلاسة عندما تلتزم بالحقائق. تجنب مشاكل السيطرة غير الضرورية مع زملائك في الفريق.
احرص على تحسين علاقتك بالحبيب واتخذ خطوات إيجابية فى علاقتكما حتى تشعر بالاستقرار العاطفى وإياك وأن تنصت لمن يحاولون إثارة المشاكل بينكما.
انتبه لوضعية جسمك أثناء ساعات العمل الطويلة. الحركة اللطيفة تُخفف التيبس. تجنب إهمال الراحة لإنجاز المهام وقت الراحة المسائي مهم.
تظهر عاطفتك اليوم من خلال المسؤولية والموثوقية. أنت تفضل الأفعال الهادفة على المظاهر الباذخة. يقدر شركاؤك دعمك المستمر وخططك الواضحة. أما العزاب، فيجذبون الاهتمام بنضجهم وثقتهم الهادئة.
برج العذراء
محافظ ومجتهد ولديه حس عميق بالإنسانية على الرغم من أنه قد يبدو غير مبالٍ، إلا أن العذراء في الواقع  عاطفي يختار رفاقه بحكمة بعد مراقبة دقيقة على مدى فترة طويلة من الزمن.
يتمتع برج العذراء بعين ثاقبة لكل التفاصيل الصغيرة، ويزدهر في البيئات التي يمكنه فيها استخدام مهاراته العملية والتنظيمية مع ذلك، فإن سمات برج العذراء واهتمامه بالتفاصيل قد تؤدي إلى إفراطه في التفكير والقلق.
ومن مشاهير برج العذراء الفنان خالد النبوى، ويقدم ""اليوم السابع"" توقعات علماء الفلك لأصحاب برج العذراء على الصعيد الصحى والمهنى والعاطفى.
يزداد تركيزك العاطفي حدةً، مما يساعدك على الانتباه إلى التحولات الدقيقة والديناميكيات في بيئة العمل، سيدفعك وعيك الداخلي إلى التعبير عن مشاعرك بوضوح.
لقد حجبت سوء الفهم والعقبات غير الضرورية مشاعركما تجاه بعضكما البعض في الفترة الأخيرة. اليوم، قد تواجهان حدثًا يزيل كل هذه الشكوك، ويكشف عن جوهر إلتزامكما الصادق والعميق والدائم.
اتباع نظام غذائي صحي، وممارسة اليوجا والتأمل، كلها أمور تساعدك فى الحفاظ على صحة جيدة والتخلص تدريجياً من التوتر المتراكم في ذهنك وجسمك.
يمكنك الآن أن تجد الراحة في إعادة التواصل مع أحبائك وأصدقائك القدامى. استمتع بحياتك الاجتماعية الآن، وتواصل مع أصدقاء قدامى أو أفراد من عائلتك لم تسمع عنهم منذ مدة طويلة. ستشعر أيضًا بتغير في وعيك، قد يحدث تدريجيًا أو قد يباغتك فجأة. من الأفضل أن تستمع إلى حدسك الآن.
برج الأسد
هو أكثر الأبراج نشاطًا وحيوية في دائرة الأبراج ويستمتعون بالإهتمام ويوحدون كل من حولهم بروح الدعابة والجاذبية، برج الأسد مستعدون لأخذ زمام الأمور والسيطرة على أي موقف.
يتمتع مولود الأسد بالدفء والوعي الذاتي والدافع ويتعامل بشكل جيد مع الأشخاص الذين يطابقون دافعهم وشغفهم حتى لا تتغلب شعلة شخص آخر على شعلة شخص آخر.
ومن مشاهير برج الأسد الفنانة منة شلبى، ويقدم ""اليوم السابع"" توقعات علماء الفلك لأصحاب برج الأسد على الصعيد الصحى والمهنى والعاطفى.
لديك قدرة على تحقيق أي شيء تريده، لا تعر اهتمامًا لما يعتقده الآخرون عنك. إنهم يتظاهرون بإنتقادك ليشعروك بالدونية، لكنهم في قرارة أنفسهم يعلمون أنك موهوب. لذا استمتع بثقتك بنفسك.
قد يكون من الصعب عليك اليوم التواصل مع من تحب. أنت قريب منه بالفعل، لكنك ما زلت تحاول، بدافع من عدم النضج، فرض مشاعرك عليه. الحل الأمثل هو أن تتعرفا على بعضكما جيدًا قبل أن تقررا التقرب أكثر، عاطفيًا وجسديًا. ستتحسن علاقتكما كثيرًا بعد هذه المشاركة العاطفية.
روتين مسائي هادئ يدعم جودة النوم. العادات الصغيرة والمستمرة تُحسّن القدرة على التحمل والمزاج، مما يساعدك على البقاء مرتاحًا ونشيطًا طوال اليوم دون إجهاد أو إرهاق، مع صفاء ذهني عام.
ستشعر اليوم بميلٍ للإندفاع، وقد تدفعك هذه الطاقة إلى التصرف بعفوية. تميل إلى التسرع في المشاريع دون تفكيرٍ كافٍ، مما قد يُسبب مشاكل غير ضرورية في العمل والحياة الأسرية.
يتميز
برج الجوزاء
بالفضول والتواصل الإجتماعي والفكر والإنتقال من شيء إلى آخر،  لكنه قد يكون متردد، مواليد هذا البرج مبدعون محبون للمرح والحياة،  قد يواجهون صعوبة في الإلتزام بوظيفة بسبب حاجتهم إلى المغامرة والتجارب الجديدة .
أصحاب برج الجوزاء ينجحون في المواقف التي يمكنهم فيها أن يكونوا مبدعين، ويتحدثون مع الآخرين بفلسفة، ويتمتعون بمستوى معين من الحرية والمرونة.
ومن مشاهير برج الجوزاء الفنانة انجلينا جولى، ويقدم ""اليوم السابع"" لمولود برج الجوزاء توقعات الأبراج وحظك اليوم على الصعيد المهنى والعاطفى والصحى.
اغتنم الفرصة هذا يوم رائع تحديدًا لمن يعملون كمتحدثين تحفيزيين أو في مجالاتٍ مشابهة. ستتمكن من التواصل بشكلٍ أفضل مع الجماهير، وستحصل على أجرٍ مجزٍ مقابل ذلك.
قد يعبر صديق مقرب عن مشاعره تجاهك اليوم. قد لا يكون ذلك بالكلام، بل بالأفعال. وقد يكون الأمر خفيًا للغاية. انتبه لهذه الأمور. هناك احتمال كبير أن تتحوّل الصداقة إلى علاقة عاطفية.
يساعد النوم في وقت محدد على التعافي. المشي الخفيف يُعيد التوازن، مما يُساعد على الشعور بتوازن الطاقة والتحكم بها طوال اليوم.
اليوم، أنت ملتزم بلعبة القوة، مستخدماً أي وسيلة لتحقيق أهدافك. بعد أن كنت محاصراً لفترة طويلة، قد يمنحك تدفق من الطاقة من الكواكب الآن ثقةً بالنفس.",2026-01-11
تفسير حلم الثور عدوان أم قدرات قوية لديك,https://www.youm7.com/story/2026/1/10/%D8%AA%D9%81%D8%B3%D9%8A%D8%B1-%D8%AD%D9%84%D9%85-%D8%A7%D9%84%D8%AB%D9%88%D8%B1-%D8%B9%D8%AF%D9%88%D8%A7%D9%86-%D8%A3%D9%85-%D9%82%D8%AF%D8%B1%D8%A7%D8%AA-%D9%82%D9%88%D9%8A%D8%A9-%D9%84%D8%AF%D9%8A%D9%83/7263091,youm7.com,"الأحلام عادة ما تفتح أمامنا أبوابًا لفهم أنفسنا بشكل أعمق، ومن بين الرموز الأكثر إثارة في عالم الأحلام، يبرز الثور كرمز للقوة، العناد، والسيطرة، وهو مخلوق يجمع بين القوة البدائية والحكمة الخفية،
رؤية الثور
في الحلم ليست مجرد مشهد عابر، بل دعوة للتأمل في
طاقتك الداخلية
وطموحاتك، وحتى التحديات التي قد تواجهها في حياتك، سواء كنت تبحث عن إشارات للثقة بنفسك أو لفهم دوافعك وعلاقاتك، فإن تحليل هذا الحلم يمكن أن يكشف لك عن جوانب لم تكن تتوقعها، ويمنحك فرصة للتوازن بين القوة والسيطرة والإبداع في حياتك اليومية، لذا نستعرض
تفسير حلم الثور
، وفقا لما نشره موقع "" dreamdecoder"".
تفسير حلم
الثور قد يكون من الأشياء الغريبة التي قد يراها الشخص منا، حيث يعد الثور في الأحلام رمزًا للقوة البدائية، سواء كانت جسدية أو عاطفية، يعكس هذا الحلم جانبًا من الطبيعة البرية والطاقة الخام التي تسكن داخلنا، قد يشير
الحلم بالثور
إلى شعورك بالقوة والثقة، أو إلى مواجهة تحدٍ يتطلب منك استدعاء قوتك الداخلية، كما يمكن أن يمثل الثور الذكورة والطاقة، بالنسبة للمرأة، قد يعكس شعورًا بالسيطرة والقوة، أما للرجل فقد يدل على الشعور بالرجولة و
الثقة بالنفس
.
يمكن أن يرمز الثور في الحلم إلى العدوانية والغضب المكبوت، قد يكون إنعكاسًا لمشاعرك الداخلية، أو تحذيرًا من شخص أو موقف يثير غضبك، إذا هاجمك الثور أو حاول الإعتداء عليك، فقد يكون ذلك إشارة إلى
شعورك بالإرهاق
أو التعرض للضغط أو الغضب الكبير، بالمقابل، إذا تمكنت من ركوب الثور أو السيطرة عليه، فهذا يدل على تعلمك كيفية توجيه عدوانيتك وتحويلها إلى طاقة إيجابية.
يرتبط الثور في
الأحلام بالخصوبة
والإبداع لدى الحالم، وقد يشجع على التعبير عن القدرات وتحقيق الأهداف بعزيمة، كما يرمز الثور إلى العناد والإصرار، فالحالم قد يكون مصممًا على تحقيق هدف محدد، أو يحتاج إلى التحلي بالقوة والثبات لمواجهة التحديات، رؤية الثور في الحلم تعكس كذلك الثقة بالنفس وقدرة الحالم على فرض إرادته بشكل إيجابي.
يظهر الثور أحيانًا كرمز للسيطرة والرغبة في فرض النفوذ على الآخرين أو السيطرة على المواقف، قد يعكس الحلم شعورك بالعجز أو الإرهاق، أو ربما رغبتك في السيطرة على حياتك، كما يرتبط الثور بالاستقرار، فهو يذكرك بضرورة البحث عن التوازن والثبات في حياتك اليومية، يمكن للثور أن يكون دليلًا على القدرة على تجاوز الأزمات والتحديات، والإعتماد على قوتك الداخلية للبقاء ثابتًا ومتوازنًا في مواجهة التغيرات.
الثيران في الأحلام غالبًا ما تمثل التحديات التي نواجهها في الحياة الواقعية، إذا حلمت بثور، فقد يشير ذلك إلى استعدادك لمواجهة صعوبة أو تحدٍ جديد، التغلب على الثور في الحلم يعكس قدرتك على تجاوز العقبات وتحقيق النجاح، بينما هزيمته قد تكون تحذيرًا بضرورة تعزيز السيطرة والانضباط الشخصي، الحلم بالثور يدعوك دائمًا للاعتماد على قوتك وعزيمتك ومواجهة الحياة بثقة وثبات.",2026-01-11
فرحك قرب اعرفى إزاى تختارى فستان الزفاف المناسب ليكى,https://www.youm7.com/story/2026/1/10/%D9%81%D8%B1%D8%AD%D9%83-%D9%82%D8%B1%D8%A8-%D8%A7%D8%B9%D8%B1%D9%81%D9%89-%D8%A5%D8%B2%D8%A7%D9%89-%D8%AA%D8%AE%D8%AA%D8%A7%D8%B1%D9%89-%D9%81%D8%B3%D8%AA%D8%A7%D9%86-%D8%A7%D9%84%D8%B2%D9%81%D8%A7%D9%81-%D8%A7%D9%84%D9%85%D9%86%D8%A7%D8%B3%D8%A8-%D9%84%D9%8A%D9%83%D9%89/7263793,youm7.com,"قد يكون اختيار
فستان الزفاف
مهمة شاقة للعديد من الفتيات فهناك العديد من العناصر التي يجب مراعاتها عند اختيار
الفستان المثالى
مثل شكل جسمكِ وذوقكِ العام في حفل زفافك، وحسب ما ذكره موقع karenwillisholmes إليكِ بعض النصائح التي  يجب مراعاتها قبل اختيار فستان الزفاف المثالي، وهى:
هناك عدة عوامل يجب مراعاتها عند البحث عن
فستان أحلامك
، فالشعور بالراحة والثقة في يومك الكبير. فستان زفافك يعكس شخصيتك هو الأهم، فكري في شكل جسمك والأنماط التي تشعرين بالراحة عند ارتدائها والتي تجدينها الأنسب لكِ، اطرحي على نفسك هذه الأسئلة عند البحث عن فستان زفافك، وهى:
1:هل ترغبين في إبراز جزء معين من جسمك؟ إذا كان ظهرك، جربي فساتين بفتحة صدر منخفضة أو ظهر مكشوف. أما إذا كنتِ تحبين عظام الترقوة، فجربي فستان زفاف بدون حمالات.
2:ما مدى رسمية حفل زفافك؟ سواء كان رسميًا أم غير رسمي، سيساعدك هذا أيضًا في تحديد نوع الفستان الذي ستختارينه.
3:أين سيُقام حفل زفافك؟ وكيف سيكون الطقس؟ سيكون هذا عاملًا مهمًا آخر في عملية اتخاذ القرار. إن وضع هذه الأسئلة في الاعتبار أثناء بحثك عن فستان أحلامك سيساعدك كثيرًا في العثور على فستان الزفاف المثالي الذي يناسب احتياجاتك.
- تتوفر أنواع عديدة من فساتين الزفاف، لكل منها أسلوبها وخصائصها الفريدة. من الأمور التي يجب مراعاتها: شكل الفستان، وفتحة الرقبة، ونوع القماش. بالنسبة لشكل وفساتين الكرة هي فساتين كلاسيكية ذات تنورة واسعة وخصر ضيق. أما فساتين الزفاف ذات القصة المستقيمة أو على شكل حرف A، فهي تشبه فساتين الكرة، لكن تتسع تنورتها قليلاً من الخصر.
- بينما فساتين حورية البحر أو الفساتين الضيقة من الأعلى والواسعة من الأسفل، فهي ضيقة من الصدر والوركين قبل أن تتسع عند الركبة أو أسفلها. أما فساتين العمود، فهي ضيقة بقصة مستقيمة تُطيل الجسم. بينما فساتين الشاي والمستوحاة من فساتين القرن التاسع عشر أقصر، وغالبًا ما تصل إلى منتصف الساق، وهي مثالية لحفلات الزفاف غير الرسمية أو ذات الطابع الكلاسيكي. كما تتوفر العديد من فتحات الرقبة، مثل فتحة الرقبة على شكل حرف V، والفتحة الدائرية، والفتحة بدون حمالات، والفتحة المربعة. جربي أكبر عدد ممكن من التصاميم لتحديد ما يناسب صدرك وكتفيك ومنطقة أعلى صدرك.
- ومن العناصر المهمة أيضًا عند اختيار فستان الزفاف، تنوع الأقمشة المتاحة، فهناك بعض الأمور التي يجب معرفتها قبل البدء بالتسوق، وهى:
-ميكادو، هذا القماش اللامع والعصري الذى يمنح فستان زفافك قوامًا متناسقًا وشكلًا أنيقًا، وكأنه مصمم خصيصًا لكِ، إنه قماش ثقيل الوزن مثالي لفساتين الزفاف ذات الكورسيهات، والقصات الضيقة من الأعلى والواسعة من الأسفل، والتنانير الواسعة من الأسفل.
-الحرير/الساتان، يصمم منه فستان زفاف أنيق ويتميز بقصاته التي تبرز جمال القوام، وقصاتها المائلة، وفتحات الصدر الجريئة، والفتحات الجانبية العالية، والظهر المكشوف، والتفاصيل المميزة. ستشعرين بالتألق والجمال عند ارتدائه، لأن الأنظار ستكون عليكِ. سواء كنتِ ترغبين في حفل زفاف رسمي أو غير رسمي، فخم أو بسيط، تقليدي أو جريء، ستجدين بالتأكيد فستان ساتان بقصة وتصميم يناسب رؤيتكِ وموضوع حفل زفافكِ. إذا كنتِ تتخيلين إطلالة بسيطة، فقد يكون فستان الزفاف الحريري مثاليًا لكِ.
-الكريب، تتجلى عناصر الخداع البصري، والفتحات الجانبية، والظهر المكشوف، والأكمام الخلابة في تشكيلة من قطع الكريب البسيطة (والتي تتميز في الوقت نفسه بتفاصيلها الدقيقة). بفضل استخدام خطوط خياطة أنيقة وهيكلية، سيُبرز فستان زفاف الكريب جمال قوامك. يتميز فستان الكريب العصري الأنيق ببساطته وعفويته، مع لمسات مميزة تُضفي عليكِ تألقًا في يوم زفافك، وتخلد ذكراه في صور زفافك لسنوات قادمة.
-الدانتيل، يمكن أن تجمع فساتين الزفاف المصممة من الدانتيل بين الطابع الكلاسيكي العتيق أو الطابع العصري أو البوهيمي، فستان زفاف من الدانتيل مصمم بأكمام طويلة وفتحة رقبة عالية شفافة يخطف الأنفاس بجماله، وكذلك فستان بدون حمالات بتصميم دانتيل منحوت أما بالنسبة لحفلات الزفاف ذات الطابع الخاص، فإن الدانتيل يناسب تمامًا أجواء الحدائق.
- وفي النهاية، يعتمد اختيارك للقماش على ذوقك الشخصي والجو العام لحفل زفافك. من خلال استكشاف خيارات الأقمشة المختلفة المتاحة، يمكنكِ إيجاد القماش المثالي الذي سيجعلكِ تشعرين بالجمال والراحة في يومكِ المميز.
وضعى في اعتبارك أيضًا خيارات الإكسسوارات مثل الطرحة، والأكمام المنتفخة، أو القفازات بدون أصابع. من خلال الخروج من منطقة راحتك واستكشاف أنواع فساتين الزفاف المختلفة المتاحة، يمكنكِ إيجاد التصميم الأمثل الذي يناسب شخصيتكِ وميزانيتكِ ورؤيتكِ الشاملة لحفل زفافكِ.",2026-01-11
6 أنواع أساسية من الأحذية ذات الكعب العالى لازم تكون فى دولابك,https://www.youm7.com/story/2026/1/10/6-%D8%A3%D9%86%D9%88%D8%A7%D8%B9-%D8%A3%D8%B3%D8%A7%D8%B3%D9%8A%D8%A9-%D9%85%D9%86-%D8%A7%D9%84%D8%A3%D8%AD%D8%B0%D9%8A%D8%A9-%D8%B0%D8%A7%D8%AA-%D8%A7%D9%84%D9%83%D8%B9%D8%A8-%D8%A7%D9%84%D8%B9%D8%A7%D9%84%D9%89-%D9%84%D8%A7%D8%B2%D9%85-%D8%AA%D9%83%D9%88%D9%86/7263057,youm7.com,"لا يُعد الحذاء
ذو الكعب العالي
مجرد قطعة مكملة للإطلالة، بل هو تفصيلة قادرة على تغيير المظهر بالكامل، ومنح المرأة حضورًا أقوى وثقة أكبر في كل خطوة، ومع تنوع التصاميم والإرتفاعات والخامات، قد يبدو اختيار الأحذية المناسبة مهمة محيّرة، لكن الحقيقة أن
خزانة الأحذية الذكية
لا تحتاج إلى عدد كبير بقدر ما تحتاج إلى قطع أساسية مختارة بعناية، تناسب مختلف المناسبات وتخدم أكثر من إطلالة، من المكتب إلى السهرات، ومن
الإطلالات الكلاسيكية
إلى العصرية، لذا نستعرض الأنواع التي لا غنى عنها في خزانة أي امرأة، وفقا لما نشره موقع "" editorialist"".
يُعتبر
الكعب الكلاسيكي
حجر الأساس في أي خزانة أحذية نسائية، يتميز بتصميمه البسيط والمغلق من الأمام، وكعبه المتوسط أو العالي الذي يمنح أناقة فورية دون مبالغة، هذا النوع مثالي للعمل والإجتماعات الرسمية، كما يمكن تنسيقه بسهولة مع الفساتين، البدل، أو حتى الجينز لإطلالة راقية.
عندما يتعلق الأمر
بالأناقة الجريئة
والأنوثة الطاغية، يتصدر كعب الستيلتو المشهد، بكعبه الرفيع وإرتفاعه اللافت، يمنح القوام مظهرًا أكثر رشاقة ويضفي لمسة فاخرة على أي إطلالة، يُعد الخيار المفضل للمناسبات المسائية، الحفلات، والسهرات الخاصة، حيث يلفت الأنظار ويعكس ثقة عالية.
يجمع الكعب العريض بين الأناقة والراحة، ما يجعله خيارًا مثاليًا للاستخدام اليومي أو المناسبات الطويلة، تصميمه الثابت يوفر توازنًا أفضل للقدم، ويقلل من الشعور بالإجهاد مقارنة بالكعب الرفيع، يمكن تنسيقه مع الفساتين اليومية والتنانير، وحتى الإطلالات الكاجوال الأنيقة.
يضيف الكعب المفتوح لمسة أنثوية ناعمة، ويُعد خيارًا مثاليًا لفصلي الربيع والصيف، يسمح هذا التصميم بإظهار جزء من القدم، ما يمنح الإطلالة خفة وانتعاشًا، خاصة عند تنسيقه مع
الفساتين الخفيفة
أو الإطلالات النهارية الأنيقة، يمكن أن يكون بكعب عالٍ أو متوسط، ما يجعله مرنًا للاستخدام في أكثر من مناسبة، من المناسبات الرسمية الخفيفة إلى
الخروجات اليومية
.
لا تكتمل خزانة الأحذية دون زوج مخصص للمناسبات الخاصة، يتميز هذا النوع بتفاصيل لافتة مثل الأحجار اللامعة، التطريز، أو الخامات الفاخرة كالمخمل والساتان، هو الخيار المثالي للأعراس والحفلات الكبرى، حيث يعمل كقطعة مجوهرات تكمل الإطلالة، يُفضل اختياره بلون لافت أو معدني ليمنح الفستان لمسة إضافية من الفخامة دون الحاجة لإكسسوارات كثيرة.
لمن تبحث عن الأناقة الهادئة والراحة في آن واحد، يُعد الكعب المتوسط خيارًا مثاليًا، يتميز بإرتفاعه البسيط الذي يمنح مظهرًا أنيقًا دون إجهاد القدمين، ما يجعله مناسبًا للعمل، اللقاءات النهارية، والسفر، هذا النوع عاد بقوة في السنوات الأخيرة، وأصبح رمزًا للأناقة الكلاسيكية العصرية، خاصة عند تنسيقه مع قطع بسيطة وألوان ناعمة.",2026-01-11
برج الجوزاء حظك اليوم الأحد 11 يناير علاقة عاطفية,https://www.youm7.com/story/2026/1/11/%D8%A8%D8%B1%D8%AC-%D8%A7%D9%84%D8%AC%D9%88%D8%B2%D8%A7%D8%A1-%D8%AD%D8%B8%D9%83-%D8%A7%D9%84%D9%8A%D9%88%D9%85-%D8%A7%D9%84%D8%A3%D8%AD%D8%AF-11-%D9%8A%D9%86%D8%A7%D9%8A%D8%B1-%D8%B9%D9%84%D8%A7%D9%82%D8%A9-%D8%B9%D8%A7%D8%B7%D9%81%D9%8A%D8%A9/7260072,youm7.com,"يتميز برج الجوزاء بالفضول والتواصل الإجتماعي والفكر والإنتقال من شيء إلى آخر،  لكنه قد يكون متردد، مواليد هذا البرج مبدعون محبون للمرح والحياة،  قد يواجهون صعوبة في الإلتزام بوظيفة بسبب حاجتهم إلى المغامرة والتجارب الجديدة .
أصحاب
برج الجوزاء
ينجحون في المواقف التي يمكنهم فيها أن يكونوا مبدعين، ويتحدثون مع الآخرين بفلسفة، ويتمتعون بمستوى معين من الحرية والمرونة.
ومن مشاهير برج الجوزاء الفنانة انجلينا جولى، ويقدم ""اليوم السابع"" لمولود برج الجوزاء توقعات الأبراج وحظك اليوم على الصعيد المهنى والعاطفى والصحى.
اغتنم الفرصة هذا يوم رائع تحديدًا لمن يعملون كمتحدثين تحفيزيين أو في مجالاتٍ مشابهة. ستتمكن من التواصل بشكلٍ أفضل مع الجماهير، وستحصل على أجرٍ مجزٍ مقابل ذلك.
قد يعبر صديق مقرب عن مشاعره تجاهك اليوم. قد لا يكون ذلك بالكلام، بل بالأفعال. وقد يكون الأمر خفيًا للغاية. انتبه لهذه الأمور. هناك احتمال كبير أن تتحوّل الصداقة إلى علاقة عاطفية.
يساعد النوم في وقت محدد على التعافي. المشي الخفيف يُعيد التوازن، مما يُساعد على الشعور بتوازن الطاقة والتحكم بها طوال اليوم.
اليوم، أنت ملتزم بلعبة القوة، مستخدماً أي وسيلة لتحقيق أهدافك. بعد أن كنت محاصراً لفترة طويلة، قد يمنحك تدفق من الطاقة من الكواكب الآن ثقةً بالنفس.",2026-01-11
برج العذراء حظك اليوم الأحد 11 يناير تواصل مع أصدقاء قدامى,https://www.youm7.com/story/2026/1/11/%D8%A8%D8%B1%D8%AC-%D8%A7%D9%84%D8%B9%D8%B0%D8%B1%D8%A7%D8%A1-%D8%AD%D8%B8%D9%83-%D8%A7%D9%84%D9%8A%D9%88%D9%85-%D8%A7%D9%84%D8%A3%D8%AD%D8%AF-11-%D9%8A%D9%86%D8%A7%D9%8A%D8%B1-%D8%AA%D9%88%D8%A7%D8%B5%D9%84-%D9%85%D8%B9-%D8%A3%D8%B5%D8%AF%D9%82%D8%A7%D8%A1/7260079,youm7.com,"برج العذراء محافظ ومجتهد ولديه حس عميق بالإنسانية على الرغم من أنه قد يبدو غير مبالٍ، إلا أن العذراء في الواقع  عاطفي يختار رفاقه بحكمة بعد مراقبة دقيقة على مدى فترة طويلة من الزمن.
يتمتع
برج العذراء
بعين ثاقبة لكل التفاصيل الصغيرة، ويزدهر في البيئات التي يمكنه فيها استخدام مهاراته العملية والتنظيمية مع ذلك، فإن سمات برج العذراء واهتمامه بالتفاصيل قد تؤدي إلى إفراطه في التفكير والقلق.
ومن مشاهير برج العذراء الفنان خالد النبوى، ويقدم ""اليوم السابع"" توقعات علماء الفلك لأصحاب برج العذراء على الصعيد الصحى والمهنى والعاطفى.
يزداد تركيزك العاطفي حدةً، مما يساعدك على الانتباه إلى التحولات الدقيقة والديناميكيات في بيئة العمل، سيدفعك وعيك الداخلي إلى التعبير عن مشاعرك بوضوح.
لقد حجبت سوء الفهم والعقبات غير الضرورية مشاعركما تجاه بعضكما البعض في الفترة الأخيرة. اليوم، قد تواجهان حدثًا يزيل كل هذه الشكوك، ويكشف عن جوهر إلتزامكما الصادق والعميق والدائم.
اتباع نظام غذائي صحي، وممارسة اليوجا والتأمل، كلها أمور تساعدك فى الحفاظ على صحة جيدة والتخلص تدريجياً من التوتر المتراكم في ذهنك وجسمك.
يمكنك الآن أن تجد الراحة في إعادة التواصل مع أحبائك وأصدقائك القدامى. استمتع بحياتك الاجتماعية الآن، وتواصل مع أصدقاء قدامى أو أفراد من عائلتك لم تسمع عنهم منذ مدة طويلة. ستشعر أيضًا بتغير في وعيك، قد يحدث تدريجيًا أو قد يباغتك فجأة. من الأفضل أن تستمع إلى حدسك الآن.",2026-01-11
برج الحوت حظك اليوم الأحد 11 يناير قدر مشاعر شريك حياتك,https://www.youm7.com/story/2026/1/11/%D8%A8%D8%B1%D8%AC-%D8%A7%D9%84%D8%AD%D9%88%D8%AA-%D8%AD%D8%B8%D9%83-%D8%A7%D9%84%D9%8A%D9%88%D9%85-%D8%A7%D9%84%D8%A3%D8%AD%D8%AF-11-%D9%8A%D9%86%D8%A7%D9%8A%D8%B1-%D9%82%D8%AF%D8%B1-%D9%85%D8%B4%D8%A7%D8%B9%D8%B1-%D8%B4%D8%B1%D9%8A%D9%83/7262994,youm7.com,"يعد برج الحوت من أكثر الأبراج تسامحًا ويتسم بالعديد من الصفات والتي منها تمتعه بشخصية إجتماعية مرحة لذلك يمتلك العديد من الأصدقاء، كما يعرف بإقباله على الحياة.
يتسم مولود
برج الحوت
بصفات أخرى منها ميله للعيش في الخيال لبعض الوقت الأمر الذى يساعده على إبتكار أفكار جديدة ومختلفة، كما يتصف بالرومانسية والإخلاص والغيرة الشديدة على شريك حياته.
ومن مشاهير برج الحوت الفنان احمد السقا، ويقدم ""اليوم السابع"" توقعات علماء الفلك لأصحاب برج الحوت على الصعيد الصحى والمهنى والعاطفى.
ابتكر أفكار جديدة تساعدك على إبراز مواهبك أمام زملائك حتى تحقق المزيد من الإنجازات، وتشعر بالثقة بالنفس والسعادة خلال الفترة المقبلة.
قدر مشاعر شريك حياتك وأنصت له جيداً، ولا تتجاهله حتى يشعر بتقديرك وإهتمامك به، وحاول أن تخصص له بعض الوقت خلال زحمة يومك.
احصل على قسط كافٍ من النوم بشكل يومى، ولا تغوص في الأفكار السلبية حتى تشعر بالسعادة وتقبل على الحياة.
يجب على مولود برج الحوت خلال الفترة المقبلة، أن يقدر مشاعر شريك حياته وينصت له جيداً، ويبتكر أفكار جديدة ومختلفة تساعده على التفوق في عمله.",2026-01-11
برج العقرب حظك اليوم الأحد 11 يناير سعادة,https://www.youm7.com/story/2026/1/11/%D8%A8%D8%B1%D8%AC-%D8%A7%D9%84%D8%B9%D9%82%D8%B1%D8%A8-%D8%AD%D8%B8%D9%83-%D8%A7%D9%84%D9%8A%D9%88%D9%85-%D8%A7%D9%84%D8%A3%D8%AD%D8%AF-11-%D9%8A%D9%86%D8%A7%D9%8A%D8%B1-%D8%B3%D8%B9%D8%A7%D8%AF%D8%A9/7263001,youm7.com,"يتمتع مولود برج العقرب بالعديد من الصفات والتي منها الشخصية القوية، والطموح الذى ليس له حدود، كما يستطيع تحمل المسئولية وعن جدارة.
يتسم مولود
برج العقرب
بصفات أخرى بالإخلاص وحفظ أسرار أصدقائه، كما يتمتع بذكاء مميز ويحرص على تحقيق العدل لذلك يلجأ إليه الناس للتحكيم بينهم.
ومن مشاهير برج العقرب الفنان أحمد زكي، ويقدم ""اليوم السابع"" توقعات علماء الفلك لأصحاب برج العقرب على الصعيد الصحي والمهني والعاطفي.
تستطيع بموهبتك تحقيق ما لايقدر عليه الآخرون، لذلك فأنت دائماً متفوق على من حولك بإهتمامك بعملك وحرصك الدائم على تطوير أدواتك وأفكارك.
إنصاتك الدائم لشريك حياتك وحرصك على تخصيص بعض الوقت له جعل علاقتكما قوية ومميزة، وساعد على شعورك بالسعادة دائماً.
حصولك اليومى على قسط كافٍ من النوم، وممارسة التمارين الرياضية جعلك تشعر بالحيوية والنشاط طوال اليوم.
يجب على مولود برج العقرب خلال الفترة المقبلة، أن يظل يبتكر أفكار جديدة حتى يصل لما يحلم به ويستحقه في عمله.",2026-01-11
برج الدلو حظك اليوم الأحد 11 يناير ركز فى هدفك,https://www.youm7.com/story/2026/1/11/%D8%A8%D8%B1%D8%AC-%D8%A7%D9%84%D8%AF%D9%84%D9%88-%D8%AD%D8%B8%D9%83-%D8%A7%D9%84%D9%8A%D9%88%D9%85-%D8%A7%D9%84%D8%A3%D8%AD%D8%AF-11-%D9%8A%D9%86%D8%A7%D9%8A%D8%B1-%D8%B1%D9%83%D8%B2-%D9%81%D9%89-%D9%87%D8%AF%D9%81%D9%83/7263985,youm7.com,"يتميز مولود برج الدلو بالعديد من الصفات والتي منها تمتعه بشخصية مستقلة لذلك لا ينفذ أي أوامر تملى عليه من أي شخص كما يتسم بالكرم والحرص على مساعدة من يحتاج إليه.
يتمتع مولود برج الدلو بصفات أخرى منها الشجاعة و يمتلك عقلية تجارية تساعده على إبتكار أفكار لمشاريع مميزة، كما يتسم بالتردد في إتخاذ القرارات.
ومن مشاهير
برج الدلو
الفنان نجيب الريحانى، ويقدم ""اليوم السابع"" توقعات علماء الفلك لأصحاب برج الدلو على الصعيد الصحى والمهنى والعاطفى.
لا تلتفت لمن حولك و ركز فقط في تحقيق هدفك الذى تسعى إليه، كما عليك الإطلاع على كل ماهو جديد حتى تطور من أدواتك وقدراتك المهنية.
ناقش شريك حياتك بهدوء ولا تنفعل عليه مرة أخرى وحاول بين الحين والآخر تحسين علاقتك به حتى تعيش معه حياة سعيدة هادئة.
نظم مواعيد نومك حتى تحصل على قسط كافٍ من النوم، ومارس التمارين الرياضية بشكل يومى حتى تشعر بالنشاط والحيوية.
يجب على مولود برج الدلو خلال الفترة المقبلة، أن يركز فقط في عمله ويطور من أدواته ويمارس التمارين الرياضية بشكل يومى.",2026-01-11
ديب سيك تطلق نموذج ذكاء اصطناعى جديدا مخصصا للبرمجة فى فبراير,https://www.youm7.com/story/2026/1/11/%D8%AF%D9%8A%D8%A8-%D8%B3%D9%8A%D9%83-%D8%AA%D8%B7%D9%84%D9%82-%D9%86%D9%85%D9%88%D8%B0%D8%AC-%D8%B0%D9%83%D8%A7%D8%A1-%D8%A7%D8%B5%D8%B7%D9%86%D8%A7%D8%B9%D9%89-%D8%AC%D8%AF%D9%8A%D8%AF%D8%A7%D9%8B-%D9%85%D8%AE%D8%B5%D8%B5%D8%A7%D9%8B-%D9%84%D9%84%D8%A8%D8%B1%D9%85%D8%AC%D8%A9-%D9%81%D9%89/7263887,youm7.com,"ذكرت صحيفة ""ذي إنفورميشن"" أن شركة
الذكاء الاصطناعي
الصينية الناشئة ""ديب سيك"" تعتزم إطلاق الجيل الجديد من نماذجها، V4، في منتصف فبراير المقبل، مع تركيز خاص على قدرات متقدمة في مجال البرمجة، نقلاً عن مصادر مطلعة على الأمر.
وبحسب التقرير، أظهرت اختبارات داخلية أجراها موظفو الشركة أن النموذج V4 قد يتفوق في مهام
البرمجة
على نماذج منافسة مثل ""كلود"" من ""أنثروبيك"" وسلسلة GPT من ""OpenAI"".
وأضافت الصحيفة أن أحدث
إصدار من V4
حقق أيضاً اختراقات في التعامل مع أوامر برمجية طويلة جداً ومعالجتها بكفاءة، وهو ما قد يمنح المطورين ميزة مهمة عند العمل على مشاريع برمجية معقدة.
وبرزت ""ديب سيك""، التي تتخذ من مدينة هانغتشو مقراً لها، كلاعب محوري في مساعي الصين لبناء منظومتها الخاصة للذكاء الاصطناعي وتعزيز قطاع الرقائق المحلي، بعدما حظيت نماذجها ""ديب سيك V3"" و""ديب سيك R1"" بإشادات من مسؤولين تنفيذيين في وادي السيليكون وفقا لما نقلته رويترز.
أفادت بعض تقارير في وقت سابق بأن الشركة الصينية الناشئة، التي قالت في يناير إنها طورت منافساً منخفض التكلفة لـ""ChatGPT""، واجهت تدقيقاً في بعض الدول بشأن ممارساتها المتعلقة بالأمن والخصوصية.",2026-01-11
آبل تبدأ البحث عن خليفة لتيم كوك من هو جون تيرنوس,https://www.youm7.com/story/2026/1/10/%D8%A2%D8%A8%D9%84-%D8%AA%D8%A8%D8%AF%D8%A3-%D8%A7%D9%84%D8%A8%D8%AD%D8%AB-%D8%B9%D9%86-%D8%AE%D9%84%D9%8A%D9%81%D8%A9-%D9%84%D8%AA%D9%8A%D9%85-%D9%83%D9%88%D9%83-%D9%85%D9%86-%D9%87%D9%88-%D8%AC%D9%88%D9%86/7263893,youm7.com,"أفادت تقارير بأن شركة
آبل
تستعد لتغيير قيادي كبير، مع تفكير
تيم كوك
في مغادرة منصب الرئيس التنفيذي بعد أكثر من عقد على رأس الشركة، وذكرت صحيفة ""نيويورك تايمز"" أن كوك، الذي بلغ 65 عاماً في نوفمبر 2025، أبلغ كبار التنفيذيين بأن الأعباء الحالية أصبحت ثقيلة، وأنه بات يميل إلى نمط حياة أبطأ وأكثر هدوءاً.
وبحسب التقرير، تعمل
آبل
منذ أواخر 2024 على خطة خلافة رسمية، وتعامل احتمال الانتقال القيادي باعتباره مشروعاً حساساً لكنه نشط، ومن المتوقع أن يظل كوك منخرطاً بشكل وثيق في أعمال الشركة، وقد ينتقل إلى منصب رئيس مجلس الإدارة في حال تعيين رئيس تنفيذي جديد لآبل.
ونقلت ""نيويورك تايمز"" عن أشخاص مطلعين، طلبوا عدم الكشف عن هوياتهم، أن كوك أبلغ قادة الصف الأول بشكل خاص بأن عبء العمل أصبح مرهقاً وأنه يرغب في جدول عمل أخف، وأضاف التقرير أن آبل تفضّل تعيين رئيس تنفيذي من داخل الشركة بدلاً من استقدام شخصية من خارجها.
ويقال إن كوك يوجه عدداً من كبار المسؤولين كمرشحين محتملين لخلافته، من بينهم: كريج فيديريجي، النائب الأول لرئيس هندسة البرمجيات؛ وإدي كيو، النائب الأول لرئيس الخدمات؛ وجريج جوسوياك، النائب الأول لرئيس التسويق العالمي؛ وديدري أوبراين، النائب الأول لرئيس قطاع التجزئة والأفراد.
من بين المرشحين الداخليين، يوصف جون تيرنوس، النائب الأول لرئيس هندسة الأجهزة، بأنه المرشح الأبرز لتولي منصب الرئيس التنفيذي لآبل، انضم تيرنوس إلى فريق تصميم المنتجات في آبل عام 2001، وتولى منصبه الحالي عام 2013، وخلال العقد الماضي أشرف على هندسة الأجهزة لمنتجات رئيسية مثل آيفون وآيباد وسماعات أيبودز.
وأضاف التقرير أن تيرنوس لعب دوراً محورياً في انتقال حواسيب ماك إلى معالجات آبل الخاصة، وهو تحول تقني بالغ الأهمية للشركة، كما ينسب إليه وضع الاستراتيجية التي جعلت طرازات آيفون برو أكثر تطوراً وأعلى سعراً من الإصدارات العادية، وهي السياسة التي بدأت مع سلسلة آيفون 11 في عام 2019.
وسيعود القرار النهائي بشأن الرئيس التنفيذي المقبل لآبل إلى مجلس إدارة الشركة، الذي يضم تيم كوك نفسه عضواً فيه، حيث يتوقع أن يوازن المجلس بين رغبة كوك في تخفيف أعباء العمل والحاجة إلى ضمان الاستمرارية خلال أي مرحلة انتقالية.",2026-01-11
نموذج gpt52 يتفوق على البشر بنسبة 70 فى البرمجة والتحليل المالى,https://www.youm7.com/story/2026/1/10/%D9%86%D9%85%D9%88%D8%B0%D8%AC-GPT-5-2-%D9%8A%D8%AA%D9%81%D9%88%D9%82-%D8%B9%D9%84%D9%89-%D8%A7%D9%84%D8%A8%D8%B4%D8%B1-%D8%A8%D9%86%D8%B3%D8%A8%D8%A9-70-%D9%81%D9%89/7262949,youm7.com,"أعلنت
شركة OpenAI
رسميًا عن ترقية كبرى لسلسلة نماذجها بإطلاق GPT-5.2، وهو النموذج الذي وصفته الشركة بأنه الأول الذي يحقق أداءً يضاهي أو يتفوق على الخبراء البشريين في المهام المعرفية المعقدة.
وفقاً لتقرير تقني نشره موقع The Verge، فإن النموذج الجديد ""GPT-5.2 Thinking"" سجل نتائج مذهلة في اختبارات (GDPval) المعيارية، حيث تفوق على المحترفين البشريين بنسبة 70.9% في مهام متخصصة تشمل
البرمجة
المتقدمة و
التحليل المالي
الاستراتيجي.
يعتمد GPT-5.2 على معمارية استدلال ثورية تتيح له التوقف و""التفكير"" قبل إصدار الإجابة، مما يقضي تماماً على مشكلة الهلوسة في الحسابات الرياضية والمنطقية. النظام الجديد لا يكتفي بالتنبؤ بالكلمة التالية، بل يبني شجرة من الاحتمالات والحلول قبل اختيار المسار الأكثر دقة وموثوقية، مما يجعله مثالياً للاستخدام في الأبحاث العلمية والهندسة.
كشف التقرير أن النسخة المتخصصة بالبرمجة ""GPT-5.2-Codex"" حققت رقماً قياسياً جديداً في معيار SWE-Bench Pro، متفوقة على النماذج مفتوحة المصدر بنسبة 55%. النموذج أصبح قادراً على إدارة مشاريع برمجية كاملة بشكل مستقل، بما في ذلك كتابة الاختبارات، تصحيح الأخطاء، وإعادة هيكلة الأكواد في لغات برمجية متعددة في آن واحد.
الميزة الأكثر أهمية في هذا التحديث هي قدرة النموذج على ""استخدام الأدوات"" بشكل مستقل (Agentic Tool-calling). بدلاً من مجرد كتابة الردود، يمكن لـ GPT-5.2 الآن الاتصال ببرامج خارجية، مثل جداول البيانات وبرامج العروض التقديمية، لإنشاء ملفات كاملة وتحريرها نيابة عن المستخدم، مما يحوله من مساعد رقمي إلى موظف افتراضي خبير.",2026-01-11
نظام ios 26 يضيف تطبيق الألعاب الجديد على أجهزة أيفون,https://www.youm7.com/story/2026/1/10/%D9%86%D8%B8%D8%A7%D9%85-iOS-26-%D9%8A%D8%B6%D9%8A%D9%81-%D8%AA%D8%B7%D8%A8%D9%8A%D9%82-%C2%AB%D8%A7%D9%84%D8%A3%D9%84%D8%B9%D8%A7%D8%A8%C2%BB-%D8%A7%D9%84%D8%AC%D8%AF%D9%8A%D8%AF-%D8%B9%D9%84%D9%89-%D8%A3%D8%AC%D9%87%D8%B2%D8%A9-%D8%A3%D9%8A%D9%81%D9%88%D9%86/7264066,youm7.com,"يُقدم نظام iOS 26 تطبيقين جديدين كليًا
لمستخدمي iPhone
، أحدهما يُسمى ""Apple Games""، هو تطبيق جديد في
iOS 26
يُشكل مركزًا مُخصّصًا للألعاب، وصفته Apple بأنه ""مساحة شخصية للألعاب واللعب مع الأصدقاء"".
وفقا لما ذكره موقع ""9to5mac""، يُعد أيفون منصةً شائعةً للغاية للألعاب، من ألعاب المطابقة الثلاثية البسيطة مثل
Candy Crush
إلى ألعاب AAA ذات الميزانيات الضخمة، يضم متجر التطبيقات App Store ألعابًا تناسب الجميع.، سواءً كنتَ من مُحبي الألعاب أم لا، والآن، يُمكن لجميع مُحبي الألعاب استخدام تطبيق Apple Games على أجهزة iPhone وiPad وMac.
افتح التطبيق في نظام iOS 26 وستجد خمسة أقسام رئيسية:
• الشاشة الرئيسية
• الألعاب
• الأصدقاء
• المكتبة
• البحث
إذا كنت قد استخدمت تطبيقات Apple TV أو Apple Music أو Apple Books أو Apple Podcasts، فستجد علامة تبويب الشاشة الرئيسية في تطبيق الألعاب مألوفة.
توفر لك طريقة سريعة للعودة إلى الألعاب التي كنت تلعبها مؤخرًا، وتوصيات لألعاب جديدة، ونظرة عامة على الألعاب التي يلعبها أصدقاؤك، وغير ذلك الكثير.
يعرض لك قسم الأصدقاء نظرة عامة على نشاط أصدقائك في Game Center، ويتيح لك أيضًا بدء تحدي ألعاب، وتتيح لك المكتبة تصفح جميع الألعاب المثبتة على جهاز iPhone الخاص بك، مع خيارات تصفية سهلة الاستخدام تم توسيعها مؤخرًا في نظام iOS 26.2.",2026-01-11
ناسا تستعد لمهمة أرتميس 2 فحوصات ما قبل الوصول للقمر,https://www.youm7.com/story/2026/1/10/%D9%86%D8%A7%D8%B3%D8%A7-%D8%AA%D8%B3%D8%AA%D8%B9%D8%AF-%D9%84%D9%85%D9%87%D9%85%D8%A9-%D8%A3%D8%B1%D8%AA%D9%85%D9%8A%D8%B3-2-%D9%81%D8%AD%D9%88%D8%B5%D8%A7%D8%AA-%D9%85%D8%A7-%D9%82%D8%A8%D9%84-%D8%A7%D9%84%D9%88%D8%B5%D9%88%D9%84-%D9%84%D9%84%D9%82%D9%85%D8%B1/7263958,youm7.com,"أعلنت وكالة ناسا، أنها تخطط لنقل صاروخ نظام الإطلاق الفضائي (SLS) ومركبة أوريون الفضائية، اللذين سيحملان
مهمة أرتميس 2 القمرية
، إلى منصة الإطلاق لإجراء فحوصات ما قبل الإطلاق في 17 يناير، وذلك رهناً بتوفر الظروف الجوية والجاهزية الفنية، مؤكدة أنه لا تزال أول مهمة مأهولة إلى القمر منذ أكثر من 50 عامًا تسير وفق الخطة الموضوعة للانطلاق في أقرب وقت ممكن، وهو 6 فبراير.
وفقا لما ذكره موقع ""space""، ستنقل مركبة النقل المتخصصة التابعة للوكالة نظام الإطلاق الفضائي ومركبة أوريون من مبنى تجميع المركبات (VAB) في مركز كينيدي للفضاء بولاية فلوريدا إلى منصة الإطلاق 39B، وهي رحلة طولها 6.4 كيلومترات (4 أميال) قد تستغرق ما يصل إلى 12 ساعة.
وقالت لوري ليز، القائمة بأعمال المدير المساعد لمديرية تطوير أنظمة الاستكشاف في ناسا، ""نحن نقترب أكثر فأكثر من أرتميس 2، ووقت النقل بات وشيكاً""، مضيفة ""لا تزال أمامنا خطوات مهمة على طريق الإطلاق، وستظل سلامة الطاقم أولويتنا القصوى في كل خطوة مع اقترابنا من عودة البشرية إلى القمر"".
سترسل مهمة أرتميس 2 أربعة رواد فضاء، ريد وايزمان وفيكتور جلوفر وكريستينا كوتش من وكالة ناسا، وجيريمي هانسن من وكالة الفضاء الكندية في رحلة تستغرق عشرة أيام حول القمر والعودة إلى الأرض، ورغم أنها لن تهبط على القمر إلا أن أرتميس 2 ستُمثل أول رحلة للبشرية إلى القمر منذ أبولو 17 في ديسمبر 1972.
كما أنه بعد وصول
مركبة أرتميس 2
إلى منصة الإطلاق 39B، سيُخضع الفنيون الصاروخ والكبسولة لمجموعة متنوعة من الاختبارات والفحوصات، ومن أهمها اختبار التزود بالوقود المعروف باسم ""البروفة النهائية"".",2026-01-11
أذكار النوم الحمد لله الذي أحيانا بعد ما أماتنا وإليه النشور,https://www.youm7.com/story/2026/1/10/%D8%A3%D8%B0%D9%83%D8%A7%D8%B1-%D8%A7%D9%84%D9%86%D9%88%D9%85-%D8%A7%D9%84%D8%AD%D9%85%D8%AF-%D9%84%D9%84%D9%87-%D8%A7%D9%84%D8%B0%D9%8A-%D8%A3%D8%AD%D9%8A%D8%A7%D9%86%D8%A7-%D8%A8%D8%B9%D8%AF-%D9%85%D8%A7-%D8%A3%D9%85%D8%A7%D8%AA%D9%86%D8%A7-%D9%88%D8%A5%D9%84%D9%8A%D9%87/7263811,youm7.com,"النوم
آية من آيات الله الكونية ، كما قال تعالى : ( وَمِنْ آيَاتِهِ مَنَامُكُم بِاللَّيْلِ وَالنَّهَارِ وَابْتِغَاؤُكُم مِّن فَضْلِهِ إِنَّ فِي ذَلِكَ لَآيَاتٍ لِّقَوْمٍ يَسْمَعُونَ )، ونوم الليل هو الأصل ، ونوم النهار فرع ، وقد جعل الله تعالى النهار للعمل والانتشار في طلب الرزق ، وجعل الليل للراحة ، وفي الليل يكون النوم ، وفي النهار العمل ، قال تعالى : ( وَهُوَ الَّذِي جَعَلَ لَكُمُ اللَّيْلَ لِبَاسًا وَالنَّوْمَ سُبَاتًا وَجَعَلَ النَّهَارَ نُشُورًا ).
وقال تعالى : ( أَلَمْ يَرَوْا أَنَّا جَعَلْنَا اللَّيْلَ لِيَسْكُنُوا فِيهِ وَالنَّهَارَ مُبْصِرًا إِنَّ فِي ذَلِكَ لَآيَاتٍ لِّقَوْمٍ يُؤْمِنُونَ )  ، وقال تعالى : ( وَجَعَلْنَا نَوْمَكُمْ سُبَاتاً . وَجَعَلْنَا اللَّيْلَ لِبَاساً . وَجَعَلْنَا النَّهَارَ مَعَاشاً ) .
قال الإمام ابن كثير – رحمه الله - :أي : ومن الآيات ما جعل لكم من صفة النوم في الليل والنهار، فيه تحصل الراحة وسكون الحركة، وذهاب الكلال والتعب، وجعل لكم الانتشار والسعي في الأسباب والأسفار في النهار، وهذا ضد النوم .
من قال حين يأوي إلى فراشِه : ( لا إله إلا اللهُ وحده لا شريك له ، له الملكُ ، وله الحمدُ ، وهو على كلِّ شيءٍ قديرٌ ، لاحولَ ولا قوةَ إلا بالله العليِّ العظيمِ ، سبحان اللهِ، والحمدُ لله ، ولا إله إلا اللهُ ، واللهُ أكبرُ )..غُفِرَتْ له ذنوبُه ولو كانت مثلَ زَبَدِ البحرِ.
لا يجب أن تقال الأدعية والآيات عند النوم مرتبة ترتيباً معيناً إلا ما وردت السنة أنه يجعله الشخص آخر كلامه، وأما الأدعية المأثورة عند النوم فيما يأتي :
1 : في صحيح البخاري عن أبي ذر قال : كان رسول الله صلى الله عليه وسلم إذا أوى إلى فراشه قال: "" اللهم باسمك أحيا وأموت"" .
وإذا أصبح قال: ""الحمد لله الذي أحيانا بعدما أماتنا وإليه النشور.""
2 ـ وروى الشيخان عن علي رضي الله عنه أن رسول الله صلى الله عليه وسلم قال له ولفاطمة رضي الله عنها: "" إذا أويتما إلى فراشكما أو أخذتما مضاجعكما فكبرا ثلاثاً وثلاثين وسبحا ثلاثاً وثلاثين واحمدا ثلاثاً وثلاثين "" . وفي رواية لهما: "" التكبير أربعاً وثلاثين "".
3 - وفي صحيحي البخاري ومسلم عن أبي هريرة رضي الله عنه قال: قال رسول الله صلى الله عليه وسلم : "" إذا أوى أحدكم إلى فراشه فلينفض بداخلة إزاره ، فإنه لا يدري ما خلفه عليه ، ثم يقول: باسمك ربي وضعت جنبي وبك أرفعه ، إن أمسكت نفسي فارحمها ، وإن أرسلتها فاحفظها بما تحفظ به عبادك الصالحين"" . وفي رواية: "" ينفضه ثلاث مرات"".
4 - وفي الصحيحين عنها : أن النبي صلى الله عليه وسلم ، كان إذا أوى إلى فراشه كل ليلة جمع كفيه ثم نفث فيهما وقرأ فيهما ( قل هو الله أحد ) و ( قل أعوذ برب الفلق) و ( قل أعوذ برب الناس) ، ثم مسح بهما ما استطاع من جسده ، يبدأ بهما على رأسه ووجهه وما أقبل من جسده ، يفعل ذلك ثلاث مرات . قال أهل اللغة : النفث: نفخ لطيف بلا ريق.
5 - وفي الصحيحين عن أبي مسعود الأنصاري البدري عقبة بن عمرو رضي الله عنه قال: قال رسول الله صلى الله عليه وسلم : "" الآيتان من آخر سورة البقرة من قرأ بهما في كل ليلة كفتاه "".
اختلف العلماء في معنى كفتاه ، فقيل : كفتاه من الآفات في كل ليلة ، وقيل : كفتاه من قيام ليلته.
قيل كفتاه من الشيطان، ويحتمل أن يكون الجميع مراداً كما قال النووي رحمه الله تعالى.
6 - وفي الصحيحين عن البراء بن عازب رضي الله عنهما قال لي رسول الله صلى الله عليه وسلم : "" إذا أتيت مضجعك فتوضأ وضوءك للصلاة ، ثم اضطجع على شقك الأيمن وقل: اللهم أسلمت نفسي إليك ، وفوضت أمري إليك وألجأت ظهري إليك ، رغبة ورهبة إليك ، لا ملجأ ولا منجى منك إلا إليك ، آمنت بكتابك الذي أنزلت ، ونبيك الذي أرسلت ، فإن مت مت على الفطرة ، واجعلهن آخر ما تقول"" .
7 - وفي صحيح البخاري عن أبي هريرة رضي الله عنه قال: وكلني رسول الله صلى الله عليه وسلم بحفظ زكاة رمضان ، فأتاني آت فجعل يحثو من الطعام ، وذكر الحديث ، وقال في آخره : "" إذا أويت إلى فراشك فاقرأ آية الكرسي فإنه لن يزال معك من الله تعالى حافظ ، ولا يقربك شيطان حتى تصبح ، فقال النبي صلى الله عليه وسلم : "" صدقك وهو كذوب. ذاك الشيطان "".
8 - وفي سنن أبي داود عن حفصة أم المؤمنين رضي الله عنها : أن رسول الله صلى الله عليه وسلم كان إذا أراد أن يرقد وضع يده اليمنى تحت خده ثم يقول: "" اللهم قني عذابك يوم يبعث عبادك ثلاث مرات"" .
9 - وفي
صحيح مسلم
وسنن أبي داود والترمذي والنسائي وابن ماجه عن أبي هريرة رضي الله عنه ، عن النبي صلى الله عليه وسلم أنه كان يقول إذا أوى إلى فراشه : "" اللهم ربّ السماوات وربّ الأرض وربّ العرش العظيم ربنا وربَّ كل شيء ، فالق الحب والنوى ، منزل التوراة والإنجيل والقرآن ، أعوذ بك من شر كل ذي شر أنت آخذ بناصيته ، أنت الأول فليس قبلك شيء ، وأنت الآخر فليس بعدك شيء ، وأنت الظاهر فليس فوقك شيء ، وأنت الباطن فليس دونك شيء ، اقض عنا الدين ، وأغنني من الفقر"" . وفي رواية أبي داود: ""واقض عني الدين، وأغنني من الفقر"".
10 - و في سنن أبي داود والترمذي عن نوفل الأشجعي رضي الله عنه قال: قال لي رسول الله صلى الله عليه وسلم : "" اقرأ ( قل يا أيها الكافرون) ، ثم نم على خاتمتها فإنها براءة من الشرك "".",2026-01-11
أذكار الصباح السبت 101 2026 أصبحنا وأصبح الملك لله والحمد لله,https://www.youm7.com/story/2026/1/10/%D8%A3%D8%B0%D9%83%D8%A7%D8%B1-%D8%A7%D9%84%D8%B5%D8%A8%D8%A7%D8%AD-%D8%A7%D9%84%D8%B3%D8%A8%D8%AA-10-1-2026-%D8%A3%D8%B5%D8%A8%D8%AD%D9%86%D8%A7-%D9%88%D8%A3%D8%B5%D8%A8%D8%AD-%D8%A7%D9%84%D9%85%D9%84%D9%83-%D9%84%D9%84%D9%87/7262835,youm7.com,"حثَّ
الشرع
الشريف على الإكثار مِن الذكر على الوَجهِ الذي يعُم كلَّ الأوقاتِ وأنواعِ الذكر؛ فقال سبحانه: يَاأَيُّهَا الَّذِينَ آمَنُوا اذْكُرُوا اللَّهَ ذِكْرًا كَثِيرًا [الأحزاب: 41].
ومِن الوظائف الشرعيَّة المطلوبة: أذكارُ طرفي النهار؛ لقوله تعالى عقبَ الأمر بذكرِهِ على جهةِ العموم: وَسَبِّحُوهُ بُكْرَةً وَأَصِيلًا [الأحزاب: 42].
أعوذ بالله من الشيطان الرجيم
{اللّهُ لاَ إِلَـهَ إِلاَّ هُوَ الْحَيُّ الْقَيُّومُ لاَ تَأْخُذُهُ سِنَةٌ وَلاَ نَوْمٌ لَّهُ مَا فِي السَّمَاوَاتِ وَمَا فِي الأَرْضِ مَن ذَا الَّذِي يَشْفَعُ عِنْدَهُ إِلاَّ بِإِذْنِهِ يَعْلَمُ مَا بَيْنَ أَيْدِيهِمْ وَمَا خَلْفَهُمْ وَلاَ يُحِيطُونَ بِشَيْءٍ مِّنْ عِلْمِهِ إِلاَّ بِمَا شَاء وَسِعَ كُرْسِيُّهُ السَّمَاوَاتِ وَالأَرْضَ وَلاَ يَؤُودُهُ حِفْظُهُمَا وَهُوَ الْعَلِيُّ الْعَظِيم}
بسم الله الرحمن الرحيم
{قُلْ هُوَ اللَّهُ أَحَدٌ*اللَّهُ الصَّمَدُ*لَمْ يَلِدْ وَلَمْ يُولَدْ * وَلَمْ يَكُن لَّهُ كُفُواً أَحَدٌ}
بسم الله الرحمن الرحيم
{قُلْ أَعُوذُ بِرَبِّ الْفَلَقِ * مِن شَرِّ مَا خَلَقَ *وَمِن شَرِّ غَاسِقٍ إِذَا وَقَبَ * وَمِن شَرِّ النَّفَّاثَاتِ فِي الْعُقَدِ * وَمِن شَرِّ حَاسِدٍ إِذَا حَسَدَ}
بسم الله الرحمن الرحيم
{قُلْ أَعُوذُ بِرَبِّ النَّاسِ * مَلِكِ النَّاسِ * إِلَهِ النَّاسِ *مِن شَرِّ الْوَسْوَاسِ الْخَنَّاسِ * الَّذِي يُوَسْوِسُ فِي صُدُورِ النَّاسِ * مِنَ الْجِنَّةِ وَالنَّاسِ} (ثلاث مرات )
""أصبحنا وأصبح الملك لله والحمد لله، لا إله إلا الله وحده لا شريك له، له الملك وله الحمد وهو على كل شيء قدير، ربِّ أسألك خير ما في هذا اليوم وخير ما بعده وأعوذ بك من شر ما في هذا اليوم وشر ما بعده ربِّ أعوذ بك من الكسل وسوء الكبر، ربَّ أعوذ بك من عذابٍ في النار وعذاب في القبر""
""اللهم بك أصبحنا وبك أمسينا وبك نحيا وبك نموت وإليك النشور""
""اللهم أنت ربي لا إله إلا أنت خَلَقتني وأنا عَبْدُك( أَمَتُك ) وأنا على عهدك ووعدك ما استطعت وأعوذ بك من شر ما صنعت أبوء لك بنعمتك على وأبوء بذنبي فاغفر لي فإنه لا يغفر الذنوب إلا أنت""
اللهم إني أصبحت أشهدك وأشهد حملة عرشك، وملائكتك وجميع خلقك، أنك أنت الله لا إله إلا أنت وحدك لا شريك لك ، وأن محمداً عبدك ورسولك"" (أربع مرات)
اللهم ما أصبح بي من نعمة أو بأحد من خلقك فمنك وحدك لا شريك لك، فلك الحمد ولك الشكر""
""اللهم عافني في بَدَني، اللهم عافني في سمعي، اللهم عافني في بصري، لا إله إلا أنت "" ( ثلاث مرات )
اللهم إني أعوذ بك من الكفر، والفقر، اللهم إني أعوذ بك من عذاب القبر لا إله إلا أنت"" (ثلاث مرات)
""حسبي الله لا إله إلا هو عليه توكلت وهو رب العرش العظيم"" (سبع مرات)
""اللهم إني أسألك العافية في الدنيا والآخرة، اللهم إني أسألك العفو والعافية في ديني ودنياي وأهلي ومالي، اللهم استر عوراتي وآمن روعاتي، اللهم احفظني من بين يديَّ ومن خلفي وعن يميني وعن شمالي ومن فوقي وأعوذ بعظمتك أن أغتال من تحتي""
""اللهم عَالِمَ الغيب والشَّهادة، فاطر السموات والأرض، رب كل شيء ومليكه، أشهد أن لا إله إلا أنت أعوذ بك من شر نفسي ومن شر الشيطان وشركه وأن اقترف على نفسي سوءًا أو أجُره إلى مسلم""
""بسم الله الذي لا يضرُّ مع اسمه شيء في الأرض ولا في السماء وهو السميع العليم"" (ثلاث مرات)
رضيت بالله رباً، وبالإسلام ديناً وبمحمد صلى الله عليه وسلم نبياً"" (ثلاث مرات)
""يا حي يا قيوم برحمتك أستغيث أصلح لي شأني كُله ولا تَكِلْني إلى نفسي طرفة عين""
أصبحنا وأصبح الملك لله رب العالمين، اللهم إني أسألك خير هذه اليوم: فتحه، ونصره، ونوره، وبركته، وهداه، وأعوذ بك من شر ما فيه وشر ما بعده""
""أصبحنا على فطرة الإسلام وكلمة الإخلاص، ودين نبيَّنا محمد صلى الله عليه وسلم وملَّة أبينا إبراهيم حنيفاً مسلماً وما كان من المشركين""
""سبحان الله وبحمده"" (مائة مرة)
""لا إله إلا الله وحده لا شريك له ،له الملك وله الحمد وهو على كل شيء قدير"" (عشر مرات)
""لا إله إلا الله وحده لا شريك له، له الملك وله الحمد وهو على كل شيء قدير”(مائة مرة إذا أصبح)
""سبحان الله وبحمده عدد خلقهِ ورِضَا نفسِهِ وزِنُة عَرشِهِ ومِداد كلماته"" (ثلاث مرات إذا أصبح)
""اللهم إني أسألك علماً نافعاً، ورزقاً طيباً، وعملاً متقبلاً"" (إذا أصبح)
""أستغفر الله وأتوب إليه"" (مائة مرة )
""اللهم صل وسلم على نبينا محمد"" (عشر مرات)",2026-01-11
اللهم أنت السلام ومنك السلام أسراب الحمام تزين سماء الحرم المكى,https://www.youm7.com/story/2026/1/9/%D8%A7%D9%84%D9%84%D9%87%D9%85-%D8%A3%D9%86%D8%AA-%D8%A7%D9%84%D8%B3%D9%84%D8%A7%D9%85-%D9%88%D9%85%D9%86%D9%83-%D8%A7%D9%84%D8%B3%D9%84%D8%A7%D9%85-%D8%A3%D8%B3%D8%B1%D8%A7%D8%A8-%D8%A7%D9%84%D8%AD%D9%85%D8%A7%D9%85-%D8%AA%D8%B2%D9%8A%D9%86-%D8%B3%D9%85%D8%A7%D8%A1-%D8%A7%D9%84%D8%AD%D8%B1%D9%85/7263139,youm7.com,"في مشهد روحاني بديع خطف أنظار
المعتمرين
والزوار، حلّقت أسراب الحمام في سماء
الحرم المكى
عقب انتهاء المعتمرين اليوم، في لوحة إيمانية جسّدت السكينة والطمأنينة التي تميّز هذا المكان المقدس، وتزامن تحليق أسراب الحمام مع خروج المعتمرين من صحن المطاف، حيث علت الأجنحة البيضاء فوق المسجد الحرام، في مشهد نادر أضفى أجواء من الخشوع والبهجة على قلوب الحاضرين.
حمام الحرم المكى
ويرى كثير من المعتمرين أن مشهد أسراب الحمام يعكس رمزية السلام والأمان في الحرم المكي، حيث تتجلى معاني الطمأنينة والقدسية في كل زاوية من زواياه.
وتداول رواد مواقع التواصل الاجتماعي مقاطع وصورًا توثق هذا المشهد اللافت، مع تعليقات تدعو: «اللهم زد هذا البيت تشريفًا وتعظيمًا»، تعبيرًا عن مشاعر الحب والتقديس للمسجد الحرام.",2026-01-11
أصبحنا وأصبح الملك لله والحمد لله ردد الآن أذكار الصباح من الكتاب والسنة,https://www.youm7.com/story/2026/1/9/%D8%A3%D8%B5%D8%A8%D8%AD%D9%86%D8%A7-%D9%88%D8%A3%D8%B5%D8%A8%D8%AD-%D8%A7%D9%84%D9%85%D9%84%D9%83-%D9%84%D9%84%D9%87-%D9%88%D8%A7%D9%84%D8%AD%D9%85%D8%AF-%D9%84%D9%84%D9%87-%D8%B1%D8%AF%D8%AF-%D8%A7%D9%84%D8%A2%D9%86-%D8%A3%D8%B0%D9%83%D8%A7%D8%B1-%D8%A7%D9%84%D8%B5%D8%A8%D8%A7%D8%AD/7261937,youm7.com,"حثَّ
الشرع الشريف
على الإكثار مِن الذكر على الوَجهِ الذي يعُم كلَّ الأوقاتِ وأنواعِ الذكر؛ فقال سبحانه: يَا أَيُّهَا الَّذِينَ آمَنُوا اذْكُرُوا اللَّهَ ذِكْرًا كَثِيرًا [الأحزاب: 41].
ومِن
الوظائف الشرعيَّة المطلوبة
: أذكارُ طرفي النهار؛ لقوله تعالى عقبَ الأمر بذكرِهِ على جهةِ العموم: وَسَبِّحُوهُ بُكْرَةً وَأَصِيلًا [الأحزاب: 42].
أعوذ بالله من الشيطان الرجيم
{اللّهُ لاَ إِلَـهَ إِلاَّ هُوَ الْحَيُّ الْقَيُّومُ لاَ تَأْخُذُهُ سِنَةٌ وَلاَ نَوْمٌ لَّهُ مَا فِي السَّمَاوَاتِ وَمَا فِي الأَرْضِ مَن ذَا الَّذِي يَشْفَعُ عِنْدَهُ إِلاَّ بِإِذْنِهِ يَعْلَمُ مَا بَيْنَ أَيْدِيهِمْ وَمَا خَلْفَهُمْ وَلاَ يُحِيطُونَ بِشَيْءٍ مِّنْ عِلْمِهِ إِلاَّ بِمَا شَاء وَسِعَ كُرْسِيُّهُ السَّمَاوَاتِ وَالأَرْضَ وَلاَ يَؤُودُهُ حِفْظُهُمَا وَهُوَ الْعَلِيُّ الْعَظِيم}
بسم الله الرحمن الرحيم
{قُلْ هُوَ اللَّهُ أَحَدٌ*اللَّهُ الصَّمَدُ*لَمْ يَلِدْ وَلَمْ يُولَدْ * وَلَمْ يَكُن لَّهُ كُفُواً أَحَدٌ}
بسم الله الرحمن الرحيم
{قُلْ أَعُوذُ بِرَبِّ الْفَلَقِ * مِن شَرِّ مَا خَلَقَ *وَمِن شَرِّ غَاسِقٍ إِذَا وَقَبَ * وَمِن شَرِّ النَّفَّاثَاتِ فِي الْعُقَدِ * وَمِن شَرِّ حَاسِدٍ إِذَا حَسَدَ}
بسم الله الرحمن الرحيم
{قُلْ أَعُوذُ بِرَبِّ النَّاسِ * مَلِكِ النَّاسِ * إِلَهِ النَّاسِ *مِن شَرِّ الْوَسْوَاسِ الْخَنَّاسِ * الَّذِي يُوَسْوِسُ فِي صُدُورِ النَّاسِ * مِنَ الْجِنَّةِ وَالنَّاسِ} (ثلاث مرات )
""أصبحنا وأصبح الملك لله والحمد لله، لا إله إلا الله وحده لا شريك له، له الملك وله الحمد وهو على كل شيء قدير، ربِّ أسألك خير ما في هذا اليوم وخير ما بعده وأعوذ بك من شر ما في هذا اليوم وشر ما بعده ربِّ أعوذ بك من الكسل وسوء الكبر، ربَّ أعوذ بك من عذابٍ في النار وعذاب في القبر""
""اللهم بك أصبحنا وبك أمسينا وبك نحيا وبك نموت وإليك النشور""
""اللهم أنت ربي لا إله إلا أنت خَلَقتني وأنا عَبْدُك( أَمَتُك ) وأنا على عهدك ووعدك ما استطعت وأعوذ بك من شر ما صنعت أبوء لك بنعمتك على وأبوء بذنبي فاغفر لي فإنه لا يغفر الذنوب إلا أنت""
اللهم إني أصبحت أشهدك وأشهد حملة عرشك، وملائكتك وجميع خلقك، أنك أنت الله لا إله إلا أنت وحدك لا شريك لك ، وأن محمداً عبدك ورسولك"" (أربع مرات)
اللهم ما أصبح بي من نعمة أو بأحد من خلقك فمنك وحدك لا شريك لك، فلك الحمد ولك الشكر""
""اللهم عافني في بَدَني، اللهم عافني في سمعي، اللهم عافني في بصري، لا إله إلا أنت "" ( ثلاث مرات )
اللهم إني أعوذ بك من الكفر، والفقر، اللهم إني أعوذ بك من عذاب القبر لا إله إلا أنت"" (ثلاث مرات)
""حسبي الله لا إله إلا هو عليه توكلت وهو رب العرش العظيم"" (سبع مرات)
""اللهم إني أسألك العافية في الدنيا والآخرة، اللهم إني أسألك العفو والعافية في ديني ودنياي وأهلي ومالي، اللهم استر عوراتي وآمن روعاتي، اللهم احفظني من بين يديَّ ومن خلفي وعن يميني وعن شمالي ومن فوقي وأعوذ بعظمتك أن أغتال من تحتي""
""اللهم عَالِمَ الغيب والشَّهادة، فاطر السموات والأرض، رب كل شيء ومليكه، أشهد أن لا إله إلا أنت أعوذ بك من شر نفسي ومن شر الشيطان وشركه وأن اقترف على نفسي سوءًا أو أجُره إلى مسلم""
""بسم الله الذي لا يضرُّ مع اسمه شيء في الأرض ولا في السماء وهو السميع العليم"" (ثلاث مرات)
رضيت بالله رباً، وبالإسلام ديناً وبمحمد صلى الله عليه وسلم نبياً"" (ثلاث مرات)
""يا حي يا قيوم برحمتك أستغيث أصلح لي شأني كُله ولا تَكِلْني إلى نفسي طرفة عين""
أصبحنا وأصبح الملك لله رب العالمين، اللهم إني أسألك خير هذه اليوم: فتحه، ونصره، ونوره، وبركته، وهداه، وأعوذ بك من شر ما فيه وشر ما بعده""
""أصبحنا على فطرة الإسلام وكلمة الإخلاص، ودين نبيَّنا محمد صلى الله عليه وسلم وملَّة أبينا إبراهيم حنيفاً مسلماً وما كان من المشركين""
""سبحان الله وبحمده"" (مائة مرة)
""لا إله إلا الله وحده لا شريك له ،له الملك وله الحمد وهو على كل شيء قدير"" (عشر مرات)
""لا إله إلا الله وحده لا شريك له، له الملك وله الحمد وهو على كل شيء قدير”(مائة مرة إذا أصبح)
""سبحان الله وبحمده عدد خلقهِ ورِضَا نفسِهِ وزِنُة عَرشِهِ ومِداد كلماته"" (ثلاث مرات إذا أصبح)
""اللهم إني أسألك علماً نافعاً، ورزقاً طيباً، وعملاً متقبلاً"" (إذا أصبح)
""أستغفر الله وأتوب إليه"" (مائة مرة )
""اللهم صل وسلم على نبينا محمد"" (عشر مرات)",2026-01-11
دعاء الفجر اللهم اجعل لنا نصيبا فى سعة الأرزاق وقضاء الحاجات,https://www.youm7.com/story/2026/1/9/%D8%AF%D8%B9%D8%A7%D8%A1-%D8%A7%D9%84%D9%81%D8%AC%D8%B1-%D8%A7%D9%84%D9%84%D9%87%D9%85-%D8%A7%D8%AC%D8%B9%D9%84-%D9%84%D9%86%D8%A7-%D9%86%D8%B5%D9%8A%D8%A8%D9%8B%D8%A7-%D9%81%D9%89-%D8%B3%D8%B9%D8%A9-%D8%A7%D9%84%D8%A3%D8%B1%D8%B2%D8%A7%D9%82-%D9%88%D9%82%D8%B6%D8%A7%D8%A1/7261933,youm7.com,"فى
لحظات الفجر الأولى
، حين يلتقى نور الصباح بقلوب المؤمنين، ترتفع الأصوات بالدعاء والتضرع، فدعاء صلاة الفجر ركن روحى هام فى حياة المسلم، يحمل فى طياته العديد من الفوائد والمعانى العميقة.
وأجمع العلماءُ على استحباب الذكر بعد الصلاة، وجاءت فيه
أحاديث كثيرة صحيحة
في أنواع منه متعدّدة، من أهمها.. روي في كتاب الترمذي، عن أبي أمامة رضي الله عنه قال: قيل لرسول الله صلى الله عليه وسلم: أيّ الدعاء أسمع؟ قال: "" جَوْفُ اللَّيْلِ الآخِر، وَدُبُرُ الصَّلَوَاتِ المَكْتوبات "".. وروي في "" صحيحي البخاري ومسلم "" عن ابن عباس رضي الله عنهما قال: "" كنتُ أعرفُ انقضاء صلاة رسول الله صلى الله عليه وسلم بالتكبير "".
وتعتبر الأدعية من الأعمال التى يتقرب بها العبد لربه، فمع كل وقت يرفع الإنسان يده إلى السماء مرددًا كلمات الأدعية طلبًا من المولى - سبحانه وتعالى - الصحة والرزق والخير وغيرها، ومن بين الأوقات التى يحب العبد مناجاة ربه وقت الفجر، لذا يردد دعاء الفجر قبل الصلاة وبعدها.
اللهم إنا نسألك فى فجر هذا اليوم أن تيسر لنا أمورنا وتشرح صدورنا وترزقنا فيه القبول والرضا والتوفيق والسداد، اللهم أنت أعلم بنا منا فوفقنا لما تحبه لنا.
اللهم أجعل لنا نصيبًا فى سعة الأرزاق وتيسير الأحوال وقضاء الحاجات وإجابة الدعوات، اللهم لطفك بقلوبنا وأحوالنا وأيامنا، اللهم تولنا بسعتك وعظيم فضلك إنك على كل شيء قدير.
اللهم مع فجر هذا اليوم غير حالنا إلى أحسن حال عندك وسخر لنا ما تعلم أنه خير لنا، واصرف عنا كل شر.
يا رب مع مطلع هذا الفجر افتح لنا الخير فى كل الأمور فنحن لا حول لنا ولا قوة إلا بك، يا مقسم الأرزاق قسم لنا فى هذا الفجر من توفيقك ورضاك وغناك وتيسيرك لأمورنا، وامنحنا فى يومنا الراحة والسعادة والصحة والعافية التامة.
اللهم إنى وكلتك أمرى فأنت خير وكيل، ودبر أمرى فإنى لا احسن التدبير، اللهم افتح لى أبواب رزقك وارزقنى من حيث لا أحتسب.
اللهم أجعل فى هذا الفجر فرج لكل صابر وشفاء لكل مريض واستجابة لكل دعاء ورحمة لكل أموت المسلمين فأنت على كل شيء قدير.
يا رب فى فجر هذا اليوم افتح لنا من خزائن رحمتك رحمة لا تعذبنا بعدها أبدًا، ومن فضلك الواسع رزقًا حلالًا طيبًا، لا تفقرنا بعده إلى أحد سواك يا أرحم الراحمين.
اللهم ارزق كل مهموم بالفرج، وكل معسر باليسر، وكل محروم بالذرية الصالحة، وكل مديون بقضاء دينه، وكل حزين بالفرح، وكل مرضانا بالشفاء، وكل موتانا بالرحمة.",2026-01-11
الطماطم بـ10 جنيهات أسعار الخضراوات والفاكهة بكفر الشيخ السبت 10 يناير 2026,https://www.youm7.com/story/2026/1/10/%D8%A7%D9%84%D8%B7%D9%85%D8%A7%D8%B7%D9%85-%D8%A8%D9%8010-%D8%AC%D9%86%D9%8A%D9%87%D8%A7%D8%AA-%D8%A3%D8%B3%D8%B9%D8%A7%D8%B1-%D8%A7%D9%84%D8%AE%D8%B6%D8%B1%D8%A7%D9%88%D8%A7%D8%AA-%D9%88%D8%A7%D9%84%D9%81%D8%A7%D9%83%D9%87%D8%A9-%D8%A8%D9%83%D9%81%D8%B1-%D8%A7%D9%84%D8%B4%D9%8A%D8%AE-%D8%A7%D9%84%D8%B3%D8%A8%D8%AA-10/7263655,youm7.com,"تشهد
أسواق الخضار والفاكهة
بجميع أنحاء محافظة كفر الشيخ، تباين في أسعار
الخضراوات
والفاكهة، اليوم السبت 10 يناير 2026، كما تشهد
الأسواق
اقبالاً على شراء كافة أنواع الخضر والفاكهة.
- سعر الطماطم 10 جنيهات  للكيلو .
- سعر  البصل 12 للكيلو.
- سعر الكوسة 13 جنيها للكيلو.
- سعر  الباذنجان الرومي 15 جنيها للكيلو.
- سعر الباذنجان البلدى 14 جنيها للكيلو.
- سعر  الفلفل الحامي 13 جنيها للكيلو.
- سعر الخيار 18 جنيها للكيلو.
- سعر البطاطس 13 جنيها للكيلو.
- سعر  البرتقال 18 جنيها للكيلو.
- سعر العنب  35 جنيها للكيلو.
- سعر  الموز من 30 جنيها للكيلو.
- سعر التفاح من 65 جنيها للكيلو.
- سعر الليمون 40 جنيها للكيلو.
- سعر  المانجو  50 جنيها للكيلو.",2026-01-11
أسعار الخضراوات والفاكهة اليوم السبت فى الفيوم,https://www.youm7.com/story/2026/1/10/%D8%A3%D8%B3%D8%B9%D8%A7%D8%B1-%D8%A7%D9%84%D8%AE%D8%B6%D8%B1%D8%A7%D9%88%D8%A7%D8%AA-%D9%88%D8%A7%D9%84%D9%81%D8%A7%D9%83%D9%87%D8%A9-%D8%A7%D9%84%D9%8A%D9%88%D9%85-%D8%A7%D9%84%D8%B3%D8%A8%D8%AA-%D9%81%D9%89-%D8%A7%D9%84%D9%81%D9%8A%D9%88%D9%85/7263650,youm7.com,"شهدت
أسواق الخضار والفاكهة
بمحافظة الفيوم، ومراكزها اليوم السبت إنخفاض ملحوظ في
أسعار الخضروات
والفاكهة داخل أسواق المحافظة، وشهد
ارتفاع أسعار الدواجن
،ورصدت""اليوم السابع"" أسعار الخضراوات والفاكهة  على النحو التالى:
كيلو الطماطم اليوم في الأسواق 5 جنيها
البطاطس 15جنيهات.
البصل 10جنيهات.
الثوم 15جنيها.
الكوسة 10جنيهات.
الملوخية 10جنيهات.
البازلاء 15 جنيها.
السبانخ 5 جنيهات .
الباذنجان الاسود 4 جنيهات.
الباذنجان الأبيض 9 جنيهات.
الفلفل الرومي 10 جنيهات.
الكرنب  15 جنيها.
القرنبيط 9 جنيهات.
التفاح 60 جنيها
الموز 15جنيها
البرتقال 10جنيهات
اليوسفي 10جنيهات
ووصلت أسعار الدواجن الي  86 جنيها  للكيلو.",2026-01-11
الطماطم بكام أسعار الخضراوات والفواكه بالغربية السبت 10 يناير 2026,https://www.youm7.com/story/2026/1/10/%D8%A7%D9%84%D8%B7%D9%85%D8%A7%D8%B7%D9%85-%D8%A8%D9%83%D8%A7%D9%85-%D8%A3%D8%B3%D8%B9%D8%A7%D8%B1-%D8%A7%D9%84%D8%AE%D8%B6%D8%B1%D8%A7%D9%88%D8%A7%D8%AA-%D9%88%D8%A7%D9%84%D9%81%D9%88%D8%A7%D9%83%D9%87-%D8%A8%D8%A7%D9%84%D8%BA%D8%B1%D8%A8%D9%8A%D8%A9-%D8%A7%D9%84%D8%B3%D8%A8%D8%AA-10-%D9%8A%D9%86%D8%A7%D9%8A%D8%B1-2026/7263646,youm7.com,"شهدت
أسواق  الخضروات والفواكه
بمحافظة الغربية، اليوم السبت 10 يناير  2026، انخفاض
أسعار
عدد الأصناف المعروضة من
الخضر والفواكه
، وثبات أسعار سلع أخرى أسوة بأسعار الأسبوع الماضى
- كيلو الطماطم من 8 لـ12 جنيهات
- كيلو بطاطس من 10 لـ  20 جنيه
- كوسه من 20 لـ 25 جنيه
- فاصوليا 15 لـ 20 جنيه
- باذنجان رومي من 10 لـ15 جنيه
- باذنجان عروس من 10 لـ15 جنيه
- فلفل من 20 لـ 25 جنيها
- فلفل ألوان من 25 ل 30 جنيه
- ملوخية من 10 لـ15 جنيه
- بصل 12 لـ 15 جنيه
- ثوم بـ 85 لـ100 جنيه
- خيار 20 لـ 25 جنيه
- جزر 12 لـ 20 جنيه
- ليمون 15 لـ 20 جنيه
- قلقاس 25 لـ 30 جنيه
- بازلاء 25 لـ 35 جنيه
-  سبانخ 10لـ15 جنيه
- موز بلدي 25 لـ 30 جنيها
- برتقال بصرة 15 لـ 20 جنيه
- تفاح أصفر 50 لـ 75 جنيه
- تفاح احمر 75 لـ 80 جنيه
- مانجو 40 لـ 60 جنيه
- فراولة 25 لـ 35 جنيه
- جوافة 25 لـ 35 جنيه
- كاكا 35 لـ 40 جنيه
- كانتالوب 20 لـ30 جنيه",2026-01-11
قائمة أسعار الخضراوات في أسواق الأقصر اليوم السبت 10 يناير 2026,https://www.youm7.com/story/2026/1/10/%D9%82%D8%A7%D8%A6%D9%85%D8%A9-%D8%A3%D8%B3%D8%B9%D8%A7%D8%B1-%D8%A7%D9%84%D8%AE%D8%B6%D8%B1%D8%A7%D9%88%D8%A7%D8%AA-%D9%81%D9%8A-%D8%A3%D8%B3%D9%88%D8%A7%D9%82-%D8%A7%D9%84%D8%A3%D9%82%D8%B5%D8%B1-%D8%A7%D9%84%D9%8A%D9%88%D9%85-%D8%A7%D9%84%D8%B3%D8%A8%D8%AA-10-%D9%8A%D9%86%D8%A7%D9%8A%D8%B1/7263872,youm7.com,"تسجل أسعار الخضراوات
بمحافظة الأقصر
، اليوم السبت 10 يناير 2026، تفاوت في الأسعار ما بين الاستقرار والإنخفاض في بعض منها مع موسم الحصاد الشتوى للطماطم والبطاطس وغيرها من الخضروات الطازجة في الأسواق ومحلات الخضر والفاكهة لتوفيرها للمواطنين بأسعار مناسبة للجميع.
-       طماطم صلصلة 5 جنيهات للكيلو
-       طماطم نواشف 12.5 جنيه للكيلو
-       بطاطس تحمير 12.5 جنيه للكيلو
-       بطاطس سلق 7 جنيهات للكيلو
-       بطاطا سكرى 20 جنيه للكيلو
-       ثوم أحمر بلدى 60 جنيه
-
ثوم شبك
30 جنيه
-       ثوم مقشر 60 جنيه
-       فلفل ألوان 6 جنيه للكيلو
-       فلفل هريسة 40 جنيه للكيلو
-       فلفل بلدى 20 جنيه للكيلو
-       خيار صنوبر 25 جنيه للكيلو
-       خيار بلدى 20 جنيه للكيلو
-       جزر سكرى 25 جنيه للكيلو
-
بصل أحمر
وأبيض 15 جنيه للكيلو
-       كابوتشا كبيرة 20 جنيه
-       4 خضرة 10 جنيهات
-       ليمون بلدى 50 جنيه للكيلو
-      قلقاس 40 جنيه للكيلو
-       مشروم 70 جنيه للكيلو
-       بسلة سكرى 30 جنيه للكيلو
-       كوسة حشو العبور 30 جنيه للكيلو
-       كوسة طبخ 20 جنيه للكيلو
-       باذنجان أبيض 15 جنيه للكيلو
-       باذنجان عروس 20 جنيه للكيلو
-       باذنجان رومى 15 جنيه للكيلو
-       قرع عسلى 25 جنيه للكيلو
-       بروكلى 50 جنيه للكيلو
-       سبانخ بلدى 30 جنيه للكيلو
-       بسلة 30 جنيه للكيلو
-       ملوخية 60 جنيه للكيلو
-       قرنبيط اسكندرانى 30 جنيه
-       كرنبة حشو 30 جنيه
-       كرنبة سلطة بيضاء وحمراء 40 جنيه",2026-01-11
أسعار الخضراوات بأسواق مطروح اليوم السبت 1012026 البطاطس بـ 10 جنيهات,https://www.youm7.com/story/2026/1/10/%D8%A3%D8%B3%D8%B9%D8%A7%D8%B1-%D8%A7%D9%84%D8%AE%D8%B6%D8%B1%D8%A7%D9%88%D8%A7%D8%AA-%D8%A8%D8%A3%D8%B3%D9%88%D8%A7%D9%82-%D9%85%D8%B7%D8%B1%D9%88%D8%AD-%D8%A7%D9%84%D9%8A%D9%88%D9%85-%D8%A7%D9%84%D8%B3%D8%A8%D8%AA-10-1-2026-%D8%A7%D9%84%D8%A8%D8%B7%D8%A7%D8%B7%D8%B3/7263571,youm7.com,"تشهد
أسعار الخضراوات
، استقرارا بأسواق
محافظة مطروح
، اليوم السبت 10- 1- 2026، في ظل تنوع الأصناف المختلفة من الخضراوات الأساسية، وطرح كميات كبيرة من الواردة المزارع وأسواق الجملة، تلبي احتياجات أهالي المحافظة.
- سعرالبطاطس بين 10 و 15 جنيه حسب الصنف.
- سعر كيلو البصل 25 جنيه.
- سعر كيلو الطماطم بين 6 و 10 جنيها.
- سعر كيلو الخيار بين 20 و 25 جنيه.
- سعر الفلفل بين 20 و 25 جنيه للكيلو حسب النوع.
- سعر كيلو الفلفل الألوان بين 30 و 40 جنيه.
- الباذنجان الكوبي بين  20 و 25 جنيه.
- سعر كيلو الباذنجان العروس بين  20 و 25 جنيه.
-  سعر كيلو الليمون البلدي بين 30 و 50 جنيه.
- سعر كيلو القلقاس بين 20 و 30 جنيه.
- كيلو البطاطا بـ 20 جنيه.
-  الجزر الأصفر بين 20 و 25 جنيه للكيلو.
- سعر كيلو البسلة يتراوح بين 20 و 30 جنيه
يذكر أن الأسعار في
مطروح
تزيد قليلا عن الأسعار بالمحافظات الأخرى، بسبب ارتفاع تكاليف نقل البضائع من المحافظات الأخرى ومنطقة الحمام والنوبارية، لبُعد المحافظة عن المزارع وأسواق الجملة، وعدم وجود شوادر وأسواق جملة للخضر والفاكهة بالمحافظة، حيث يتم جلب معظم الخضروات والفاكهة من أسواق الإسكندرية والمحافظات الأخرى.",2026-01-11
حياة كريمة فى سوهاج 100  توصيل وصلات مياه الشرب والصرف الصحى بقرى المبادرة,https://www.youm7.com/story/2026/1/10/%D8%AD%D9%8A%D8%A7%D8%A9-%D9%83%D8%B1%D9%8A%D9%85%D8%A9-%D9%81%D9%89-%D8%B3%D9%88%D9%87%D8%A7%D8%AC-100-%D8%AA%D9%88%D8%B5%D9%8A%D9%84-%D9%88%D8%B5%D9%84%D8%A7%D8%AA-%D9%85%D9%8A%D8%A7%D9%87-%D8%A7%D9%84%D8%B4%D8%B1%D8%A8-%D9%88%D8%A7%D9%84%D8%B5%D8%B1%D9%81/7263408,youm7.com,"شهدت محافظة سوهاج تنفيذ مشروعات ضخمة في قطاع مياه الشرب والصرف الصحي، ضمن جهود الحكومة لتوفير مياه نظيفة وصرف صحي متكامل لجميع المواطنين، خاصة في القرى المستهدفة بالمبادرة الرئاسية لتطوير الريف المصري ""حياة كريمة"".
واستثمرت الدولة أكثر من 2 مليار جنيه لتوسيع الشبكات، وتحسين جودة المياه، وتشغيل محطات حديثة لخدمة جميع المواطنين في الريف والحضر.
توسعات الوصلات المنزلية والمبادرة الريفية
نجحت المشروعات في توصيل الوصلات المنزلية لمياه الشرب بنسبة 100%، والوصلات المنزلية للصرف الصحي لقرى المبادرة بنسبة 100% من المتاح.
وشملت تشغيل مشاريع الهيئة الهندسية والهيئة القومية لمياه الشرب والصرف الصحي، لتصل نسبة تغطية مياه الشرب داخل الكتل السكنية إلى 100%، وخدمات الصرف الصحي إلى 75% بعد الانتهاء من الأعمال.
شملت المشروعات إحلال وتجديد 31 محطة مياه شرب و20 محطة صرف صحي بقيمة 158 مليون جنيه، واستكمال 5 مشروعات إضافية بقيمة 49 مليون جنيه، وإحلال وتجديد 7 كم شبكات مياه و2 كم شبكات صرف صحي بقيمة 15 مليون جنيه، إلى جانب مد وتدعيم 174 كم شبكات مياه و35 كم شبكات صرف صحي بقيمة 179 مليون جنيه، وتأهيل خطوط الطرد لمحطة رقم 1 بطول 6 كم بقيمة 75 مليون جنيه. كما تم تشغيل محطات مياه جديدة مثل توسعات طهطا والمزمين، ومشروع صرف صحي السماكين، وإحلال وتجديد 65 كم شبكات مياه شرب وتوصيل المرافق إلى 21 مدرسة، مع تركيب 360 بوش حريق بقيمة 285 مليون جنيه. وضمن برنامج تحسين خدمات المياه IWSP2 تم تأهيل وتوسيع محطة مياه غرب سوهاج الإنجليزي بقيمة 675 مليون جنيه، وصرف صحي مناطق أولاد عزاز والمنياوي.
حرصت الحكومة على رفع معايير الجودة، حيث حصلت ثلاث محطات مياه شرب وصرف صحي على شهادة التنمية الفنية المستدامة TSM، وتم تجديد شهادات ISO للمعامل والإدارات، بما في ذلك ISO 17025 وISO 9001 وISO 21001، إضافة إلى اعتماد 15 محطة لمطابقة معايير سلامة مياه الشرب والصرف الصحي. وتم رفع وتحليل أكثر من 400 ألف عينة مياه على طول شبكات تمتد 11 ألف كم، وإنشاء 8 معامل كنقاط مراقبة، ومتابعة 8980 منشأة صناعية والحصول على 398 موافقة بيئية للمشروعات الجديدة، مع تطهير 700 خزان مياه شرب وصيانة شبكات بطول 66 كم.
تم تركيب 185 جهاز قياس معاملات القدرة الكهربائية لمراقبة استهلاك الطاقة بنسبة 95% من الشبكات، وتنفيذ أعمال ترشيد الطاقة في 38 محطة مياه وصرف صحي، ما ساهم في توفير 3.9 مليون جنيه سنويا، وتحويل 20 محرك ديزل مستعمل إلى وحدات توليد كهرباء ببرج إنارة محققا وفر مالي 22.9 مليون جنيه، بالإضافة إلى تركيب 1484 عداد قياس ضغط للطلمبات لمراقبة الأداء والكشف المبكر عن الأعطال، واعتماد تقنيات حديثة لتحسين كفاءة محطات المياه وتقليل تكاليف التشغيل.
شملت المشروعات برامج شاملة لتدريب العاملين على السلامة المهنية والإخلاء والإسعافات الأولية، حيث تم تدريب 5826 موظفا على التعامل مع تسرب غاز الكلور، و3862 موظفا على الدخول للأماكن المغلقة، و3739 على الإسعافات الأولية، و3616 على الإخلاء، و7088 على التعامل مع الحرائق، إلى جانب تنفيذ 439 برنامج تدريبي للعاملين و95 برنامجًا للارتقاء بالمسار الوظيفي لـ880 موظفا، مع تدريب 125 طالب جامعي ضمن برامج التدريب الصيفي، و66 متدربا ضمن مبادرة ""حياة كريمة"" في السباكة.
ساهمت المشروعات في توصيل 4302 وصلة مياه شرب وصرف صحي بالتعاون مع الجمعيات الخيرية بقيمة 25.6 مليون جنيه، واستقبال 90,651 شكوى متنوعة من المواطنين عبر الخط الساخن والموقع الإلكتروني، وحلها بما يضمن تحسين جودة الخدمات.
وتم بيع 38 ألف قطعة موفرة للمياه، وتنفيذ 1650 نشاطا توعويا استهدف أكثر من 3 ملايين مواطن، شملت القوافل المائية وورش تعليمية للسيدات وأنشطة طلابية لتعزيز الوعي بأهمية ترشيد استهلاك المياه والحفاظ على شبكات الصرف الصحي، بالإضافة إلى تعريف المواطنين بالمبادرة الرئاسية ""حياة كريمة"" وأهمية دفع الفواتير لضمان استمرارية الخدمات.
وتمثل مشروعات مياه الشرب والصرف الصحي في سوهاج نموذجا واضحا للجهود التنموية للدولة، من خلال استثمارات ضخمة تجاوزت 2 مليار جنيه، وتوسعات واسعة في البنية التحتية، والاعتماد على أعلى معايير الجودة العالمية، وترشيد الموارد، وتدريب الكوادر، ونشر الوعي المجتمعي، بما يضمن توفير حياة كريمة لجميع المواطنين في الريف والحضر على حد سواء.",2026-01-11
الإسكان تتابع الموقف التنفيذى لمشروعات حياة كريمة لتطوير قرى الريف,https://www.youm7.com/story/2026/1/9/%D8%A7%D9%84%D8%A5%D8%B3%D9%83%D8%A7%D9%86-%D8%AA%D8%AA%D8%A7%D8%A8%D8%B9-%D8%A7%D9%84%D9%85%D9%88%D9%82%D9%81-%D8%A7%D9%84%D8%AA%D9%86%D9%81%D9%8A%D8%B0%D9%89-%D9%84%D9%85%D8%B4%D8%B1%D9%88%D8%B9%D8%A7%D8%AA-%D8%AD%D9%8A%D8%A7%D8%A9-%D9%83%D8%B1%D9%8A%D9%85%D8%A9-%D9%84%D8%AA%D8%B7%D9%88%D9%8A%D8%B1-%D9%82%D8%B1%D9%89-%D8%A7%D9%84%D8%B1%D9%8A%D9%81/7262458,youm7.com,"في إطار المتابعة الدورية لمشروعات المبادرة الرئاسية ""
حياة كريمة
"" لتطوير قرى الريف المصري، تابع المهندس شريف الشربيني وزير الإسكان والمرافق والمجتمعات العمرانية، الموقف التنفيذي للمشروعات بالمرحلة الأولى ضمن المبادرة، وذلك فى اجتماع عقده بحضور مسئولي الوزارة والجهات التابعة والشركات المنفذة للمشروعات.
وتناول الاجتماع موقف مشروعات المبادرة الرئاسية التي تنفذها وزارة الإسكان في عددٍ من محافظات المرحلة الأولى، ومنها محافظات الغربية والقليوبية والأقصر وكفر الشيخ والشرقية والدقهلية ودمياط وغيرها من المحافظات المستهدفة بالمرحلة الأولى للمبادرة الرئاسية نطاق عمل الوزارة والتي شملت مشروعات مبانٍ خدمية من تنفيذ الجهاز المركزي للتعمير التابع للوزارة، ومشروعات مياه الشرب والصرف الصحي من تنفيذ الشركة القابضة لمياه الشرب والصرف الصحي ، والهيئة القومية لمياه الشرب والصرف الصحي، والتي تشمل شبكات صرف صحي ووصلات منزلية ومحطات مياه شرب ومحطات معالجة صرف صحي.
وأكد الوزير أهمية المتابعة الدورية والوقوف على حجم الإنجاز الذي تم تحقيقه بنسب تنفيذ المشروعات ضمن المرحلة الأولى من المبادرة الرئاسية ""حياة كريمة""، والمتابعة الدورية على الأرض من مسئولي الوزارة يومياً لكافة المشروعات، موجها بالالتزام بالمواعيد المحددة للمشروعات والانتهاء من كافة الأعمال المتبقية لدخول المشروعات الخدمة.",2026-01-11
متحدث الحكومة إنجاز 22 ألف مشروع ضمن حياة كريمة,https://www.youm7.com/story/2026/1/8/%D9%85%D8%AA%D8%AD%D8%AF%D8%AB-%D8%A7%D9%84%D8%AD%D9%83%D9%88%D9%85%D8%A9-%D8%A5%D9%86%D8%AC%D8%A7%D8%B2-22-%D8%A3%D9%84%D9%81-%D9%85%D8%B4%D8%B1%D9%88%D8%B9-%D8%B6%D9%85%D9%86-%C2%AB%D8%AD%D9%8A%D8%A7%D8%A9-%D9%83%D8%B1%D9%8A%D9%85%D8%A9%C2%BB/7261447,youm7.com,"يقدم «اليوم السابع» لقرائه سلسلة من الأخبار التي تهم الشأن العام، خاصة الملفات الحيوية والخدمية، مع عرض موجز لأبرز ما شهدته الساحة خلال الـ24 ساعة الماضية، وجاءت كالتالي:
متحدث الحكومة: إنجاز 22 ألف مشروع ضمن حياة كريمة والتحضير للمراحل المقبلة
منخفض جوى قطبى يضرب البلاد فى هذا الموعد.. والأرصاد تحذر
نستله تسحب دفعات من حليب الأطفال بسبب مخاوف تتعلق بسلامة الغذاء
وزارة الزراعة: لا مبرر لارتفاع أسعار الكتاكيت فى الأسواق
نوة الفيضة الكبرى تقترب من الإسكندرية وتحذيرات من ارتفاع الأمواج 5 أمتار
رابط تسجيل استمارة التقدم لامتحانات الشهادات العامة لعام 2026
رئيس الوزراء يتفقد غدا أعمال إنشاء وتطوير عدد من المستشفيات بالقاهرة والجيزة
إنذار بحرى وتحذير عاجل لسواحل المتوسط.. اضطراب ملاحة وأمواج تتجاوز 5 أمتار
وزير الرى: اتخاذ الإجراءات القانونية تجاه المخالفين على ترعة الشلوفة بالسويس
وزارة العمل تعلن عن فرص جديدة بالأردن فى قطاع صناعات النسيج.. التفاصيل
وزارة الرى تكثف العمل فى مسارات نقل المياه لاستصلاح 456 ألف فدان بسيناء
القومي للطفولة والأمومة يؤكد رفضه استغلال الأطفال بعد إعلان حلقة مواعدة
وزارة المالية: مديونية أجهزة الموازنة للناتج المحلى تستمر فى التراجع
التأمين الصحى: وحدة الاقتصاديات تدرج 59 دواءً جديدًا و 29 خدمة خلال 2025",2026-01-11
الكشف على 670 مواطن فى اليوم الأول لقافلة قرية البقاشين الطبية,https://www.youm7.com/story/2026/1/6/%D8%A7%D9%84%D9%83%D8%B4%D9%81-%D8%B9%D9%84%D9%89-670-%D9%85%D9%88%D8%A7%D8%B7%D9%86-%D9%81%D9%89-%D8%A7%D9%84%D9%8A%D9%88%D9%85-%D8%A7%D9%84%D8%A3%D9%88%D9%84-%D9%84%D9%82%D8%A7%D9%81%D9%84%D8%A9-%D9%82%D8%B1%D9%8A%D8%A9-%D8%A7%D9%84%D8%A8%D9%82%D8%A7%D8%B4%D9%8A%D9%86/7259546,youm7.com,"تفقد الدكتور أسامة الشلقاني وكيل وزارة
الصحة بالقليوبية
، أعمال
القافلة الطبية المجانية
بقرية البقاشين بكفر شكر، وذلك في إطار خطة الدولة وجهود محافظة القليوبية لتكثيف عمل
القوافل الطبية
المجانية وتقديم الخدمات الصحية المتميزة لجميع المواطنين، وتنفيذًا لتوجيهات الدكتور خالد عبد الغفار نائب رئيس الوزراء ووزير الصحة والسكان، والمهندس أيمن عطية محافظ القليوبية، بتكثيف عمل القوافل الطبية العلاجية.
وتابعت، أنه تنوعت أعمال القافلة ما بين الكشف الطبي فى التخصصات المختلفة ""الباطنة -  الأطفال - الجراحة - النساء - تنظيم أسرة - الجلدية - أسنان - رمد - العظام""، إلي جانب عيادة ""اكشف واطمن"" للكشف عن الدهون الثلاثية ونسبة الكوليستيرول في الدم وكذلك قياس السكر التراكمي، بالإضافة إلى وجود معملي دم وطفيليات، ووجود سونار بعيادتي النساء وتنظيم الأسرة، كذلك عيادة الكشف المبكر للضغط والسكر ووجود لجنة لعمل التقارير العلاجية على نفقة الدولة.
وكذلك تقديم خدمة التثقيف الصحي للمواطنين المترددين على القافلة، كما تم صرف الدواء من خلال صيدلية القافلة بالمجان، حيث تفقد وكيل الوزارة جميع عيادات القافلة ووجه بضرورة تقديم خدمات المبادرات الرئاسية لجميع المترددين علي القافلة، جاء ذلك تحت إشراف الدكتورة مفيدة رجاء منسق عام القوافل العلاجية، وفريق العمل المعاون لها.",2026-01-11
الأورمان توزع اللحوم مجانا على الأسر الأولى بالرعاية ضمن جهود التحالف الوطنى بالمحافظات,https://www.youm7.com/story/2026/1/6/%D8%A7%D9%84%D8%A3%D9%88%D8%B1%D9%85%D8%A7%D9%86-%D8%AA%D9%88%D8%B2%D8%B9-%D8%A7%D9%84%D9%84%D8%AD%D9%88%D9%85-%D9%85%D8%AC%D8%A7%D9%86%D9%8B%D8%A7-%D8%B9%D9%84%D9%89-%D8%A7%D9%84%D8%A3%D8%B3%D8%B1-%D8%A7%D9%84%D8%A3%D9%88%D9%84%D9%89-%D8%A8%D8%A7%D9%84%D8%B1%D8%B9%D8%A7%D9%8A%D8%A9-%D8%B6%D9%85%D9%86-%D8%AC%D9%87%D9%88%D8%AF/7259373,youm7.com,"أعلنت
جمعية الأورمان
عضو التحالف الوطنى للعمل الاهلى التنموى تنظيم عدة إحتفالات لتوزيع الألاف من اللحوم على الأولى بالرعاية والأكثر إحتياجًا، وذلك بمناسبة العام الميلادى الجديد 2026 ، وذلك تحت إشراف مديريات التضامن الإجتماعى بمحافظات الجمهورية المختلفة.
شملت الخطة التفصيلية: محافظة بني سويف حيث تم تنظيم إحتفالية لتوزيع عدد (1000) كيلو لحوم بكنيسة السيده العذراء مريم والقديس سمعان الخراز بقرية متري بمركز بني سويف، وكنيسة ابوسيفين بقرية البدينى بمركز اهناسيا، وفي محافظة البحيرة تم توزيع عدد (400) كيلو لحوم بكنيسة الأنبا أنطونيوس بمركز حوش عيسى، وفي محافظة الدقهلية تم توزيع عدد (1000) كيلو لحوم بمطرانيه العذراء مريم و الملاك ميخائيل بالمنصورة، وكنيسه الشهيد ماري جرجس بكفر يوسف عوض مركز السنبلاوين، وفى محافظة الغربية تم توزيع عددد (300) كيلو لحوم مجانأ بكنيسة الشهيدة رفقة بقرية سنباط بمركز زفتي، وفى محافظة الشرقية تم توزيع عدد (800) كيلو لحوم بكنيسة الشهيد مارمينا بمركز أولاد صقر، وكنيسة الشهيد مارى جرجس بالاخيوه وكنيسة مارمرقص بمركز الحسينيه, وفى محافظة الأقصر تم توزيع عدد (1000) كيلو لحوم ببكنيسة القديس فرنسيس بحاجر الرزيقات قبلى، وكنيسة الراعى الصالح بالاقصر، وكنيسة القديس فلياؤوس السريانى القبطية بالبياضية، وفي محافظة المنوفية تم توزيع عدد (1000) كيلو لحوم بكنيسة الملاك ميخائيل بطوخ طنبشا مركز بركة السبع، وكنيسه مار جرجس بطليا بمركز اشمون، وكنيسه رئيس الملائكه بالعراقية مركز الشهداء، وفي محافظة قنا تم توزيع عدد (1000) كيلو لحوم بمركز قوص بدير الشهيدين أبى سفين ومارى بقطر بحجازة قبلى، وكنيسة الشهيد مارى جرجس ومارى مينا بالعيايشة، وكنيسة الشهيد مارى جرجس بالمعرى، وكنيسة الصليب المقدس بحجازة بحرى، وفي محافظة أسوان تم توزيع عدد (750)كيلو لحوم بكنائس ابوسفين بحاجر القنان، وكنيسة الشهيد العظيم مار مرقس الرسول بالشماخيه، وكنيسة مارجرجس الروماني والأمبا كراس بنجع السائح بمركز ادفو.
جاء ذلك في ظل توجيهات رئيس الجمهورية بإستكمال خطة الحماية الإجتماعية لدعم
الأسر الأولى بالرعاية
، ولإدخال روح البهجة على الأسر الأولي بالرعاية، والتخفيف عن كاهلهم، والعمل جنباً إلى جنب مع الجهاز التنفيذي للتيسير عن المواطنين وتوفير إحتياجاتهم من خلال تقديم الرعاية الإجتماعية لهم.
وقال محمود فؤاد المدير التنفيذى لجمعية
الأورمان
، أن الإحتفالات جاءت لمشاركة الإخوة الأقباط بأعيادهم، وأن الجمعية تحرص دائما على مشاركة المسيحيين مناسباتهم، وتقديم المساعدات اللازمة للأسر الأكثر احتياجًا تنفيذاً لمبادرة رئيس الجمهورية ""حياة كريمة"" ولإدخال البهجة والسرور عليهم كما أنه تحديد الحالات المستفيدة وفق أبحاث ميدانية بالتعاون مع مديريات التضامن الاجتماعي بمحافظات الجمهورية المختلفة، لتحديد الحالات المستحقة والأولى بالرعايا.
من جانبه عبر الأخوة المسيحيين فرحتهم وسعادتهم مقدمين الشكر لمديريات التضامن الاجتماعي والجمعيات الاهلية لمساندتهم للفئات الاكثر احتياجا وتقديم كافة أوجه الرعاية لهم .‏",2026-01-11
مع دخول موسم الخير احذرو من مملكة المتسولين,https://www.youm7.com/story/2026/1/10/%D9%85%D8%B9-%D8%AF%D8%AE%D9%88%D9%84-%D9%85%D9%88%D8%B3%D9%85-%D8%A7%D9%84%D8%AE%D9%8A%D8%B1-%D8%A7%D8%AD%D8%B0%D8%B1%D9%88-%D9%85%D9%86-%D9%85%D9%85%D9%84%D9%83%D8%A9-%D8%A7%D9%84%D9%85%D8%AA%D8%B3%D9%88%D9%84%D9%8A%D9%86/7264027,youm7.com,"بالتزامن مع اقتراب أشهر رجب وشعبان ورمضان، يزداد إقبال الناس على فعل الخير، وتتحرك مشاعر الرحمة في قلوبهم للتقرب إلى الله سبحانه وتعالى في هذه الأشهر المباركة وهو أمر محمود ومطلوب لكن في المقابل، تظهر ظاهرة سلبية تتكرر كل عام، وهي انتشار المتسولين في الشوارع والميادين ووسائل المواصلات الذين يبتكرون قصصًا وحيلًا جديدة لاستدرار العطف والحصول على الأموال والصدقات حيث  تحوّل التسول لدى فئة منهم إلى تجارة مربحة ومصدر يومى للدخل دون التفكير في عمل شريف يغنهم سؤال الناس
ومع هذا الواقع المؤلم نجد أن كثيرًا من هؤلاء ليسوا محتاجين كما يُصوّرون أنفسهم، بل يعتمدون على استغلال طيبة الناس، بينما توجد فئات أخرى تعمل وتجتهد في صمت، وتستحق الدعم والصدقة والزكاة شرعًا وإنسانيًا.
فالصدقات والزكاة ليست للشحاتين أو للمبتزين عاطفيًا في الشوارع، وإنما هي حق أصيل للفقراء والمساكين الذين يعملون ولا يسألون، ويكابدون مشقة الحياة بشرف وكرامة.
فتقديم الصدقات لقريب أو نسيب ضاق به الحال ولا يملك أن يطلب أو رجل أمن كبير في السن أفنى عمره في خدمة الناس أو سيدة مكافحة تعمل في البيوت لتطعم أبناءها أوعامل الدليفري الذي يجوب الشوارع تحت الشمس والمطر أوعمال النظافة الذين يحافظون على وجه المدينة الحضاريى أو طالب من أسرة بسيطة يكافح من أجل مستقبله أوعمال السوبر ماركت والمستشفيات وغيرهم من أصحاب الدخول المحدودة.
هؤلاء جميعًا نماذج حقيقية للفقر المستور، ويندرجون بوضوح تحت مصارف الزكاة الشرعية مثل الفقراء والمساكين وفي سبيل الله.
الدعوة إلى عدم إعطاء المتسولين ليست قسوة ولا انعدام رحمة، بل هي وعي مجتمعي يهدف إلى إيصال الخير إلى مستحقيه الحقيقيين، ومنع استغلال الدين والمشاعر في غير موضعها.
فحين نُحسن توجيه صدقاتنا، نكون قد جمعنا بين الأجر، وتحقيق العدالة الاجتماعية، والحفاظ على كرامة الإنسان العامل.
مع دخول موسم الطاعات، فلنُخرج صدقاتنا بعقل وقلب معًا، ولنبحث عن المحتاج الحقيقي الذي يعمل ويتعب ولا يمد يده. فهؤلاء أولى بالخير، وأعظم أجرًا، وأصدق دعاءً ، فالخير لا يُقاس بكثرته، بل بحُسن موضعه.",2026-01-11
,https://www.youm7.com/story/2026/1/10/%D8%B3%D9%8A%D8%A7%D8%B3%D8%A7%D8%AA-%D8%AD%D9%83%D9%8A%D9%85%D8%A9-%D9%88%D8%B1%D8%A4%D9%89-%D9%85%D9%8F%D8%B3%D8%AA%D9%82%D8%A8%D9%84%D9%8A%D8%A9-%D9%85%D8%B5%D8%B1-%D8%A7%D9%84%D8%AD%D8%A7%D8%B1%D8%B3-%D8%A7%D9%84%D8%A3%D9%85%D9%8A%D9%86-%D9%84%D9%84%D8%B4%D8%B1%D9%82-%D8%A7%D9%84%D8%A3%D9%88%D8%B3%D8%B7/7263954,youm7.com,"تناولت الأخبار العربية والعالمية خلال الأيام القليلة الماضية، الحديث عن تحركات مصر السياسية الجادة للحفاظ على أمن واستقرار المنطقة، فى مواجهة محاولات مستمرة للنيلّ من أمنها القومى، عبر التوغل فى بعض من الدول المُحيطة جنوبا وغربا، إضافة إلى قضية القرن الممتدة تداعياتها على مدار أكثر من عامين إلى الآن، حيث القضية الفلسطينية، التى تشهد تطورات يومية بسبب ممارسات إسرائيل، والتى تتسبب فى مُعاناة أهل غزة، دون نظرٍ لأى عوامل إنسانية أو حتى المعايير الدولية التى تُقرها قوانين ومُعاهدات حقوق الإنسان.
سياسات العربدة الإسرائيلية وغيرها من الأطراف الداعمة لها، تُحاول التوغل فى المنطقة منذ سنوات، فيما تتصدى مصر بقوة وحسم، لها وبالتنسيق مع عدد من الأشقاء، خاصة ممن يُعانون من المحاولات ذاتها للنيل من أمنهم، وفى مقدمتهم المملكة العربية السعودية، والتى لا يُمكن لأحد أن يختلف على منطق أن القاهرة والرياض هما جناحا الأمة العربية، للحفاظ على أمنها واستقرارها.
لقد بات هذا الأمر واضحا فى كثير من المواقف والأزمات، ولعل التنسيق الجارى واحدا من أبرز الشواهد على أن التنسيق المصرى السعودى على أعلى مستوى، وعلى جميع الأصعدة، وأن كل ما يُثار حول أى خلافات لا أساس له من الصحة، وحتى وإن كان موجودا فى بعض الموضوعات، فهو مُجرد خلاف بشأن داخلى يختص بكل دولة، ولا يؤثر على العلاقات الاستراتيجية المتينة بين البلدين الشقيقين.
ويأتى لقاء الرئيس عبدالفتاح السيسى الاثنين الماضى، مع وزير الخارجية السعودى، الأمير فيصل بن فرحان، تأكيدا على التنسيق المحورى، والقائم بالفعل، وامتدادا للمبادرة المصرية السعودية «الرؤية المشتركة للأمن والتعاون فى المنطقة»، والتى تم اعتمادها من قبل مجلس جامعة الدول العربية على المستوى الوزارى، فى سبتمبر الماضى، خلال أعمال دورته الـ164، وقد جسد هذا القرار التوافق العربى على الإطار الحاكم للأمن والتعاون الإقليميين، على أساس قواعد القانون الدولى، فى مُواجهة الظروف الدقيقة التى تمُر بها المنطقة.
وفى اللقاء الأخير، شدد الرئيس السيسى على أهمية تكثيف التنسيق المصرى السعودى تجاه الأزمات الجارية فى المنطقة، كما تم التأكيد خلال اللقاء على تطابق الموقف بينهما، بضرورة التوصل لحلول سلمية لأزمات المنطقة، بما يُحافظ على وحدة وسيادة الدول وسلامة أراضيها، لا سيما فى السودان واليمن والصومال وقطاع غزة، وهو ما يُشير بشكل واضح إلى الملفات والقضايا المحورية محل الاهتمام المشترك.
وفى أوقات مُتقاربة كانت التحركات المصرية والسعودية متوازية، فى اتجاهات مُهمة فى السياق ذاته، حيث كان التواصل بين الأمير فيصل بين فرحان ونائب رئيس الوزراء وزير الخارجية الباكستانى، محمد إسحاق دار، وأيضا وزير الخارجية التركى، هاكان فيدان.
وكان مستشار الرئيس ترامب للشؤون العربية والأفريقية، مسعد بولس أعلن عن الاجتماعات التى عقدها فى السعودية، لافتا إلى أن اجتماعه مع وزير الدفاع السعودى الأمير خالد بن سلمان، والأمير فيصل بن فرحان، ركز على الجهود المشتركة للتوصل إلى وقف إطلاق نار إنسانى فى السودان، إلى جانب مناقشة كيف يمكن للشراكة الأمريكية السعودية أن تعزز التقدم فى القضايا الإقليمية.
كما اتفقت مصر ودولة الإمارات على التنسيق حول مواجهة أزمات المنطقة، لا سيما فى «اليمن، والسودان، وغزة»، حيث شدد وزير الخارجية، الدكتور بدر عبدالعاطى، ونظيره الإماراتى، الشيخ عبدالله بن زايد، على أهمية التوصل إلى تسوية سياسية شاملة للأزمة اليمنية عبر حوار يمنى جامع، إلى جانب أهمية استمرار التنسيق القائم فى إطار الآلية الرباعية، فى السودان، بهدف الدفع نحو التوصل إلى هدنة إنسانية وإنشاء ملاذات وممرات إنسانية آمنة وصولا لوقف شامل لإطلاق النار.
أيضا التقى «عبدالعاطى» بالمبعوث الخاص للأمين العام للأمم المتحدة إلى اليمن، هانس غروندبرغ، فى إطار التنسيق بشأن الملف اليمنى، وقد أكد الأخير مواصلة التنسيق مع مصر باعتبارها طرفا إقليميا مركزيا فى دعم الأمن والاستقرار بالمنطقة، بالإضافة إلى لقاءات ممُاثلة ذات أهمية استراتيجية، حيث لقاء وزير خارجية سلطنة عُمان، بدر بن حمد البوسعيدى، وأيضا الممثلة العليا للشئون الخارجية والسياسة الأمنية للاتحاد الأوروبى، كايا كالاس.
وفى سياق متصل، شدد الدكتور بدر عبدالعاطى، على دعم مصر الكامل لوحدة وسيادة وسلامة الأراضى الصومالية مؤكدا أنها غير قابلة للمساس، باعتبارها ركيزة أساسية لاستقرار منطقة القرن الأفريقى والبحر الأحمر، وذلك خلال جلسة مجلس السلم والأمن الأفريقى، التى عُقدت افتراضيا بناء على طلب مصر، لدعم وحدة وسيادة الصومال.
وفى اتصال مُهم جرى مساء الخميس، بين وزير الخارجية، والسكرتير العام للأمم المتحدة، أنطونيو جوتيريش، أكد «عبدالعاطى» على أن أهمية الدفع نحو التوصل إلى هدنة إنسانية وصولا لوقف شامل لإطلاق النار، مشددا على أهمية الحفاظ على سيادة السودان ووحدة وسلامة أراضيه ودعم مؤسساته الوطنية، منددا بالانتهاكات الجسيمة التى ارتكبت بحق المدنيين فى الفاشر وشمال كردفان، وطالب بضرورة توفير الحماية للمدنيين.
كما تطرق إلى تطورات الأوضاع فى اليمن، مؤكدا موقف مصر الثابت الداعم لوحدة اليمن وسلامة أراضيه والحفاظ على مؤسسات الدولة الوطنية، وضرورة الدفع نحو التهدئة وخفض التصعيد، والتوصل لحل سياسى شامل عبر حوار «يمنى - يمنى»، أيضا أشارت مصر إلى أن الاعتراف الإسرائيلى الأحادى وغير القانونى بما يسمى «إقليم أرض الصومال» يُمثل انتهاكا صارخا لسيادة ووحدة وسلامة أراضى جمهورية الصومال الفيدرالية، مشددة على دعمها الكامل لوحدة وسيادة وسلامة الأراضى الصومالية.
وبالنسبة للأوضاع فى غزة، تستمر مصر فى تأكيداتها لضرورة الانسحاب الإسرائيلى من القطاع، وإعلان تشكيل لجنة التكنوقراط الفلسطينية المؤقتة لإدارة شؤونه، مُعربة «أى مصر» عن رفضها لأى ممارسات تقوض الوحدة الجغرافية للأراضى الفلسطينية أو تمس الارتباط العضوى بين الضفة الغربية وقطاع غزة.
وفى بيان مشترك بين مصر وعدد من الأشقاء والحلفاء بالمنطقة، أكدوا جميعا إدانتهم للزيارة غير القانونية التى قام بها مسؤول إسرائيلى مؤخرا إلى إقليم أرض الصومال، كما شددوا على ضرورة احترام إسرائيل الكامل لسيادة جمهورية الصومال الفيدرالية ووحدتها الوطنية وسلامة أراضيها، والوفاء بالتزاماتها وفقا للقانون الدولى، مطالبين بسحب الاعتراف الصادر عن إسرائيل فورا.‎
ما يحدث الآن من تحركات دبلوماسية مصرية سعودية تؤكد أن رؤية مصر كانت مُستقبلية وحكيمة منذ سنوات، وتحديدا منذ أن كان الرئيس السيسى دعا خلال كلمته فى افتتاح فعاليات أعمال القمة العربية الـ26 بشرم الشيخ، إلى تشكيل قوة عربية مشتركة موحدة للتصدى للتهديدات التى تواجهها المنطقة. ولعل قوة التنسيق الدبلوماسى والاستراتيجى الذى نشاهده الآن بين مصر والسعودية وغيرهما من الحلفاء والأشقاء، تأتى فى سياق متصل، لتعمل كحائط صد أمام محاولات التوغل فى المنطقة وتهديد أمنها القومى، من خلال التنسيق على أعلى المستويات استعدادا لكل  السيناريوهات المُحتملة.
من جانبه، أكد اللواء طيار ركن سابق، مختص بالدراسات الاستراتيجية والأمنية، عبدالله غانم القحطانى فى تصريحات خاصة لـ«اليوم السابع»  أن التنسيق السعودى المصرى ضرورة استراتيجية، لابد من بقائها فى كل الأحوال، مشيرا إلى أن كلا من مصر والسعودية تكملان بعضهما البعض فى هذا «الإقليم المُضطرب»، وقال: «لقاء الأمير فيصل بن فرحان بالرئيس السيسى، وتواصله مع تركيا وباكستان يأتى فى صالح المنطقة بأكملها ويهدف لحمايتها، من القفزات الهوائية التى يقوم بها البعض، أما عن العلاقات مع الآخرين مثل تركيا وباكستان فهو أمر ضرورى من أجل توحيد الجهود سياسيا وأيضا إعلاميا وغيرها من المجالات لمنع تدهور الأوضاع فى المنطقة»، مشيرا إلى معاناة كل من مصر والسعودية من تهديدات على أمنهما القومى، فالأولى حيث التهديدات من الغرب والجنوب، والثانية حيث التهديدات على حدودها الجنوبية والشمالية، موضحا أن العلاقات السعودية المصرية ركن قوى لحفظ أمن المنطقة، وأيضا للتنسيق مع القوة الإقليمية فى المنطقة، وأيضا الغير عربية، والتى تنظر إلى مصر والسعودية إلى أين يتجهان، «فإذا كان الصوت والرأى بينهما مُوحدا فأنت هنا أمام ثقل استراتيجى كبير»، مؤكدا أن التعاون السعودى المصرى مع بقية الشرفاء العرب والحلفاء فى المنطقة سيعيد الأمور إلى نصابها من حيث الأمن والاستقرار.
وقال: «مصر والسعودية دولتان شامختان وكذلك غيرهما من الدول العربية المُعتدلة مثل الأردن وباقى دول مجلس التعاون الخليجى، وأتوقع أن خلال أسبوع ستكون الأمور على الأقل سياسيا فى اتجاه يمنع التجاوز فى حق الأمن القومى العربى، والذى يُعد خط أحمر لا يترك للعابثين والحالمين»، مشيدا بدور مصر وتأثيرها وقوتها فى المنطقة.
ويرى الخبير العسكرى السعودى، اللواء الركن الدكتور زايد بن محمد العمرى أن التحركات السعودية المصرية تأتى لإعادة ضبط التوازن الإقليمى، فى ظل تصاعد التحديات الأمنية وتزايد التهديدات العابرة للحدود، لا سيما فى «البحر الأحمر، واليمن، والسودان، وشرق المتوسط»، موضحا أن تواصل وزير الخارجية السعودى مع كل من «تركيا وباكستان»، يأتى ضمن مقاربة سعودية تقوم على توسيع دائرة التنسيق مع قوى إقليمية وإسلامية مؤثرة تمتلك ثقلا سياسيا وعسكريا، ما يُعزز الاستقرار ويحد من الفراغات الاستراتيجية.
وأوضح أن لقاء الأمير فيصل بن فرحان بالرئيس السيسى، شكّل نقطة ارتكاز أساسية فى هذا الحراك، لافتا إلى أن مثل هذه التحركات تشكّل نواة تنسيق استراتيجى عربى - إسلامى تقوده «السعودية ومصر»، وتشارك فيه دول «كتركيا وباكستان»، مع قابلية انضمام دول أخرى مثل الأردن والمغرب، ضمن صيغة مرنة تقوم على التنسيق السياسى والأمنى والاستخباراتى، دون الإعلان عن تحالف عسكرى تقليدى، وأشار خلال تصريحاته لـ«اليوم السابع» إلى أن هذا الحراك المشترك ربما يعكس توجها «سعوديا - مصريا» لبناء محور استقرار قائم على الدولة الوطنية ولمّ الشمل، لا على الأدوار الموازية أو السياسات المنفردة.
وبحسب «العمرى» فإن التحركات المصرية السعودية الجارية تُمثل محاولة جادة لإعادة ضبط التوازن الإقليمى عبر شراكات مدروسة تقودها الرياض والقاهرة، وتفتح الباب أمام تنسيق أوسع، قد يشكّل أساسا لنظام إقليمى أكثر استقرارا فى المرحلة المقبلة.",2026-01-11
وداعا أبي صابر القلب والروح,https://www.youm7.com/story/2026/1/10/%D9%88%D8%AF%D8%A7%D8%B9%D9%8B%D8%A7-%D8%A3%D8%A8%D9%8A-%D8%B5%D8%A7%D8%A8%D8%B1-%D8%A7%D9%84%D9%82%D9%84%D8%A8-%D9%88%D8%A7%D9%84%D8%B1%D9%88%D8%AD/7263751,youm7.com,"رحل والدي الحبيب الفقيد، وترك في القلب فراغًا لا يملؤه شيء، وفي الروح وجعًا لا يهدأ. لم يكن الرحيل مفاجئًا فقط، بل موجعًا في تفاصيله، كأن القدر أراد أن يختبر صبرنا في أصعب اللحظات.
أُصيب والدي بكسر في قدمه أثناء وضوئه لصلاة المغرب، تلك اللحظة التي كان يستعد فيها للوقوف بين يدي الله، فكان آخر ما فعله في دنياه طاعة، وآخر ما نواه صلاة. تدهورت حالته الصحية بعد ذلك، إلى أن وافته المنية إثر هبوط حاد في الدورة الدموية، ليصعد إلى ربه وهو في طريق العبادة، ونحسبه عند الله من أهل الخير.
كان أبي مثالًا للبساطة والرضا، لم يعرف يومًا إلا الطيبة، ولم يحمل في قلبه إلا الخير. عاش كريم النفس، صادق المعشر، محبًا لأهله وأولاده، حريصًا على أن يترك في كل قلب أثرًا طيبًا، وقد فعل.
رحل الجسد، لكن السيرة الطيبة باقية، والدعاء لا ينقطع، والذكريات شاهدة على رجل عاش نظيف القلب، نقي السيرة.
نسأل الله أن يجعل كسره جبرًا في الجنة، وألمه رحمة، ونهايته حسن خاتمة، وأن يتقبله في الصالحين، ويغفر له، ويوسع قبره، ويجعله روضة من رياض الجنة.
اللهم ارحم أبي رحمةً واسعة، واجعل مثواه الفردوس الأعلى، واربط على قلوبنا بالصبر والسلوان؛ وإنا لله وإنا إليه راجعون.",2026-01-11
,https://www.youm7.com/story/2026/1/10/%D8%AD%D9%8A%D9%86-%D9%8A%D9%83%D9%88%D9%86-%D8%A7%D9%84%D8%A7%D8%AE%D8%AA%D9%84%D8%A7%D9%81-%D8%AD%D9%8A%D8%A7%D8%A9/7263756,youm7.com,"في زحام الحياة اليومية، نصطدم كثيرًا بأشخاص يبدون وكأن آراءهم جدران صماء، لا نوافذ لها ولا أبواب، يتحدثون بثقة مطلقة، يسمعون أصواتهم فقط، ويظنون أن ما يرونه هو الحقيقة الكاملة، وما عدا ذلك مجرد ضجيج لا يستحق الإصغاء، هؤلاء لا يدركون أن الرأي ليس عقيدة، وأن الفكرة لا تصبح مقدسة لمجرد أننا نؤمن بها.
الاختلاف في وجهات النظر ليس عيبًا ولا خللًا في التفاهم الإنساني، بل هو جوهر الحياة نفسها، فكما تتعدد الوجوه وتختلف الملامح، تتنوع الأفكار والرؤى والتجارب.
لا يوجد إنسان يرى العالم بالعين نفسها التي يراه بها غيره، لأن لكل منا زاويته الخاصة، وخلفيته، وما مر به من خبرات صنعت وعيه وشكلت قناعاته.
المشكلة لا تكمن في الاختلاف، بل في الخوف منه، هناك من يظن أن الاستماع لرأي مغاير هو تهديد لذاته، أو انتقاص من قناعته، فيتشبث بموقفه كمن يتمسك بطوق نجاة وهمي، بينما الحقيقة أن الإنصات للآخرين لا يعني التخلي عن الرأي، بل يعني توسيعه، وإخضاعه للنقاش، وربما تطويره أو تصحيحه.
الحياة تتسع للجميع، وتتسع لكل الأصوات مهما تباينت، وعندما نُقصي الرأي المختلف، فإننا لا نغلق باب الحوار فقط، بل نغلق نافذة التعلم والنمو.
المجتمعات التي تقدمت لم تفعل ذلك لأن أفرادها متشابهون في التفكير، بل لأنهم اختلفوا باحترام، وتجادلوا بوعي، وتعلموا كيف يحولون التنوع إلى قوة لا إلى صراع.
ثقافة الاختلاف في المجتمع تبدأ من الاعتراف بأننا لسنا مركز الكون، وأن ما نراه صوابًا قد يراه غيرنا من زاوية أخرى، تبدأ من الإصغاء الحقيقي، لا انتظار الدور للرد، ومن قبول الآخر كما هو، لا كما نريد له أن يكون، وعندما نتعلم ألا نتشبث بآرائنا، نكتشف أن السلام الداخلي لا يأتي من الانتصار في الجدل، بل من القدرة على التعايش، والفهم، والاحترام المتبادل.
الاختلاف ليس مشكلة تحتاج إلى حل، بل قيمة تحتاج إلى ترسيخ.",2026-01-11
بدر عبد العاطي وزير خارجية يليق بـ مصر,https://www.youm7.com/story/2026/1/10/%D8%A8%D8%AF%D8%B1-%D8%B9%D8%A8%D8%AF-%D8%A7%D9%84%D8%B9%D8%A7%D8%B7%D9%8A-%D9%88%D8%B2%D9%8A%D8%B1-%D8%AE%D8%A7%D8%B1%D8%AC%D9%8A%D8%A9-%D9%8A%D9%84%D9%8A%D9%82-%D8%A8%D9%80-%D9%85%D8%B5%D8%B1/7263709,youm7.com,"بدون لف ودوران ، قررت الإعتراف بأننى فى حيرة من أمر الدكتور بدر عبد العاطي وزير الخارجية ، نعم فى حيرة شديدة ، فأنا فشلت فى تشبيهه بأي وزير خارجية مصري سابق ، فى أوقات قُلت عنه إنه سيُكَرر تجربة العظيم بطرس بطرس غالي لكننى مع مرور الوقت شبهته بأنه ""عصمت عبدالمجيد"" هذا العصر ، لكننى تراجعت ووجدت أنه يمتلك عقلية أمنية متميزة فـ شبهته باللواء ""كمال حسن على"" ، لكننى تراجعت مرة أخري ووجدت أنه لديه من الإقناع الكثير ومن الحُجة الكثير ويخلط الدبلوماسية بالواقعية ولديه دراية تامة بدروب القانون الدولي وكافة مسالك الأمن القومي فقررت تشبيهه بالدبلوماسي العظيم ( أحمد أبوالغيط ) .. لكننى أعترِف بأنه سيجد من نفسه نسخة جديدة من عظماء مصر الذين تقلدوا منصب وزير خارجية مصر، هو نسخة فريدة جديدة لانج .. هو ( بدر عبد العاطي ) وكفي .. الرجل الصعيدى الذي تخرج من كلية الاقتصاد والعلوم السياسية وكان الأول على دفعته ، سار فى طريقه مُحملاً بطموح جامح وآمال كثيرة له ولوطنه، تدرج فى المناصب ، تابعت جزء كبير من مسيرته بِحُكم عملي الإعلامي ، اجتهد حتى تولي منصب المتحدث الرسمى لوزارة الخارجية فى فترة عصيبة من تاريخ مصر وتحديداً فترة ( ٢٠١٣ حتى ٢٠١٥ ) كانت فيها مصر مُقبلة على الضياع ، لكنه كان رُمانة الميزان فى الخارجية لما لديه من خبرات كبيرة فى ملفات الشرق الأوسط خاصة الملف الفلسطينى ، فقد عمل فى بروكسل وواشنطن وتولي ملف فلسطين فى الخارجية
تابعت عمله فى ألمانيا ، صال وجال ، أنجز وأوجز ، لمع اسمه أكثر وواصل الدفاع عن قضايا الوطن، والأهم أنه ارتبط بعلاقات وطيدة جداً مع كافة الجاليات المصرية بالخارج .. تكلل مجهوده بالنجاح ووصل لمنصب وزير خارجية مصر وجلس علي كرسي عظماء الخارجية المصرية ، وخلال تلك الفترة وحتى الآن عَبَر بَجرأة _ يُحسَد عليها _ عن سياسة مصر الخارجية النزيهة الشريفة المعتدلة الوطنية المُتزنة الرشيدة ، لم يتواني ، لم يتغافل ، لم يتكاسل ، نشيطاً ، قوياً ، مُتحركاً ، يقظاً ، أسد جسور يُعبر عن وجهات نظر وطن عظيم إسمه ( مصر ) ويليق بـ ( مصر )
.. أكتب عن ""بدر عبد العاطي"" وزير خارجية مصر ، الجريء ، المقدام ، الذي أُتابع كافة لقاءات التليفزيونية مع كل الفضائيات العربية والدولية وأجده نمودج يحتذى به للدبلوماسي المصري ابن تراب هذا الوطن ، الدبلوماسي الذي أتي ليخلف عظماء حملوا المسئولية وحملوا لواء قضايا الوطن وهمومه فى كل المحافل الدولية ، لا أنسي حواره الصريح جداً _ منذ فترة قصيرة _ مع الإعلامية سينا ألكان فى قناة ( Haberturk ) التركية والذي عرض خلاله الرؤية المصرية تجاه تطورات الأحداث فى قطاع غزة ، عرض سهل بسيط لكنه لا يخلو من قوة تنُم عن فروسية ملحوظة لوزير الخارجية المصري ، وقال نصاً ( نعمل علي تثبيت وقف إطلاق النار في قطاع غزة ، ونؤكد علي ضرورة نشر قوة تثبيت الاستقرار الدولية تكون مهمتها مراقبة الإلتزام بوقف إطلاق النار ، وتيسير تدفق المساعدات الإنسانية ، وتهيئة المجال لبدء مرحلة إعادة الإعمار ، وصولا إلى بلورة أفق سياسي جاد يقود إلى إقامة الدولة الفلسطينية المستقلة على خطوط الرابع من يونيو ١٩٦٧ وعاصمتها القدس الشرقية ، وتشكيل لجنة فلسطينية لإدارة قطاع غزة مؤقتاً تمهيداً لتمكين السلطة الفلسطينية من الاضطلاع بمسؤولياتها كاملة ، ونعمل علي تحقيق المصالحة الفلسطينية ونستضيف حوارات بين الفصائل لتهيئة بيئة توافقية تضمن صون وحدة الأراضي الفلسطينية ) .. من وجهه نظرى فإنه بذلك وضع روشتة لعلاج تأزُم القضية الفلسطينية
.. أُشاهِد الدكتور بدر عبد العاطي وزير خارجية مصر فى كل لقاءاته وحواراته وفى المؤتمرات الصحفية مُعبراً عن دولة كبيرة ، عن رؤية وطنية خالصة ، عن سياسة خارجية أثبتت نجاحها فى التصدي للتعنت الإسرائيلي ، البعض حاول إقناعي بأن ""بدر عبد العاطي"" لديه شخصية قوية فى التفاوض ويُشبه فى ذلك ""هنري كيسنجر"" _ أحد أكبر وأشهر وزراء خارجية أمريكا _ لكننى مازالت عند رأيي بأنه لا يُشبه أحد ولا يُشبه هنري كيسنجر ، لأنه هو ( بدر عبد العاطي ) وكفي ، الذي سيصنع لنفسه شخصية مختلفة عن كل ما سبقه من وزراء خارجية مصر ، سيصنع لنفسه ( أسطورة جديدة ) ستُكتب بإسمه ، و ( نموذج جديد ) سيُكتب بإسمه هو لأنه متميز وتميُزه يأتي من تفرُده ووطنيته وقوته فى الإقناع",2026-01-11
,https://www.youm7.com/story/2026/1/10/%D8%A7%D9%84%D9%82%D8%B5%D8%A9-%D8%A7%D9%84%D9%82%D8%B5%D9%8A%D8%B1%D8%A9-%D9%81%D9%89-%D9%85%D8%B5%D8%B1-%D9%81%D9%86-%D9%82%D9%84%D9%82/7263569,youm7.com,"لا يتوقف الجدل المتعلق بفن القصة القصيرة، وها قد عاد مؤخرا بسبب ما حدث في جائزة ساويرس في دورتها الأخيرة، مما يطرح سؤلا مهما: ما الذي نريده من القصة القصيرة؟ وهل ما زال هذا الفن قادرًا على إنتاج نماذج مقنعة وفق معايير جمالية واضحة، أم أن الأزمة كامنة في طريقة القراءة والتقييم أكثر مما هي كامنة في النصوص نفسها؟
هذا الجدل ليس جديدًا، ولا يخص جائزة ساويرس وحدها، لكنه يعيد إلى السطح تاريخًا طويلًا من التوتر بين القصة القصيرة والمؤسسة الثقافية، وبين هذا الفن والميل الدائم إلى محاكمته بمعايير كمية أو مقارنة مباشرة بالرواية، ومن هنا، فإن العودة إلى تاريخ القصة القصيرة في مصر ليست ترفًا معرفيًا، بل ضرورة لفهم لماذا تتكرر هذه الأزمات، ولماذا تظل القصة القصيرة فنًا ""قلقًا"" بطبيعته.
لم تظهر القصة القصيرة في مصر بوصفها جنسًا أدبيًا مكتمل الوعي منذ اللحظة الأولى، بل جاءت نتيجة مسار طويل من التحول من الحكاية التراثية، ومن المقال السردي، ومن تأثير الترجمة الغربية في مطلع القرن العشرين، وكانت الصحافة، والمجلات الأدبية تحديدًا، هي الحاضنة الأولى لهذا التحول.
الكاتب الكبير محمد تيمور من أوائل من تنبهوا إلى هذا الشكل الجديد، وكتب محاولات قصصية قصيرة تتجاوز السرد الحكائي التقليدي، وتسعى إلى بناء موقف وشخصية ونهاية ذات دلالة، غير أن التأسيس الحقيقي، من حيث الوعي بالشكل والاشتغال الفني، ارتبط باسم محمود تيمور، الذي أصدر عام 1925 مجموعته القصصية ""الشيخ جمعة.
في ""الشيخ جمعة""، لم يكن الرهان على الحدث الكبير، بل على الشخصية، وعلى التوتر الداخلي، وعلى التقاط لحظة إنسانية مكثفة، وقدم محمود تيمور نموذجًا للقصة القصيرة بوصفها جنسًا مستقلًا، لا مجرد نص قصير، ومن هنا بدأت القصة القصيرة تفرض نفسها بوصفها فنًا قادرًا على التعبير عن المجتمع المصري في تحولاته الأولى.
مع الثلاثينيات والأربعينيات، تطورت القصة القصيرة من حيث الوعي الفني واللغوي، وبرز اسم يحيى حقي بوصفه حلقة أساسية في هذا التطور، لم يكن حقي مجرد كاتب قصة، بل صاحب مشروع سردي ولغوي، يسعى إلى الموازنة بين الفصحى والروح المصرية، وبين العمق الإنساني والبساطة الظاهرة.
ورغم أن ""قنديل أم هاشم"" تُقرأ غالبًا بوصفها نصًا روائيًا قصيرًا أو قصة طويلة، فإن تجربة يحيى حقي القصصية عمومًا أسست لحساسية جديدة في السرد، تقوم على التأمل، وعلى بناء الشخصية من الداخل، وعلى احترام القارئ بوصفه شريكًا في إنتاج المعنى، في هذه المرحلة، أصبحت القصة القصيرة أقل مباشرة، وأكثر وعيًا بالبناء، وباللغة، وبالإيحاء.
من أكثر المفارقات شيوعًا في تلقي القصة القصيرة في مصر، اختزال تجربة نجيب محفوظ في كونه روائيًا فقط، رغم أن محفوظ قدم عبر القصة القصيرة واحدًا من أكثر مشاريعه السردية كثافة وعمقًا، فمنذ مجموعته الأولى ""همس الجنون"" (1938)، مرورًا بـ""دنيا الله"" (1962)، و""تحت المظلة"" (1969)، وصولًا إلى ""رأيت فيما يرى النائم"" لاحقًا، تعامل محفوظ مع القصة القصيرة بوصفها مساحة للتجريب الفكري والفلسفي.
في قصص محفوظ، لا نجد القصة بوصفها حكاية مكتملة بقدر ما نجدها سؤالًا مفتوحًا، شخصياته ليست نماذج اجتماعية فحسب، بل كائنات مأزومة، تواجه السلطة، والقدر، والعبث، والمعنى، وقد استخدم محفوظ القصة القصيرة لاختبار أفكار كبرى: العدالة، الحرية، السلطة، الوجود، في بناء سردي مقتصد، لكنه بالغ الكثافة.
هذا الدور يجعل من محفوظ حلقة مركزية في تاريخ القصة القصيرة، لا تقل أهمية عن دوره الروائي، ويكشف أن القصة القصيرة في مصر لم تكن يومًا فنًا هامشيًا، بل مختبرًا أساسيًا للأسئلة الكبرى.
يأتي يوسف إدريس بوصفه لحظة تحول حاسمة في تاريخ القصة القصيرة المصرية، لا لأنه قطع مع ما سبقه تمامًا، بل لأنه أعاد تعريف العلاقة بين القصة والواقع. في مجموعات مثل ""أرخص ليالي"" (1954) و""جمهورية فرحات"" (1956)، نقل إدريس القصة القصيرة إلى الشارع والشخصيات المهمشة.
ما فعله يوسف إدريس لم يكن مجرد تغيير في الموضوعات، بل تغيير في نفسها، لم تعد القصة عنده تأملًا هادئًا فقط، بل صدامًا مباشرًا مع الواقع، ومع ذلك، فإن تحويل إدريس إلى معيار مطلق أضر أحيانًا بتلقي القصة القصيرة، إذ أصبحت كثير من التجارب تقاس عليه وحده، وتتهم بالضعف إذا لم تشبهه.
بعد هزيمة 1967، دخلت القصة القصيرة مرحلة جديدة اتسمت بالقلق والتجريب، لم يعد الواقع قابلًا للتصوير المباشر، وبدأت القصة تميل إلى الرمزية، وإلى تفكيك الزمن، وإلى مساءلة الذات، وظهرت تجارب متنوعة، لم تجمعها مدرسة واحدة، بل حساسية مشتركة تقوم على الشك، وعلى تفكيك السرد الخطي.
في السبعينيات والثمانينيات، اتسعت خريطة القصة القصيرة، وظهر جيل جديد من الكتاب الذين تعاملوا مع القصة بوصفها مساحة حرة للتجريب، بعيدًا عن القوالب الجاهزة. ومع تراجع المجلات الثقافية، تقلصت منصات النشر، لكن القصة لم تختف، بل أعادت إنتاج نفسها بأشكال مختلفة، وصولًا إلى القصة القصيرة جدًا.
مع الألفية الجديدة، أصبحت الجوائز الأدبية لاعبًا أساسيًا في المشهد الثقافي، ومن بينها جائزة ساويرس، التي أعادت تسليط الضوء على القصة القصيرة، ومنحتها حضورًا إعلاميًا واسعًا، غير أن هذا الحضور جاء مصحوبًا بتوتر دائم:،كيف يمكن تقييم فن شديد الحساسية والاختلاف بمعايير تنافسية؟
الجدل الأخير حول جائزة ساويرس للقصة القصيرة كشف عن هذا التوتر بوضوح، فبين من رأى أن المستوى المقدم لا يرقى إلى تاريخ الجائزة، ومن طالب بشرح المعايير، ظهر سؤال أعمق: هل المشكلة في النصوص، أم في التوقعات المسبقة، أم في تصورنا ذاته لماهية القصة القصيرة اليوم؟",2026-01-11
اتحاد الكرة حسام حسن مستمر مع الفراعنة حتى كأس العالم,https://www.youm7.com/story/2026/1/11/%D8%A7%D8%AA%D8%AD%D8%A7%D8%AF-%D8%A7%D9%84%D9%83%D8%B1%D8%A9-%D8%AD%D8%B3%D8%A7%D9%85-%D8%AD%D8%B3%D9%86-%D9%85%D8%B3%D8%AA%D9%85%D8%B1-%D9%85%D8%B9-%D8%A7%D9%84%D9%81%D8%B1%D8%A7%D8%B9%D9%86%D8%A9-%D8%AD%D8%AA%D9%89-%D9%83%D8%A3%D8%B3-%D8%A7%D9%84%D8%B9%D8%A7%D9%84%D9%85/7264149,youm7.com,"أكد مصطفى أبو زهرة، عضو مجلس إدارة اتحاد الكرة، أن لاعبي
منتخب مصر
أثبتوا أنهم على قدر المسؤولية بعد الفوز المهم على
كوت ديفوار
، مشددًا على أن عناصر المنتخب «رجالة ولا يخافون من أي شيء».
وقال خلال تصريحات تليفزيونية: «نشكر ربنا على الفوز، وما النصر إلا من عند الله، وربنا كلل تعب منتخب مصر بهذا الانتصار».
وأضاف أبو زهرة، أن لاعبي المنتخب قدموا مجهودًا كبيرًا خلال اللقاء، ونجحوا في ترجمة هذا التعب إلى فوز أسعد الجماهير المصرية، مؤكدًا أن الجميع داخل الفريق كان على قدر المسؤولية في واحدة من أصعب مباريات البطولة أمام
كوت ديفوار
.
واختتم عضو مجلس إدارة اتحاد الكرة تصريحاته بالتأكيد على استمرار
حسام حسن
في قيادة منتخب مصر حتى كأس العالم، موضحًا أن الأجواء داخل معسكر المنتخب في المغرب يسودها قدر كبير من السعادة والتركيز، في ظل حالة من التفاؤل بما هو قادم.",2026-01-11
أخبار 24 ساعة الجيزة غلق الطريق الدائرى القوس الغربى بالاتجاهين 21 يوما,https://www.youm7.com/story/2026/1/11/%D8%A3%D8%AE%D8%A8%D8%A7%D8%B1-24-%D8%B3%D8%A7%D8%B9%D8%A9-%D8%A7%D9%84%D8%AC%D9%8A%D8%B2%D8%A9-%D8%BA%D9%84%D9%82-%D8%A7%D9%84%D8%B7%D8%B1%D9%8A%D9%82-%D8%A7%D9%84%D8%AF%D8%A7%D8%A6%D8%B1%D9%89-%D8%A7%D9%84%D9%82%D9%88%D8%B3-%D8%A7%D9%84%D8%BA%D8%B1%D8%A8%D9%89-%D8%A8%D8%A7%D9%84%D8%A7%D8%AA%D8%AC%D8%A7%D9%87%D9%8A%D9%86/7264463,youm7.com,"يقدم «اليوم السابع» سلسلة من الأخبار التى تهم الجمهور، خاصة الملفات الحيوية والخدمية، وتتضمن عرضًا لأهم الأخبار فى 24 ساعة، من بينها:
‎وزير الزراعة: صرف حصص الأسمدة كاملة دون النظر لمديونيات أو أقساط المزارعين
«الزراعة»: إتاحة الكلاب للحراسة والبحث العلمى.. وتصديرها لغرض الإطعام ممنوع
محافظة الجيزة تعلن غلق الطريق الدائرى القوس الغربى بالاتجاهين 21 يومًا
رفع كمرات محور عمرو بن العاص أعلى الطريق الدائرى القوس الغربى.. صور
مشهد إنسانى لمحبة أهل القرآن.. متسابقو دولة التلاوة يودعون زميلهم بالأحضان
وزارة الزارعة: المواطن سيشعر بنتائج خطة مواجهة الكلاب الضالة خلال 6 أشهر
ننشر جميع أسماء الفائزين فى 27 دائرة ملغاة لانتخابات مجلس النواب
منى خليل: جمعيات الرفق بالحيوان غير مسؤولة عن سبوبة تبرعات فيسبوك للكلاب الضالة
وزارة الزراعة تعلن حسابا بنكيا لتلقى التبرعات لتمويل استراتيجية الكلاب الضالة
جمعية الرفق بالحيوان: أزمة الكلاب تحولت لبيزنس لجمع التبرعات على السوشيال
الصحة: تقديم 8.5 مليون خدمة طبية من خلال المنشآت الصحية بالمنيا عام 2025
الطقس غدا.. انخفاض جديد فى درجات الحرارة وشبورة كثيفة صباحا والصغرى بالقاهرة 10
الزراعة: تكلفة تعقيم الكلاب الضالة 475 جنيها للذكر و800 جنيه للأنثى
وزارة الزراعة: الكلب البلدى المصري يعمل في الحراسة بسويسرا
البيطريين: عجز الأطباء تجاوز 50% وأثر فى استراتيجية السيطرة على الكلاب الضالة
التعليم العالى: بعض المعاهد الهندسية طلبت عدم ترشيح طلاب بها تمهيدا للغلق
وزارة الزراعة: تزاوج السلالات الأجنبية من الكلب البلدي سبب شراسته الحالية
عضو بنقابة البيطريين تقترح تبني الكلاب البلدي وفرض رسوم على السلالات المستوردة
وزارة الزراعة: حظر إطعام الكلاب بمداخل البيوت وتخصيص نقاط بعيدة عن السكان
اتحاد جمعيات الرفق بالحيوان: دفاعى عن الكلاب شغلتى.. ونرفض قتلها أو تسميمها
الزراعة: تطعيم 70% من الكلاب سنويا ضد السعار.. وانخفاض حالات العقر منتصف 2026
الصحة: تقديم 22.8 مليون خدمة طبية من خلال المنشآت الصحية بالبحيرة فى 2025
وزارة الزراعة: إنشاء 12 شلتر بالمحافظات لإيواء الكلاب.. والبدء بـ4 محافظات
وزارة الزراعة تلاحق صفحات المتاجرة بالكلاب الضالة لجمع تبرعات بالتعاون مع الداخلية
الطب البيطرى: 12 مليون كلب ضال فى الشوارع
الزراعة: 54 عيادة متنقلة تجوب شوارع المحافظات خلال أيام لتعقيم الكلاب الضالة
وزير التموين يطمئن على إنتاج السكر المحلى من القصب وتخزين القمح فى الصوامع بالمنيا
التعليم العالي: «تمكين» تؤكد التزام الدولة ببناء منظومة دامجة للطلاب ذوي الإعاقة
رابط وخطوات وأوراق تسجيل استمارة امتحانات الثانوية العامة 2026",2026-01-11
شاهد غناء ورقص لاعبى منتخب مصر بقميص محمد حمدى بعد تخطى كوت ديفوار,https://www.youm7.com/story/2026/1/10/%D8%B4%D8%A7%D9%87%D8%AF-%D8%BA%D9%86%D8%A7%D8%A1-%D9%88%D8%B1%D9%82%D8%B5-%D9%84%D8%A7%D8%B9%D8%A8%D9%89-%D9%85%D9%86%D8%AA%D8%AE%D8%A8-%D9%85%D8%B5%D8%B1-%D8%A8%D9%82%D9%85%D9%8A%D8%B5-%D9%85%D8%AD%D9%85%D8%AF-%D8%AD%D9%85%D8%AF%D9%89-%D8%A8%D8%B9%D8%AF/7264155,youm7.com,"احتفل لاعبو
منتخب مصر
عقب الفوز على كوت ديفوار 3-2 فى ربع نهائى أمم أفريقيا، وقام اللاعبون بالغناء والرقص فى غرفة خلع الملابس حاملين قميص
محمد حمدى
الذى يغادر لألمانيا خلال ساعات لإجراء جراحة الرباط الصليبى.
وأبدى
محمد صلاح
نجم منتخب مصر، سعادته الكبيرة بالفوز على كوت ديفوار فى ربع نهائى أمم أفريقيا، لافتا إلى أن فريقه كان الأفضل واستحق الفوز بثلاثية.
قال صلاح فى تصريحات تليفزيونية، إنه سيقاتل مع فريقه ويبذلون قصارى جهدهم من أجل الفوز فى كل مباراة، والوصول لأبعد نقطة فى البطولة.
توج محمد صلاح بجائزة رجل مباراة
منتخب مصر وكوت ديفوار
فى المباراة التى جرت اليوم ملعب أدرار بالمغرب، ليصعد منتخب مصر للدور نصف نهائى أمم أفريقيا لمواجهة السنغال.
لمتابعة أخبار بطولة كأس أمم أفريقيا 2025 عبر بوابة كأس أمم أفريقيا اضغط هنا
سجل لمنتخب مصر
عمر مرموش
ورامى ربيعة ومحمد صلاح فى الدقائق 4 و32 و52 من عمر اللقاء، بينما جاء هدفى كوت ديفوار فى الدقيقة 40 من خطأ لأحمد فتوح، ثم ديوى فى الدقيقة 73.
وهدد عمر مرموش مرمى كوت ديفوار مجددا فى الدقيقة 12 وكاد يسجل الهدف الثانى لكن الحكم يرفع الراية معلنا تسلل نجم مانشستر سيتى الانجليزى، وكاد حسام عبد المجيد يضيف الهدف الثانى فى الدقيقة 21 من كرة رأسية لكن الحارس الإيفوارى ينقذ الموقف.
وفى الدقيقة 32 نجح
رامى ربيعة
فى تسجيل الهدف الثانى لمنتخب مصر من رأسية سكنت شباك الحارس الإيفوارى، ومن خطأ عكسى لاحمد فتوح سجل منتخب كوت ديفوار هدفه الأول فى الدقيقة 40، لينتهى الشوط الأول بتقدم مصر 2-1.
وفى الدقيقة 52 نجح
محمد صلاح
فى تسجيل الهدف الثالث من تمريرة حريرية من إمام عاشور وضعته فى مواجهة حارس مرمى كوت ديفوار، وأشهر الحكم الجزائرى مصطفى غربال البطاقة الصفراء لحسام عبد المجيد فى الدقيقة 66.
وفى الدقيقة 73 سجل ديوى لاعب
كوت ديفوار
هدف الأفيال الثانى من ركنية تعامل معها محمد الشناوى بغرابة شديدة، ودفع حسام حسن بمحمود تريزيجيه بدلا من إمام عاشور فى الدقيقة 79 قبل أن يدفع بمصطفى محمد فى الدقيقة 90.
ودفع
حسام حسن
بالثلاثى رامى ربيعة وياسر إبراهيم وحسام عبد المجيد فى قلب الدفاع بجوار محمد هانى وأحمد فتوح على الطرفين الأيمن والأيسر، مع الدفع بالثلاثى مروان عطية وحمدى فتحى وإمام عاشور فى الوسط، وفى الهجوم الثنائى محمد صلاح وعمر مرموش.
فى حراسة المرمى: محمد الشناوي.
خط الدفاع : محمد هاني - رامي ربيعة - حسام عبد المجيد - ياسر إبراهيم - أحمد فتوح.
الوسط: مروان عطية - حمدي فتحي - إمام عاشور.
الهجوم :
محمد صلاح
- عمر مرموش.
وعلى مقاعد البدلاء كل من: أحمد الشناوي - مصطفى شوبير - أحمد عيد  - محمد إسماعيل - خالد صبحي  - محمود صابر - محمد شحاته - إبراهيم عادل - مهند لاشين - أحمد سيد زيزو - محمود تريزيجيه - مصطفى فتحي - أسامة فيصل - صلاح محسن - مصطفى محمد، واستبعد حسام حسن الثنائى محمد صبحى ومحمد حمدى لإصابته بالرباط الصليبى، ويحضر محمد حمدي لاعب منتخب مصر فى أرض الملعب لمساندة زملائه وتحفيزهم لتحقيق الفوز.",2026-01-11
سيدة إنجليزية الرعاية الصحية في مصر أفضل وأسرع من بريطانيا,https://www.youm7.com/story/2026/1/10/%D8%B3%D9%8A%D8%AF%D8%A9-%D8%A5%D9%86%D8%AC%D9%84%D9%8A%D8%B2%D9%8A%D8%A9-%D8%A7%D9%84%D8%B1%D8%B9%D8%A7%D9%8A%D8%A9-%D8%A7%D9%84%D8%B5%D8%AD%D9%8A%D8%A9-%D9%81%D9%8A-%D9%85%D8%B5%D8%B1-%D8%A3%D9%81%D8%B6%D9%84-%D9%88%D8%A3%D8%B3%D8%B1%D8%B9-%D9%85%D9%86-%D8%A8%D8%B1%D9%8A%D8%B7%D8%A7%D9%86%D9%8A%D8%A7/7264475,youm7.com,"عرض برنامج ستوديو إكسترا، على قناة إكسترا نيوز، تقريراً مصوراً لسيدة إنجليزية تتلقى العلاج فى مستشفى شرم الشيخ الدولي، حيث أشادت ب
جودة الخدمات الطبية
المقدمة لها.
وأكدت السيدة في حديثها أنها تشعر بالأمان التام داخل المستشفيات المصرية، مشيرة إلى أن هذه هي المرة الثانية التي تختار فيها تلقي العلاج في مصر بعد تجربة سابقة ناجحة لعلاج كسر ألمّ بها.
أجرت السيدة الإنجليزية مقارنة بين الرعاية الصحية في مصر ونظيرتها في بريطانيا، معبرة عن استيائها من طول فترات الانتظار في بلدها، وكشفت أنها لا تزال تنتظر مقابلة طبيب استشاري في إنجلترا منذ 14 شهراً بسبب إصابة في ظهرها، بينما تلقت الرعاية الطبية الفورية واللازمة في مصر بمجرد وصولها، وقالت بوضوح: أشعر بالأمان هنا أكثر، ولن أذهب للمستشفيات في إنجلترا مجدداً.
يأتي هذا التقرير في إطار متابعة جهود هيئة الرعاية الصحية، برئاسة الدكتور أحمد السبكي، والمشرف على مشروع التأمين الصحي الشامل، لتطوير المستشفيات المصرية وتحويلها إلى وجهات عالمية للسياحة العلاجية، وتبرز تجربة هذه السيدة نجاح مستشفى شرم الشيخ الدولي في تقديم نموذج طبي متطور يضاهي المعايير العالمية، مما يجذب السائحين الأجانب لتلقي العلاج في مصر.
من جانبه، تمنى الفريق الطبي في مستشفى شرم الشيخ الدولي الشفاء العاجل للسيدة الإنجليزية، معبرين عن سعادتهم بتقديم الخدمة الطبية لها ولجميع الزائرين، وتؤكد مثل هذه الشهادات الدولية على نجاح مشروع التأمين الصحي الشامل في رفع كفاءة المنظومة الصحية، وتعزيز مكانة مصر كمركز إقليمي ودولي متميز في مجال الرعاية الطبية والسياحة العلاجية.",2026-01-11
حسام حسن المنتخبات أصبحت تقلد طريقتى مع منتخب مصر وأشكر اللاعبين,https://www.youm7.com/story/2026/1/10/%D8%AD%D8%B3%D8%A7%D9%85-%D8%AD%D8%B3%D9%86-%D8%A7%D9%84%D9%85%D9%86%D8%AA%D8%AE%D8%A8%D8%A7%D8%AA-%D8%A3%D8%B5%D8%A8%D8%AD%D8%AA-%D8%AA%D9%8F%D9%82%D9%84%D8%AF-%D8%B7%D8%B1%D9%8A%D9%82%D8%AA%D9%89-%D9%85%D8%B9-%D9%85%D9%86%D8%AA%D8%AE%D8%A8-%D9%85%D8%B5%D8%B1-%D9%88%D8%A3%D8%B4%D9%83%D8%B1/7264153,youm7.com,"أكد حسام حسن المدير الفنى
لمنتخب مصر
، أن لاعبيه كان رجالا وعلى قدر المسئولية أمام كوت ديفوار فى ربع نهائى أمم أفريقيا، لافتا إلى أنه يهدى الفوز للجماهير المصرية ومحمد حمدى لاعب الفريق الذى أصيب بالرباط الصليبى.
قال حسن، فى تصريحات تليفزيونية، إنه كمدرب يضع الفكرة والخطة بعد التشاور مع جهازه ثم يقوم اللاعبين بتنفيذ تعليمات الجهاز موجها الشكر لهم على التزامهم والروح القتالية التى يؤدون بها.
تابع
حسام حسن
أنه المدرب الوحيد الذى لعب بطريقة 5-3-2 فى بطولة أمم أفريقيا، ثم بعد ذلك بدأت بعض الفرق تؤدى بها فى البطولة وهو ما يعتبر نجاحا لمنتخب مصر.
يلتقى منتخب مصر نظيره السنغال يوم الأربعاء المقبل فى نصف نهائى بطولة أمم أفريقيا 2025 بالمغرب، بعد تخطيه كوت ديفوار فى ربع النهائى بنتيجة 3-2.
يلتقى منتخب مصر نظيره السنغال فى تمام السادسة مساء الأربعاء المقبل بتوقيت القاهرة على ملعب بن بطوطة بمدينة طنجة المغربية.
وأبدى محمد صلاح نجم منتخب مصر، سعادته الكبيرة بالفوز على كوت ديفوار فى ربع نهائى أمم أفريقيا، لافتا إلى أن فريقه كان الأفضل واستحق الفوز بثلاثية.
قال صلاح فى تصريحات تليفزيونية، إنه سيقاتل مع فريقه ويبذلون قصارى جهدهم من أجل الفوز فى كل مباراة، والوصول لأبعد نقطة فى البطولة.
توج محمد صلاح بجائزة رجل مباراة منتخب مصر وكوت ديفوار فى المباراة التى جرت اليوم ملعب أدرار بالمغرب، ليصعد منتخب مصر للدور نصف نهائى أمم أفريقيا لمواجهة السنغال.
لمتابعة أخبار بطولة كأس أمم أفريقيا 2025 عبر بوابة كأس أمم أفريقيا اضغط هنا
سجل لمنتخب مصر عمر مرموش ورامى ربيعة ومحمد صلاح فى الدقائق 4 و32 و52 من عمر اللقاء، بينما جاء هدفى كوت ديفوار فى الدقيقة 40 من خطأ لأحمد فتوح، ثم ديوى فى الدقيقة 73.
وهدد عمر مرموش مرمى كوت ديفوار مجددا فى الدقيقة 12 وكاد يسجل الهدف الثانى لكن الحكم يرفع الراية معلنا تسلل نجم مانشستر سيتى الانجليزى، وكاد حسام عبد المجيد يضيف الهدف الثانى فى الدقيقة 21 من كرة رأسية لكن الحارس الإيفوارى ينقذ الموقف.
وفى الدقيقة 32 نجح رامى ربيعة فى تسجيل الهدف الثانى لمنتخب مصر من رأسية سكنت شباك الحارس الإيفوارى، ومن خطأ عكسى لاحمد فتوح سجل منتخب كوت ديفوار هدفه الأول فى الدقيقة 40، لينتهى الشوط الأول بتقدم مصر 2-1.
وفى الدقيقة 52 نجح محمد صلاح فى تسجيل الهدف الثالث من تمريرة حريرية من إمام عاشور وضعته فى مواجهة حارس مرمى كوت ديفوار، وأشهر الحكم الجزائرى مصطفى غربال البطاقة الصفراء لحسام عبد المجيد فى الدقيقة 66.
وفى الدقيقة 73 سجل ديوى لاعب كوت ديفوار هدف الأفيال الثانى من ركنية تعامل معها محمد الشناوى بغرابة شديدة، ودفع حسام حسن بمحمود تريزيجيه بدلا من إمام عاشور فى الدقيقة 79 قبل أن يدفع بمصطفى محمد فى الدقيقة 90.
ودفع حسام حسن بالثلاثى رامى ربيعة وياسر إبراهيم وحسام عبد المجيد فى قلب الدفاع بجوار محمد هانى وأحمد فتوح على الطرفين الأيمن والأيسر، مع الدفع بالثلاثى مروان عطية وحمدى فتحى وإمام عاشور فى الوسط، وفى الهجوم الثنائى محمد صلاح وعمر مرموش.
جاء التشكيل كالتالى:
فى حراسة المرمى :محمد الشناوي.
خط الدفاع : محمد هاني - رامي ربيعة - حسام عبد المجيد - ياسر إبراهيم - أحمد فتوح.
الوسط: مروان عطية - حمدي فتحي - إمام عاشور.
الهجوم : محمد صلاح - عمر مرموش.
وعلى مقاعد البدلاء كل من: أحمد الشناوي - مصطفى شوبير - أحمد عيد  - محمد إسماعيل - خالد صبحي  - محمود صابر - محمد شحاته - إبراهيم عادل - مهند لاشين - أحمد سيد زيزو - محمود تريزيجيه - مصطفى فتحي - أسامة فيصل - صلاح محسن - مصطفى محمد، واستبعد حسام حسن الثنائى محمد صبحى ومحمد حمدى لإصابته بالرباط الصليبى، ويحضر محمد حمدي لاعب منتخب مصر فى أرض الملعب لمساندة زملائه وتحفيزهم لتحقيق الفوز.",2026-01-11
محمد صلاح فرحة المصريين تعنى لى الكثير والمعسكر الحالى الأفضل فى حياتى,https://www.youm7.com/story/2026/1/10/%D9%85%D8%AD%D9%85%D8%AF-%D8%B5%D9%84%D8%A7%D8%AD-%D9%81%D8%B1%D8%AD%D8%A9-%D8%A7%D9%84%D9%85%D8%B5%D8%B1%D9%8A%D9%8A%D9%86-%D8%AA%D8%B9%D9%86%D9%89-%D9%84%D9%89-%D8%A7%D9%84%D9%83%D8%AB%D9%8A%D8%B1-%D9%88%D8%A7%D9%84%D9%85%D8%B9%D8%B3%D9%83%D8%B1-%D8%A7%D9%84%D8%AD%D8%A7%D9%84%D9%89-%D8%A7%D9%84%D8%A3%D9%81%D8%B6%D9%84/7264473,youm7.com,"أعرب محمد صلاح، قائد
منتخب مصر
، عن سعادته الكبيرة بالفوز على منتخب كوت ديفوار بنتيجة 3-2، في المباراة التي جمعت المنتخبين ضمن منافسات ربع نهائي بطولة كأس الأمم الأفريقية، والتأهل إلى نصف النهائي
لمواجهة منتخب السنغال
.
وقال محمد صلاح، خلال المؤتمر الصحفي عقب اللقاء، إن فرحة الجماهير المصرية تمثل له قيمة كبيرة، مؤكدًا سعادته بالفوز والتأهل إلى دور الأربعة، وفخره بالتواجد مع هذا الجيل من لاعبي منتخب مصر.
لمتابعة أخبار بطولة كأس أمم أفريقيا 2025 عبر بوابة كأس أمم أفريقيا اضغط هنا
وأضاف قائد الفراعنة أنه سعيد بالحصول على جائزة أفضل لاعب في المباراة، معتبرًا أن الجائزة تتويج لمجهود الفريق بالكامل، مشيرًا إلى أن جميع اللاعبين يدركون جيدًا قيمة قميص منتخب مصر والمسؤولية الملقاة على عاتقهم.
وأوضح صلاح أن منتخب كوت ديفوار فريق كبير ويضم عناصر مميزة، إلا أن منتخب مصر يمتلك أيضًا لاعبين كبارًا وقادرين على المنافسة، مؤكدًا أن المنتخب يلعب دائمًا من أجل الفوز ويقاتل في كل مباراة، سواء باللاعبين المحترفين في أوروبا أو عناصر الدوري المصري.
وتابع صلاح: «المعسكر الحالي هو الأفضل في حياتي الكروية، الأجواء داخل المنتخب رائعة، والجميع أسرة واحدة بداية من الجهاز الفني وحتى اللاعبين»، مشددًا على سعادته بالعمل مع الكابتن حسام حسن.
واختتم محمد صلاح تصريحاته بالتأكيد على أنه حقق العديد من البطولات خلال مسيرته، ويتمنى التتويج بلقب كأس الأمم الأفريقية، موجهًا الشكر للمملكة المغربية على حسن تنظيم البطولة.",2026-01-11
وفقا للتعاقد حسام حسن مدرب منتخب مصر رسميا فى كأس العالم 2026,https://www.youm7.com/story/2026/1/10/%D9%88%D9%81%D9%82%D9%8B%D8%A7-%D9%84%D9%84%D8%AA%D8%B9%D8%A7%D9%82%D8%AF-%D8%AD%D8%B3%D8%A7%D9%85-%D8%AD%D8%B3%D9%86-%D9%85%D8%AF%D8%B1%D8%A8-%D9%85%D9%86%D8%AA%D8%AE%D8%A8-%D9%85%D8%B5%D8%B1-%D8%B1%D8%B3%D9%85%D9%8A%D9%8B%D8%A7-%D9%81%D9%89-%D9%83%D8%A3%D8%B3/7264328,youm7.com,"وفقًا للعقد المبرم بينه وبين اتحاد الكرة، ضمن
حسام حسن
المدير الفني لمنتخب مصر، الاستمرار فى القيادة الفنية للفراعنة في بطولة كأس العالم المقبلة، بعدما حصد بطاقة التأهل لنصف نهائى
أمم أفريقيا 2025
.
وينص تعاقد اتحاد الكرة مع
حسام حسن
على استمراره فى قيادة الفراعنة حال قيادة المنتخب للدور نصف النهائى بأمم أفريقيا، وهو ما نجح فيه حسام حسن بعدما فاز على
منتخب كوت ديفوار
بنتيجة 3 - 2 فى المباراة التى جمعتهما مساء اليوم، فى ربع نهائى البطولة.
كما أكد هانى أبو ريدة رئيس اتحاد الكرة فى تصريحات سابقة أن الوصول لـ
نصف نهائى أمم أفريقيا
سيكون مرضيا لمجلس الادارة الحالى، وسيدعم الجهاز الفنى بقيادة حسام حسن استعدادا لكأس العالم 2026.
لمتابعة أخبار بطولة كأس أمم أفريقيا 2025 عبر بوابة كأس أمم أفريقيا اضغط هنا
فى حراسة المرمى: محمد الشناوي.
خط الدفاع: محمد هاني - رامي ربيعة - حسام عبد المجيد - ياسر إبراهيم - أحمد فتوح.
الوسط: مروان عطية - حمدي فتحي - إمام عاشور.
الهجوم :
محمد صلاح
- عمر مرموش.
وعلى مقاعد البدلاء كل من: أحمد الشناوي - مصطفى شوبير - أحمد عيد  - محمد إسماعيل - خالد صبحي  - محمود صابر - محمد شحاته - إبراهيم عادل - مهند لاشين - أحمد سيد زيزو - محمود تريزيجيه - مصطفى فتحي - أسامة فيصل - صلاح محسن - مصطفى محمد، واستبعد حسام حسن الثنائى محمد صبحى ومحمد حمدى.
ويتصدر
منتخب مصر
قائمة أكثر المنتخبات تسجيلًا للأهداف في تاريخ كأس الأمم الأفريقية، مؤكدًا سيطرته الهجومية المستمرة عبر مختلف نسخ البطولة، فيما تشهد النسخة الخامسة والثلاثين المقامة حاليًا في المغرب صراعًا محتدمًا على اللقب مع دخول المنافسة مرحلة الأدوار الإقصائية واقترابها من نصف النهائي.
ويتصدر
منتخب مصر
الترتيب برصيد 181 هدفًا سجلها خلال مشاركته في 27 نسخة سابقة، في رقم يعكس الاستمرارية والقدرة الهجومية الفريدة للمنتخب المصري على مدار عقود من المنافسة القارية، ورغم ذلك، يبقى هذا الرصيد قابلاً للزيادة في النسخة الحالية، بعد أن نجح المنتخب في بلوغ الدور ربع النهائي بتسجيل 6 أهداف حتى الآن، توزعت بين دور المجموعات ودور ثمن النهائي.
ويحتل
منتخب كوت ديفوار
المركز الثاني برصيد 160 هدفًا، في حين يأتي المنتخب النيجيري ثالثًا بـ 158 هدفًا، ويليه الكاميرون رابعًا بـ148 هدفًا، فيما يحتل منتخب غانا المركز الخامس برصيد 138 هدفًا.",2026-01-11
حسام حسن يبكى فرحا بعد الفوز على كوت ديفوار والتأهل لمواجهة السنغال فى نصف النهائى,https://www.youm7.com/story/2026/1/10/%D8%AD%D8%B3%D8%A7%D9%85-%D8%AD%D8%B3%D9%86-%D9%8A%D8%A8%D9%83%D9%89-%D9%81%D8%B1%D8%AD%D8%A7-%D8%A8%D8%B9%D8%AF-%D8%A7%D9%84%D9%81%D9%88%D8%B2-%D8%B9%D9%84%D9%89-%D9%83%D9%88%D8%AA-%D8%AF%D9%8A%D9%81%D9%88%D8%A7%D8%B1-%D9%88%D8%A7%D9%84%D8%AA%D8%A3%D9%87%D9%84/7264329,youm7.com,"انهمر حسام حسن المدير الفني لمنتخب مصر فى البكاء فرحًا بعد الفوز على منتخب كوت ديفوار بنتيجة 3 - 2 فى المباراة التى جمعتهما مساء اليوم، على استاد أدرار، فى ربع نهائى أمم أفريقيا 2025 بالمغرب.
واحتفل حسام حسن مع اللاعبين بعد الفوز على الأفيال والتأهل لمواجهة السنغال فى نصف نهائى البطولة، يوم الأربعاء المقبل.
لمتابعة أخبار بطولة كأس أمم أفريقيا 2025 عبر بوابة كأس أمم أفريقيا اضغط هنا
فى حراسة المرمى: محمد الشناوي.
خط الدفاع: محمد هاني - رامي ربيعة - حسام عبد المجيد - ياسر إبراهيم - أحمد فتوح.
الوسط: مروان عطية - حمدي فتحي - إمام عاشور.
الهجوم : محمد صلاح - عمر مرموش.
وعلى مقاعد البدلاء كل من: أحمد الشناوي - مصطفى شوبير - أحمد عيد  - محمد إسماعيل - خالد صبحي  - محمود صابر - محمد شحاته - إبراهيم عادل - مهند لاشين - أحمد سيد زيزو - محمود تريزيجيه - مصطفى فتحي - أسامة فيصل - صلاح محسن - مصطفى محمد، واستبعد حسام حسن الثنائى محمد صبحى ومحمد حمدى.
ويتصدر
منتخب مصر
قائمة أكثر المنتخبات تسجيلًا للأهداف في تاريخ كأس الأمم الأفريقية، مؤكدًا سيطرته الهجومية المستمرة عبر مختلف نسخ البطولة، فيما تشهد النسخة الخامسة والثلاثين المقامة حاليًا في المغرب صراعًا محتدمًا على اللقب مع دخول المنافسة مرحلة الأدوار الإقصائية واقترابها من نصف النهائي.
ويتصدر
منتخب مصر
الترتيب برصيد 181 هدفًا سجلها خلال مشاركته في 27 نسخة سابقة، في رقم يعكس الاستمرارية والقدرة الهجومية الفريدة للمنتخب المصري على مدار عقود من المنافسة القارية، ورغم ذلك، يبقى هذا الرصيد قابلاً للزيادة في النسخة الحالية، بعد أن نجح المنتخب في بلوغ الدور ربع النهائي بتسجيل 6 أهداف حتى الآن، توزعت بين دور المجموعات ودور ثمن النهائي.
ويحتل
منتخب كوت ديفوار
المركز الثاني برصيد 160 هدفًا، في حين يأتي المنتخب النيجيري ثالثًا بـ 158 هدفًا، ويليه الكاميرون رابعًا بـ148 هدفًا، فيما يحتل منتخب غانا المركز الخامس برصيد 138 هدفًا.",2026-01-11
منتخب مصر يضرب كوت ديفوار 32 ويواجه السنغال فى نصف نهائى أمم أفريقيا صور,https://www.youm7.com/story/2026/1/10/%D9%85%D9%86%D8%AA%D8%AE%D8%A8-%D9%85%D8%B5%D8%B1-%D9%8A%D8%B6%D8%B1%D8%A8-%D9%83%D9%88%D8%AA-%D8%AF%D9%8A%D9%81%D9%88%D8%A7%D8%B1-3-2-%D9%88%D9%8A%D9%88%D8%A7%D8%AC%D9%87-%D8%A7%D9%84%D8%B3%D9%86%D8%BA%D8%A7%D9%84-%D9%81%D9%89/7264161,youm7.com,"حقق منتخب مصر فوزا مستحقا على كوت ديفوار بنتيجة 3-2 فى المباراة التى جرت اليوم ملعب أدرار بالمغرب، ليصعد منتخب مصر للدور نصف نهائى أمم أفريقيا لمواجهة السنغال.
سجل لمنتخب مصر عمر مرموش ورامى ربيعة ومحمد صلاح فى الدقائق 4 و32 و52 من عمر اللقاء، بينما جاء هدفى كوت ديفوار فى الدقيقة 40 من خطأ لأحمد فتوح، ثم ديوى فى الدقيقة 73.
وهدد عمر مرموش مرمى كوت ديفوار مجددا فى الدقيقة 12 وكاد يسجل الهدف الثانى لكن الحكم يرفع الراية معلنا تسلل نجم مانشستر سيتى الانجليزى، وكاد حسام عبد المجيد يضيف الهدف الثانى فى الدقيقة 21 من كرة رأسية لكن الحارس الإيفوارى ينقذ الموقف.
وفى الدقيقة 32 نجح رامى ربيعة فى تسجيل الهدف الثانى لمنتخب مصر من رأسية سكنت شباك الحارس الإيفوارى، ومن خطأ عكسى لاحمد فتوح سجل منتخب كوت ديفوار هدفه الأول فى الدقيقة 40، لينتهى الشوط الأول بتقدم مصر 2-1.
وفى الدقيقة 52 نجح محمد صلاح فى تسجيل الهدف الثالث من تمريرة حريرية من إمام عاشور وضعته فى مواجهة حارس مرمى كوت ديفوار، وأشهر الحكم الجزائرى مصطفى غربال البطاقة الصفراء لحسام عبد المجيد فى الدقيقة 66.
وفى الدقيقة 73 سجل ديوى لاعب كوت ديفوار هدف الأفيال الثانى من ركنية تعامل معها محمد الشناوى بغرابة شديدة، ودفع حسام حسن بمحمود تريزيجيه بدلا من إمام عاشور فى الدقيقة 79 قبل أن يدفع بمصطفى محمد فى الدقيقة 90.
لمتابعة أخبار بطولة كأس أمم أفريقيا 2025 عبر بوابة كأس أمم أفريقيا اضغط هنا
ودفع حسام حسن بالثلاثى رامى ربيعة وياسر إبراهيم وحسام عبد المجيد فى قلب الدفاع بجوار محمد هانى وأحمد فتوح على الطرفين الأيمن والأيسر، مع الدفع بالثلاثى مروان عطية وحمدى فتحى وإمام عاشور فى الوسط، وفى الهجوم الثنائى محمد صلاح وعمر مرموش.
جاء التشكيل كالتالى:
فى حراسة المرمى :محمد الشناوي.
خط الدفاع : محمد هاني - رامي ربيعة - حسام عبد المجيد - ياسر إبراهيم - أحمد فتوح.
الوسط: مروان عطية - حمدي فتحي - إمام عاشور.
الهجوم : محمد صلاح - عمر مرموش.
وعلى مقاعد البدلاء كلا من : أحمد الشناوي - مصطفى شوبير - أحمد عيد  - محمد إسماعيل - خالد صبحي  - محمود صابر - محمد شحاته - إبراهيم عادل - مهند لاشين - أحمد سيد زيزو - محمود تريزيجيه - مصطفى فتحي - أسامة فيصل - صلاح محسن - مصطفى محمد، واستبعد حسام حسن الثنائى محمد صبحى ومحمد حمدى لإصابته بالرباط الصليبى، ويحضر محمد حمدي لاعب منتخب مصر فى أرض الملعب لمساندة زملائه وتحفيزهم لتحقيق الفوز.
ويتصدر منتخب مصر قائمة أكثر المنتخبات تسجيلًا للأهداف في تاريخ كأس الأمم الأفريقية، مؤكدًا سيطرته الهجومية المستمرة عبر مختلف نسخ البطولة، فيما تشهد النسخة الخامسة والثلاثين المقامة حاليًا في المغرب صراعًا محتدمًا على اللقب مع دخول المنافسة مرحلة الأدوار الإقصائية واقترابها من نصف النهائي.
ويتصدر منتخب مصر الترتيب برصيد 181 هدفًا سجلها خلال مشاركته في 27 نسخة سابقة، في رقم يعكس الاستمرارية والقدرة الهجومية الفريدة للمنتخب المصري على مدار عقود من المنافسة القارية، ورغم ذلك، يبقى هذا الرصيد قابلاً للزيادة في النسخة الحالية، بعد أن نجح المنتخب في بلوغ الدور ربع النهائي بتسجيل 6 أهداف حتى الآن، توزعت بين دور المجموعات ودور ثمن النهائي.
ويحتل منتخب كوت ديفوار المركز الثاني برصيد 160 هدفًا، في حين يأتي المنتخب النيجيري ثالثًا بـ 158 هدفًا، ويليه الكاميرون رابعًا بـ148 هدفًا، فيما يحتل منتخب غانا المركز الخامس برصيد 138 هدفًا.",2026-01-11
منتخب مصر يتقدم على كوت ديفوار 32 بعد 75 دقيقة فى أمم أفريقيا صور,https://www.youm7.com/story/2026/1/10/%D9%85%D9%86%D8%AA%D8%AE%D8%A8-%D9%85%D8%B5%D8%B1-%D9%8A%D8%AA%D9%82%D8%AF%D9%85-%D8%B9%D9%84%D9%89-%D9%83%D9%88%D8%AA-%D8%AF%D9%8A%D9%81%D9%88%D8%A7%D8%B1-3-2-%D8%A8%D8%B9%D8%AF-75/7264162,youm7.com,"مرت 75 دقيقة من عمر
مباراة منتخب مصر وكوت ديفوار
على ملعب أدرار بالمغرب، بتقدم منتخب مصر بثلاثة أهداف مقابل هدفين ، سجل لمنتخب مصر عمر مرموش ورامى ربيعة ومحمد صلاح فى الدقائق 4 و32 و52 من عمر اللقاء، بينما جاء هدفى كوت ديفوار فى الدقيقة 40 من خطأ لأحمد فتوح، ثم ديوى فى الدقيقة 73.
وهدد
عمر مرموش
مرمى كوت ديفوار مجددا فى الدقيقة 12 وكاد يسجل الهدف الثانى لكن الحكم يرفع الراية معلنا تسلل نجم مانشستر سيتى الانجليزى، وكاد حسام عبد المجيد يضيف الهدف الثانى فى الدقيقة 21 من كرة رأسية لكن الحارس الإيفوارى ينقذ الموقف.
وفى الدقيقة 32 نجح رامى ربيعة فى تسجيل الهدف الثانى لمنتخب مصر من رأسية سكنت شباك الحارس الإيفوارى، ومن خطأ عكسى لاحمد فتوح سجل منتخب كوت ديفوار هدفه الأول فى الدقيقة 40، لينتهى الشوط الأول بتقدم مصر 2-1.
وفى الدقيقة 52 نجح محمد صلاح فى تسجيل الهدف الثالث من تمريرة حريرية من إمام عاشور وضعته فى مواجهة حارس مرمى كوت ديفوار، وأشهر الحكم الجزائرى مصطفى غربال البطاقة الصفراء لحسام عبد المجيد فى الدقيقة 66.
وفى الدقيقة 73 سجل ديوى لاعب كوت ديفوار هدف الأفيال الثانى من ركنية تعامل معها محمد الشناوى بغرابة شديدة.
لمتابعة أخبار بطولة كأس أمم أفريقيا 2025 عبر بوابة كأس أمم أفريقيا اضغط هنا
ودفع حسام حسن بالثلاثى رامى ربيعة وياسر إبراهيم وحسام عبد المجيد فى قلب الدفاع بجوار محمد هانى وأحمد فتوح على الطرفين الأيمن والأيسر، مع الدفع بالثلاثى مروان عطية وحمدى فتحى وإمام عاشور فى الوسط، وفى الهجوم الثنائى محمد صلاح وعمر مرموش.
فى حراسة المرمى :محمد الشناوي.
خط الدفاع : محمد هاني - رامي ربيعة - حسام عبد المجيد - ياسر إبراهيم - أحمد فتوح.
الوسط: مروان عطية - حمدي فتحي - إمام عاشور.
الهجوم : محمد صلاح - عمر مرموش.
وعلى مقاعد البدلاء كلا من : أحمد الشناوي - مصطفى شوبير - أحمد عيد  - محمد إسماعيل - خالد صبحي  - محمود صابر - محمد شحاته - إبراهيم عادل - مهند لاشين - أحمد سيد زيزو - محمود تريزيجيه - مصطفى فتحي - أسامة فيصل - صلاح محسن - مصطفى محمد، واستبعد حسام حسن الثنائى محمد صبحى ومحمد حمدى لإصابته بالرباط الصليبى، ويحضر محمد حمدي لاعب منتخب مصر فى أرض الملعب لمساندة زملائه وتحفيزهم لتحقيق الفوز.
ويتصدر
منتخب مصر
قائمة أكثر المنتخبات تسجيلًا للأهداف في تاريخ كأس الأمم الأفريقية، مؤكدًا سيطرته الهجومية المستمرة عبر مختلف نسخ البطولة، فيما تشهد النسخة الخامسة والثلاثين المقامة حاليًا في المغرب صراعًا محتدمًا على اللقب مع دخول المنافسة مرحلة الأدوار الإقصائية واقترابها من نصف النهائي.
ويتصدر منتخب مصر الترتيب برصيد 181 هدفًا سجلها خلال مشاركته في 27 نسخة سابقة، في رقم يعكس الاستمرارية والقدرة الهجومية الفريدة للمنتخب المصري على مدار عقود من المنافسة القارية، ورغم ذلك، يبقى هذا الرصيد قابلاً للزيادة في النسخة الحالية، بعد أن نجح المنتخب في بلوغ الدور ربع النهائي بتسجيل 6 أهداف حتى الآن، توزعت بين دور المجموعات ودور ثمن النهائي.
ويحتل منتخب كوت ديفوار المركز الثاني برصيد 160 هدفًا، في حين يأتي المنتخب النيجيري ثالثًا بـ 158 هدفًا، ويليه الكاميرون رابعًا بـ148 هدفًا، فيما يحتل منتخب غانا المركز الخامس برصيد 138 هدفًا.",2026-01-11
محمد صلاح يسجل الهدف الثالث للفراعنة أمام كوت ديفوار بعد تمريرة من إمام عاشور صور,https://www.youm7.com/story/2026/1/10/%D9%85%D8%AD%D9%85%D8%AF-%D8%B5%D9%84%D8%A7%D8%AD-%D9%8A%D8%B3%D8%AC%D9%84-%D8%A7%D9%84%D9%87%D8%AF%D9%81-%D8%A7%D9%84%D8%AB%D8%A7%D9%84%D8%AB-%D9%84%D9%84%D9%81%D8%B1%D8%A7%D8%B9%D9%86%D8%A9-%D8%A3%D9%85%D8%A7%D9%85-%D9%83%D9%88%D8%AA-%D8%AF%D9%8A%D9%81%D9%88%D8%A7%D8%B1-%D8%A8%D8%B9%D8%AF/7264333,youm7.com,"سجل محمد صلاح لاعب منتخب مصر الهدف الثالث لفريقه فى شباك كوت ديفوار بعد صناعة من إمام عاشور فى الدقيقة 52 من عمر المباراة التى تجمعهما حاليًا على استاد أدرار، فى ربع نهائى أمم أفريقيا 2025 بالمغرب، لتصبح النتيجة 3 - 1 للفراعنة.
لمتابعة أخبار بطولة كأس أمم أفريقيا 2025 عبر بوابة كأس أمم أفريقيا اضغط هنا
فى حراسة المرمى: محمد الشناوي.
خط الدفاع: محمد هاني - رامي ربيعة - حسام عبد المجيد - ياسر إبراهيم - أحمد فتوح.
الوسط: مروان عطية - حمدي فتحي - إمام عاشور.
الهجوم : محمد صلاح - عمر مرموش.
وعلى مقاعد البدلاء كل من: أحمد الشناوي - مصطفى شوبير - أحمد عيد  - محمد إسماعيل - خالد صبحي  - محمود صابر - محمد شحاته - إبراهيم عادل - مهند لاشين - أحمد سيد زيزو - محمود تريزيجيه - مصطفى فتحي - أسامة فيصل - صلاح محسن - مصطفى محمد، واستبعد حسام حسن الثنائى محمد صبحى ومحمد حمدى.
ويتصدر
منتخب مصر
قائمة أكثر المنتخبات تسجيلًا للأهداف في تاريخ كأس الأمم الأفريقية، مؤكدًا سيطرته الهجومية المستمرة عبر مختلف نسخ البطولة، فيما تشهد النسخة الخامسة والثلاثين المقامة حاليًا في المغرب صراعًا محتدمًا على اللقب مع دخول المنافسة مرحلة الأدوار الإقصائية واقترابها من نصف النهائي.
ويتصدر
منتخب مصر
الترتيب برصيد 181 هدفًا سجلها خلال مشاركته في 27 نسخة سابقة، في رقم يعكس الاستمرارية والقدرة الهجومية الفريدة للمنتخب المصري على مدار عقود من المنافسة القارية، ورغم ذلك، يبقى هذا الرصيد قابلاً للزيادة في النسخة الحالية، بعد أن نجح المنتخب في بلوغ الدور ربع النهائي بتسجيل 6 أهداف حتى الآن، توزعت بين دور المجموعات ودور ثمن النهائي.
ويحتل
منتخب كوت ديفوار
المركز الثاني برصيد 160 هدفًا، في حين يأتي المنتخب النيجيري ثالثًا بـ 158 هدفًا، ويليه الكاميرون رابعًا بـ148 هدفًا، فيما يحتل منتخب غانا المركز الخامس برصيد 138 هدفًا.",2026-01-11
منتخب مصر يتقدم على كوت ديفوار 2  1 فى الشوط الأول بربع نهائي أمم أفريقيا صور,https://www.youm7.com/story/2026/1/10/%D9%85%D9%86%D8%AA%D8%AE%D8%A8-%D9%85%D8%B5%D8%B1-%D9%8A%D8%AA%D9%82%D8%AF%D9%85-%D8%B9%D9%84%D9%89-%D9%83%D9%88%D8%AA-%D8%AF%D9%8A%D9%81%D9%88%D8%A7%D8%B1-2-1-%D9%81%D9%89-%D8%A7%D9%84%D8%B4%D9%88%D8%B7/7264165,youm7.com,"انتهى الشوط الأول من عمر مباراة
منتخب مصر وكوت ديفوار
على ملعب أدرار بالمغرب، بتقدم منتخب مصر بهدفين مقابل هدف ، سجل لمنتخب مصر عمر مرموش ورامى ربيعة فى الدقيقتين 4 و32 من عمر اللقاء، بينما جاء هدف كوت ديفوار فى الدقيقة 40 من خطأ لأحمد فتوح.
وهدد عمر مرموش مرمى كوت ديفوار مجددا فى الدقيقة 12 وكاد يسجل الهدف الثانى لكن الحكم يرفع الراية معلنا تسلل نجم مانشستر سيتى الانجليزى، وكاد حسام عبد المجيد يضيف الهدف الثانى فى الدقيقة 21 من كرة رأسية لكن الحارس الإيفوارى ينقذ الموقف.
وفى الدقيقة 32 نجح رامى ربيعة فى تسجيل الهدف الثانى لمنتخب مصر من رأسية سكنت شباك الحارس الإيفوارى، ومن خطأ عكسى لاحمد فتوح سجل منتخب كوت ديفوار هدفه الأول فى الدقيقة 40.
لمتابعة أخبار بطولة كأس أمم أفريقيا 2025 عبر بوابة كأس أمم أفريقيا اضغط هنا
ودفع
حسام حسن
بالثلاثى رامى ربيعة وياسر إبراهيم وحسام عبد المجيد فى قلب الدفاع بجوار محمد هانى وأحمد فتوح على الطرفين الأيمن والأيسر، مع الدفع بالثلاثى مروان عطية وحمدى فتحى وإمام عاشور فى الوسط، وفى الهجوم الثنائى محمد صلاح وعمر مرموش.
جاء التشكيل كالتالى:
فى حراسة المرمى :محمد الشناوي.
خط الدفاع : محمد هاني - رامي ربيعة - حسام عبد المجيد - ياسر إبراهيم - أحمد فتوح.
الوسط: مروان عطية - حمدي فتحي - إمام عاشور.
الهجوم : محمد صلاح - عمر مرموش.
وعلى مقاعد البدلاء كلا من : أحمد الشناوي - مصطفى شوبير - أحمد عيد  - محمد إسماعيل - خالد صبحي  - محمود صابر - محمد شحاته - إبراهيم عادل - مهند لاشين - أحمد سيد زيزو - محمود تريزيجيه - مصطفى فتحي - أسامة فيصل - صلاح محسن - مصطفى محمد، واستبعد حسام حسن الثنائى محمد صبحى ومحمد حمدى لإصابته بالرباط الصليبى، ويحضر محمد حمدي لاعب منتخب مصر فى أرض الملعب لمساندة زملائه وتحفيزهم لتحقيق الفوز.
ويتصدر
منتخب مصر
قائمة أكثر المنتخبات تسجيلًا للأهداف في تاريخ كأس الأمم الأفريقية، مؤكدًا سيطرته الهجومية المستمرة عبر مختلف نسخ البطولة، فيما تشهد النسخة الخامسة والثلاثين المقامة حاليًا في المغرب صراعًا محتدمًا على اللقب مع دخول المنافسة مرحلة الأدوار الإقصائية واقترابها من نصف النهائي.
ويتصدر منتخب مصر الترتيب برصيد 181 هدفًا سجلها خلال مشاركته في 27 نسخة سابقة، في رقم يعكس الاستمرارية والقدرة الهجومية الفريدة للمنتخب المصري على مدار عقود من المنافسة القارية، ورغم ذلك، يبقى هذا الرصيد قابلاً للزيادة في النسخة الحالية، بعد أن نجح المنتخب في بلوغ الدور ربع النهائي بتسجيل 6 أهداف حتى الآن، توزعت بين دور المجموعات ودور ثمن النهائي.
ويحتل منتخب كوت ديفوار المركز الثاني برصيد 160 هدفًا، في حين يأتي المنتخب النيجيري ثالثًا بـ 158 هدفًا، ويليه الكاميرون رابعًا بـ148 هدفًا، فيما يحتل منتخب غانا المركز الخامس برصيد 138 هدفًا.",2026-01-11
فتوح يسجل هدفا عكسيا فى مرمى مصر لصالح كوت ديفوار والنتيجة 21 لمنتخبنا صور,https://www.youm7.com/story/2026/1/10/%D9%81%D8%AA%D9%88%D8%AD-%D9%8A%D8%B3%D8%AC%D9%84-%D9%87%D8%AF%D9%81%D8%A7-%D8%B9%D9%83%D8%B3%D9%8A%D8%A7-%D9%81%D9%89-%D9%85%D8%B1%D9%85%D9%89-%D9%85%D8%B5%D8%B1-%D9%84%D8%B5%D8%A7%D9%84%D8%AD-%D9%83%D9%88%D8%AA-%D8%AF%D9%8A%D9%81%D9%88%D8%A7%D8%B1/7264334,youm7.com,"سجل أحمد فتوح لاعب منتخب مصر هدفا ذاتيا فى مرماه، لصالح منتخب كوت ديفوار بعد كرة من ضربة ركنية مرت من محمد الشناوى، وأسكنها فتوح الشباك فى الدقيقة 40 من عمر المباراة التى تجمعهما حاليًا على استاد أدرار، فى ربع نهائى أمم أفريقيا 2025 بالمغرب، لتصبح النتيجة 2 - 1 للفراعنة.
لمتابعة أخبار بطولة كأس أمم أفريقيا 2025 عبر بوابة كأس أمم أفريقيا اضغط هنا
فى حراسة المرمى: محمد الشناوي.
خط الدفاع: محمد هاني - رامي ربيعة - حسام عبد المجيد - ياسر إبراهيم - أحمد فتوح.
الوسط: مروان عطية - حمدي فتحي - إمام عاشور.
الهجوم : محمد صلاح - عمر مرموش.
وعلى مقاعد البدلاء كل من: أحمد الشناوي - مصطفى شوبير - أحمد عيد  - محمد إسماعيل - خالد صبحي  - محمود صابر - محمد شحاته - إبراهيم عادل - مهند لاشين - أحمد سيد زيزو - محمود تريزيجيه - مصطفى فتحي - أسامة فيصل - صلاح محسن - مصطفى محمد، واستبعد حسام حسن الثنائى محمد صبحى ومحمد حمدى.
ويتصدر
منتخب مصر
قائمة أكثر المنتخبات تسجيلًا للأهداف في تاريخ كأس الأمم الأفريقية، مؤكدًا سيطرته الهجومية المستمرة عبر مختلف نسخ البطولة، فيما تشهد النسخة الخامسة والثلاثين المقامة حاليًا في المغرب صراعًا محتدمًا على اللقب مع دخول المنافسة مرحلة الأدوار الإقصائية واقترابها من نصف النهائي.
ويتصدر
منتخب مصر
الترتيب برصيد 181 هدفًا سجلها خلال مشاركته في 27 نسخة سابقة، في رقم يعكس الاستمرارية والقدرة الهجومية الفريدة للمنتخب المصري على مدار عقود من المنافسة القارية، ورغم ذلك، يبقى هذا الرصيد قابلاً للزيادة في النسخة الحالية، بعد أن نجح المنتخب في بلوغ الدور ربع النهائي بتسجيل 6 أهداف حتى الآن، توزعت بين دور المجموعات ودور ثمن النهائي.
ويحتل
منتخب كوت ديفوار
المركز الثاني برصيد 160 هدفًا، في حين يأتي المنتخب النيجيري ثالثًا بـ 158 هدفًا، ويليه الكاميرون رابعًا بـ148 هدفًا، فيما يحتل منتخب غانا المركز الخامس برصيد 138 هدفًا.",2026-01-11
رامى ربيعة يضيف الهدف الثانى لمنتخب مصر فى كوت ديفوار صور,https://www.youm7.com/story/2026/1/10/%D8%B1%D8%A7%D9%85%D9%89-%D8%B1%D8%A8%D9%8A%D8%B9%D8%A9-%D9%8A%D8%B6%D9%8A%D9%81-%D8%A7%D9%84%D9%87%D8%AF%D9%81-%D8%A7%D9%84%D8%AB%D8%A7%D9%86%D9%89-%D9%84%D9%85%D9%86%D8%AA%D8%AE%D8%A8-%D9%85%D8%B5%D8%B1-%D9%81%D9%89-%D9%83%D9%88%D8%AA-%D8%AF%D9%8A%D9%81%D9%88%D8%A7%D8%B1/7264335,youm7.com,"سجل رامى ربيعة مدافع منتخب مصر الهدف الثاني فى شباك كوت ديفوار بضربة رأس متقنة بعد كرة ركنية فى الدقيقة 32 من عمر المباراة التى تجمعهما حاليًا على استاد أدرار، فى ربع نهائى أمم أفريقيا 2025 بالمغرب.
لمتابعة أخبار بطولة كأس أمم أفريقيا 2025 عبر بوابة كأس أمم أفريقيا اضغط هنا
فى حراسة المرمى: محمد الشناوي.
خط الدفاع: محمد هاني - رامي ربيعة - حسام عبد المجيد - ياسر إبراهيم - أحمد فتوح.
الوسط: مروان عطية - حمدي فتحي - إمام عاشور.
الهجوم : محمد صلاح - عمر مرموش.
وعلى مقاعد البدلاء كل من: أحمد الشناوي - مصطفى شوبير - أحمد عيد  - محمد إسماعيل - خالد صبحي  - محمود صابر - محمد شحاته - إبراهيم عادل - مهند لاشين - أحمد سيد زيزو - محمود تريزيجيه - مصطفى فتحي - أسامة فيصل - صلاح محسن - مصطفى محمد، واستبعد حسام حسن الثنائى محمد صبحى ومحمد حمدى.
ويتصدر
منتخب مصر
قائمة أكثر المنتخبات تسجيلًا للأهداف في تاريخ كأس الأمم الأفريقية، مؤكدًا سيطرته الهجومية المستمرة عبر مختلف نسخ البطولة، فيما تشهد النسخة الخامسة والثلاثين المقامة حاليًا في المغرب صراعًا محتدمًا على اللقب مع دخول المنافسة مرحلة الأدوار الإقصائية واقترابها من نصف النهائي.
ويتصدر
منتخب مصر
الترتيب برصيد 181 هدفًا سجلها خلال مشاركته في 27 نسخة سابقة، في رقم يعكس الاستمرارية والقدرة الهجومية الفريدة للمنتخب المصري على مدار عقود من المنافسة القارية، ورغم ذلك، يبقى هذا الرصيد قابلاً للزيادة في النسخة الحالية، بعد أن نجح المنتخب في بلوغ الدور ربع النهائي بتسجيل 6 أهداف حتى الآن، توزعت بين دور المجموعات ودور ثمن النهائي.
ويحتل
منتخب كوت ديفوار
المركز الثاني برصيد 160 هدفًا، في حين يأتي المنتخب النيجيري ثالثًا بـ 158 هدفًا، ويليه الكاميرون رابعًا بـ148 هدفًا، فيما يحتل منتخب غانا المركز الخامس برصيد 138 هدفًا.",2026-01-11
منتخب مصر يتقدم على كوت ديفوار بهدف عمر مرموش بعد 15 دقيقة فى أمم أفريقيا صور,https://www.youm7.com/story/2026/1/10/%D9%85%D9%86%D8%AA%D8%AE%D8%A8-%D9%85%D8%B5%D8%B1-%D9%8A%D8%AA%D9%82%D8%AF%D9%85-%D8%B9%D9%84%D9%89-%D9%83%D9%88%D8%AA-%D8%AF%D9%8A%D9%81%D9%88%D8%A7%D8%B1-%D8%A8%D9%87%D8%AF%D9%81-%D8%B9%D9%85%D8%B1-%D9%85%D8%B1%D9%85%D9%88%D8%B4-%D8%A8%D8%B9%D8%AF/7264167,youm7.com,"مرت 15 دقيقة من عمر مباراة
منتخب مصر وكوت ديفوار
على ملعب أدرار بالمغرب، بتقدم منتخب مصر بهدف نظيف سجله عمر مرموش فى الدقيقة 4 من انفراد تام بالمرمى الإيفوارى.
وهدد عمر مرموش مرمى كوت ديفوار مجددا فى الدقيقة 12، وكاد يسجل الهدف الثانى لكن الحكم يرفع الراية معلنا تسلل نجم مانشستر سيتى الانجليزى.
ودفع
حسام حسن
بالثلاثى رامى ربيعة وياسر إبراهيم وحسام عبد المجيد فى قلب الدفاع بجوار محمد هانى وأحمد فتوح على الطرفين الأيمن والأيسر، مع الدفع بالثلاثى مروان عطية وحمدى فتحى وإمام عاشور فى الوسط، وفى الهجوم الثنائى محمد صلاح وعمر مرموش.
لمتابعة أخبار بطولة كأس أمم أفريقيا 2025 عبر بوابة كأس أمم أفريقيا اضغط هنا
جاء التشكيل كالتالى:
فى حراسة المرمى: محمد الشناوي.
خط الدفاع : محمد هاني - رامي ربيعة - حسام عبد المجيد - ياسر إبراهيم - أحمد فتوح.
الوسط: مروان عطية - حمدي فتحي - إمام عاشور.
الهجوم : محمد صلاح - عمر مرموش.
وعلى مقاعد البدلاء كلا من : أحمد الشناوي - مصطفى شوبير - أحمد عيد  - محمد إسماعيل - خالد صبحي  - محمود صابر - محمد شحاته - إبراهيم عادل - مهند لاشين - أحمد سيد زيزو - محمود تريزيجيه - مصطفى فتحي - أسامة فيصل - صلاح محسن - مصطفى محمد، واستبعد حسام حسن الثنائى محمد صبحى ومحمد حمدى لإصابته بالرباط الصليبى، ويحضر محمد حمدي لاعب منتخب مصر فى أرض الملعب لمساندة زملائه وتحفيزهم لتحقيق الفوز.
ويتصدر
منتخب مصر
قائمة أكثر المنتخبات تسجيلًا للأهداف في تاريخ كأس الأمم الأفريقية، مؤكدًا سيطرته الهجومية المستمرة عبر مختلف نسخ البطولة، فيما تشهد النسخة الخامسة والثلاثين المقامة حاليًا في المغرب صراعًا محتدمًا على اللقب مع دخول المنافسة مرحلة الأدوار الإقصائية واقترابها من نصف النهائي.
ويتصدر منتخب مصر الترتيب برصيد 181 هدفًا سجلها خلال مشاركته في 27 نسخة سابقة، في رقم يعكس الاستمرارية والقدرة الهجومية الفريدة للمنتخب المصري على مدار عقود من المنافسة القارية، ورغم ذلك، يبقى هذا الرصيد قابلاً للزيادة في النسخة الحالية، بعد أن نجح المنتخب في بلوغ الدور ربع النهائي بتسجيل 6 أهداف حتى الآن، توزعت بين دور المجموعات ودور ثمن النهائي.
ويحتل منتخب كوت ديفوار المركز الثاني برصيد 160 هدفًا، في حين يأتي المنتخب النيجيري ثالثًا بـ 158 هدفًا، ويليه الكاميرون رابعًا بـ148 هدفًا، فيما يحتل منتخب غانا المركز الخامس برصيد 138 هدفًا.",2026-01-11
عمر مرموش يسجل هدف تقدم الفراعنة أمام كوت ديفوار فى الدقيقة 4 صور,https://www.youm7.com/story/2026/1/10/%D8%B9%D9%85%D8%B1-%D9%85%D8%B1%D9%85%D9%88%D8%B4-%D9%8A%D8%B3%D8%AC%D9%84-%D9%87%D8%AF%D9%81-%D8%AA%D9%82%D8%AF%D9%85-%D8%A7%D9%84%D9%81%D8%B1%D8%A7%D8%B9%D9%86%D8%A9-%D8%A3%D9%85%D8%A7%D9%85-%D9%83%D9%88%D8%AA-%D8%AF%D9%8A%D9%81%D9%88%D8%A7%D8%B1-%D9%81%D9%89/7264338,youm7.com,"سجل عمر مرموش لاعب منتخب مصر هدف التقدم للفراعنة أمام كوت ديفوار، فى الدقيقة 4 من عمر المباراة التى تجمعهما حاليًا على استاد أدرار، فى ربع نهائى أمم أفريقيا 2025 بالمغرب.
لمتابعة أخبار بطولة كأس أمم أفريقيا 2025 عبر بوابة كأس أمم أفريقيا اضغط هنا
فى حراسة المرمى: محمد الشناوي.
خط الدفاع: محمد هاني - رامي ربيعة - حسام عبد المجيد - ياسر إبراهيم - أحمد فتوح.
الوسط: مروان عطية - حمدي فتحي - إمام عاشور.
الهجوم : محمد صلاح - عمر مرموش.
وعلى مقاعد البدلاء كل من: أحمد الشناوي - مصطفى شوبير - أحمد عيد  - محمد إسماعيل - خالد صبحي  - محمود صابر - محمد شحاته - إبراهيم عادل - مهند لاشين - أحمد سيد زيزو - محمود تريزيجيه - مصطفى فتحي - أسامة فيصل - صلاح محسن - مصطفى محمد، واستبعد حسام حسن الثنائى محمد صبحى ومحمد حمدى.
ويتصدر
منتخب مصر
قائمة أكثر المنتخبات تسجيلًا للأهداف في تاريخ كأس الأمم الأفريقية، مؤكدًا سيطرته الهجومية المستمرة عبر مختلف نسخ البطولة، فيما تشهد النسخة الخامسة والثلاثين المقامة حاليًا في المغرب صراعًا محتدمًا على اللقب مع دخول المنافسة مرحلة الأدوار الإقصائية واقترابها من نصف النهائي.
ويتصدر
منتخب مصر
الترتيب برصيد 181 هدفًا سجلها خلال مشاركته في 27 نسخة سابقة، في رقم يعكس الاستمرارية والقدرة الهجومية الفريدة للمنتخب المصري على مدار عقود من المنافسة القارية، ورغم ذلك، يبقى هذا الرصيد قابلاً للزيادة في النسخة الحالية، بعد أن نجح المنتخب في بلوغ الدور ربع النهائي بتسجيل 6 أهداف حتى الآن، توزعت بين دور المجموعات ودور ثمن النهائي.
ويحتل
منتخب كوت ديفوار
المركز الثاني برصيد 160 هدفًا، في حين يأتي المنتخب النيجيري ثالثًا بـ 158 هدفًا، ويليه الكاميرون رابعًا بـ148 هدفًا، فيما يحتل منتخب غانا المركز الخامس برصيد 138 هدفًا.",2026-01-11
بث مباشر مصر وكوت ديفوار مواجهة نارية في ربع نهائي أمم أفريقيا,https://www.youm7.com/story/2026/1/10/%D8%A8%D8%AB-%D9%85%D8%A8%D8%A7%D8%B4%D8%B1-%D9%85%D8%B5%D8%B1-%D9%88%D9%83%D9%88%D8%AA-%D8%AF%D9%8A%D9%81%D9%88%D8%A7%D8%B1-%D9%85%D9%88%D8%A7%D8%AC%D9%87%D8%A9-%D9%86%D8%A7%D8%B1%D9%8A%D8%A9-%D9%81%D9%8A-%D8%B1%D8%A8%D8%B9-%D9%86%D9%87%D8%A7%D8%A6%D9%8A/7264384,youm7.com,"يقدم تليفزيون اليوم السابع بث مباشر لمباراة
منتخب مصر ضد منتخب كوت ديفوار
، حيث أعلن
حسام حسن المدير الفنى لمنتخب الفراعنة
، التشكيل الذى يخوض به مباراة كوت ديفوار الآن فى ربع نهائى أمم أفريقيا 2025 بالمغرب.
وجاء التشكيل كالتالى:
فى حراسة المرمى: محمد الشناوي.
خط الدفاع: محمد هاني - رامي ربيعة - حسام عبد المجيد - ياسر إبراهيم - أحمد فتوح.
الوسط: مروان عطية - حمدي فتحي - إمام عاشور.
الهجوم : محمد صلاح - عمر مرموش.
وعلى مقاعد البدلاء كل من: أحمد الشناوي - مصطفى شوبير - أحمد عيد  - محمد إسماعيل - خالد صبحي  - محمود صابر - محمد شحاته - إبراهيم عادل - مهند لاشين - أحمد سيد زيزو - محمود تريزيجيه - مصطفى فتحي - أسامة فيصل - صلاح محسن - مصطفى محمد، واستبعد حسام حسن الثنائى محمد صبحى ومحمد حمدى.",2026-01-11
محافظة الجيزة تعلن غلق الطريق الدائرى القوس الغربى بالاتجاهين 21 يوما,https://www.youm7.com/story/2026/1/10/%D9%85%D8%AD%D8%A7%D9%81%D8%B8%D8%A9-%D8%A7%D9%84%D8%AC%D9%8A%D8%B2%D8%A9-%D8%AA%D8%B9%D9%84%D9%86-%D8%BA%D9%84%D9%82-%D8%A7%D9%84%D8%B7%D8%B1%D9%8A%D9%82-%D8%A7%D9%84%D8%AF%D8%A7%D8%A6%D8%B1%D9%89-%D8%A7%D9%84%D9%82%D9%88%D8%B3-%D8%A7%D9%84%D8%BA%D8%B1%D8%A8%D9%89-%D8%A8%D8%A7%D9%84%D8%A7%D8%AA%D8%AC%D8%A7%D9%87%D9%8A%D9%86-21/7264371,youm7.com,"أعلنت محافظة الجيزة، قيام الجهاز التنفيذي لمشروعات تعمير القاهرة الكبرى، والمشرف العام على تنفيذ مشروع
محور عمرو بن العاص
تنفيذ أعمال رفع الكمر الخرساني الخاص بمحور عمرو بن العاص تحديدًا أعلى الطريق الدائري (القوس الغربي بالاتجاهين).
وأوضحت محافظة الجيزة أن الأمر سوف يستلزم إجراء غلق كلي للطريق الدائري (القوس الغربي) بالاتجاهين بالمنطقة المشار إليها، لمدة 21 يومًا بدءا من اليوم وحتى يوم الخميس الموافق 29 / 1 / 2026، على أن تكون الأعمال يوميًا من الساعة 12 صباحًا حتى الساعة 6 صباحًا، مع فتح الطريق الدائري (القوس الغربي) بكامل طاقته وعودة الحركة المرورية لطبيعتها في الاتجاهين ورفع كافة المعدات يوميًا عقب انتهاء الأعمال.
ومن جانبه، وجّه المهندس عادل النجار محافظ الجيزة، مسؤولي الجهات المعنية بالتنسيق مع الشركة المنفذة للأعمال، باتخاذ ما يلزم لتيسير الحركة المرورية ومنع التكدسات بمحيط الأعمال طوال فترة التنفيذ.
ولفت المحافظ إلى أن الإدارة العامة لمرور الجيزة قامت بإجراء التحويلات المرورية التالية:
- القادم من مناطق صفط اللبن في اتجاه طريق الإسكندرية الصحراوي: استخدام منزل ما قبل تقاطع محور عمرو بن العاص مباشرة (المنزل بعرض 3 حارات)، مرورًا من أسفل محور عمرو بن العاص، ثم الصعود مرة أخرى إلى الطريق الدائري عقب تجاوز منطقة الأعمال.
- القادم من طريق الإسكندرية الصحراوي في اتجاه منطقة صفط اللبن: استخدام منزل محور عمرو بن العاص (المستحدث) المؤدي إلى منطقة منشأة البكاري، مرورًا من أسفل محور عمرو بن العاص، ثم الصعود إلى الطريق الدائري مرة أخرى من المطلع المستحدث من مناطق منشأة البكاري في اتجاه مناطق صفط اللبن أو محور 26 يوليو، أو الدخول يمينًا لمحور عمرو بن العاص والسير لمسافة نحو 500 متر تقريبًا، ثم الدوران من أعلى محور عمرو بن العاص من خلال فتحة مستحدثة، للعودة مرة أخرى إلى منزل محور عمرو بن العاص المؤدي إلى الطريق الدائري (القوس الغربي) في اتجاه مناطق صفط اللبن.
وأكدت محافظة الجيزة، أن الإدارة العامة لمرور الجيزة نسقت مع الشركة المنفذة على عدم البدء في تنفيذ الأعمال إلا عقب مراجعة كافة المساعدات الفنية وأعمال الأمن الصناعي، والتي تشمل الإضاءة، الطواحين، فواصل الحركة، المطبات الصوتية للتهدئة، والعلامات واللوحات الإرشادية والتحذيرية، بالإضافة إلى الحواجز الخرسانية الخاصة بالتحويلات المرورية في الاتجاهين، حفاظًا على سلامة المواطنين وتيسير الحركة المرورية.",2026-01-11
نيجيريا تطيح بالجزائر وتواجه المغرب في نصف نهائي أمم أفريقيا فيديو وصور,https://www.youm7.com/story/2026/1/10/%D9%86%D9%8A%D8%AC%D9%8A%D8%B1%D9%8A%D8%A7-%D8%AA%D8%B7%D9%8A%D8%AD-%D8%A8%D8%A7%D9%84%D8%AC%D8%B2%D8%A7%D8%A6%D8%B1-%D9%88%D8%AA%D9%88%D8%A7%D8%AC%D9%87-%D8%A7%D9%84%D9%85%D8%BA%D8%B1%D8%A8-%D9%81%D9%8A-%D9%86%D8%B5%D9%81-%D9%86%D9%87%D8%A7%D8%A6%D9%8A-%D8%A3%D9%85%D9%85-%D8%A3%D9%81%D8%B1%D9%8A%D9%82%D9%8A%D8%A7/7264203,youm7.com,"تأهل
منتخب نيجيريا
إلى نصف نهائي بطولة كأس أمم أفريقيا، بعد فوزه على نظيره منتخب الجزائر، بثنائية نظيفة، في المواجهة التي جمعتهما مساء السبت، على ملعب مراكش، في إطار منافسات الدور ربع النهائي من بطولة
كأس أمم أفريقيا 2025
المقامة حاليًا في المغرب.
لمتابعة أخبار بطولة كأس أمم أفريقيا 2025 عبر بوابة كأس أمم أفريقيا اضغط هنا
سيطر المنتخب النيجيري على مجريات اللعب خلال الشوط الأول من المباراة، وهدد مرمى المنتخب الجزائري في أكثر من مناسبة.
وأنقذ رامي بن سبعيني المنتخب الجزائري من تلقى الهدف الأول في الدقيقة 29 من عمر المباراة، بعدما شتت الكرة من على خط المرمى.
ومع بداية الشوط الثاني، نجح المنتخب النيجيري في افتتاح التسجيل عن طريق نجمه فيكتور أوسيمين في الدقيقة 47 من ضربة رأسية رائعة.
وأضاف أكور أدامز ثاني أهداف منتخب النسور الخضراء في الدقيقة 57 بعد تلقيه تمريرة من أوسيمين، انفرد على أثرها بالمرمى ونجح في مراوغة لوكا زيدان حارس المنتخب الجزائري.
ويواجه منتخب نيجيريا نظيره منتخب المغرب في نصف نهائي كأس أمم أفريقيا، يوم الأربعاء المقبل، بعد تأهل الأخير على حساب منتخب الكاميرون بنتيجة 2 - 0.
تشكيل الجزائر
حراسة المرمى: لوكا زيدان
الدفاع: ريان آيت نوري - رامي بن سبعيني - عيسى ماندي - رفيق بلغالي
الوسط: رامز زروقي - هشام بوداوي - إبراهيم مازا
الهجوم: رياض محرز - فارس شايبي - ومحمد الأمين عمورة
تشكيل نيجيريا
نواوبالي في حراسة المرمى، ثم أوساي، نديدي، لوكمان، أونيكا، أوسيمين، برونو أونيمايتشي، إيوبي، كالفن، أكور أدامز.
فيكتور أوسيمين يفتتح التسجيل لنيجيريا 
#كأس_أمم_إفريقيا
|
#الجزائر_نيجيريا
pic.twitter.com/TiTC8bBFzy
آدامز يضيف الهدف الثاني لنيجيريا 
#كأس_أمم_إفريقيا
|
#الجزائر_نيجيريا
pic.twitter.com/XiqgnnQ9uC",2026-01-11
سم قاتل في الشوارع كيف تواجه الداخلية مخدر الفودو,https://www.youm7.com/story/2026/1/11/%D8%B3%D9%85-%D9%82%D8%A7%D8%AA%D9%84-%D9%81%D9%8A-%D8%A7%D9%84%D8%B4%D9%88%D8%A7%D8%B1%D8%B9-%D9%83%D9%8A%D9%81-%D8%AA%D9%88%D8%A7%D8%AC%D9%87-%D8%A7%D9%84%D8%AF%D8%A7%D8%AE%D9%84%D9%8A%D8%A9-%D9%85%D8%AE%D8%AF%D8%B1-%D8%A7%D9%84%D9%81%D9%88%D8%AF%D9%88/7263794,youm7.com,"يُعد مخدر الفودو أحد أخطر أنواع
المخدرات
التخليقية التي انتشرت خلال السنوات الأخيرة، لما يحمله من تأثيرات مدمرة على الصحة النفسية والجسدية للمتعاطين، فضلًا عن انعكاساته الخطيرة على الأمن المجتمعي. ويصنف الفودو ضمن المخدرات المصنعة التي تُخلط من مواد كيميائية مجهولة المصدر، ما يجعله قنبلة موقوتة تهدد حياة من يتعاطونه دون إدراك لحجم المخاطر الكامنة فيه.
ويؤدي تعاطي مخدر الفودو إلى اضطرابات نفسية حادة، تشمل الهلاوس السمعية والبصرية، وفقدان السيطرة على السلوك، ونوبات من العنف غير المبرر، إضافة إلى حالات الاكتئاب الحاد ومحاولات الانتحار.
كما يتسبب في تدمير الجهاز العصبي، وقد يصل الأمر إلى الوفاة المفاجئة نتيجة التسمم أو التوقف المفاجئ في وظائف القلب والتنفس.
وتكمن خطورته في سرعة الإدمان عليه، وانخفاض تكلفته مقارنة بأنواع أخرى من المخدرات، ما جعله أكثر انتشارًا بين فئات عمرية صغيرة.
وتولي وزارة الداخلية اهتمامًا كبيرًا بمواجهة مخدر الفودو، باعتباره أحد أخطر التهديدات التي تستهدف الشباب والمجتمع.
وتكثف الأجهزة الأمنية جهودها لضبط مروجيه ومصنعيه، من خلال حملات أمنية موسعة تستهدف بؤر الاتجار، وملاحقة العناصر الإجرامية القائمة على تداوله، فضلًا عن تتبع طرق تصنيعه وتوزيعه.
وأسفرت تلك الجهود عن ضبط كميات كبيرة من المخدر، والقبض على عدد من المتهمين، وإحباط محاولات تهريب وتصنيع قبل وصولها إلى أيدي المتعاطين.
ولا تقتصر جهود الداخلية على المواجهة الأمنية فقط، بل تمتد إلى التعاون مع الجهات المعنية لنشر الوعي بمخاطر المخدرات التخليقية، والتحذير من آثارها المدمرة، وتشجيع المواطنين على الإبلاغ عن أي أنشطة مشبوهة تتعلق بالاتجار أو الترويج.
ويواجه القانون جرائم الاتجار في مخدر الفودو بعقوبات مشددة، تشمل الحبس المشدد والغرامات المالية الكبيرة، وتصل العقوبة إلى السجن المؤبد أو الإعدام في حالات الاتجار الواسع أو إذا اقترنت الجريمة بتكوين تشكيل عصابي، وذلك وفقًا لقانون مكافحة المخدرات وتنظيم استعمالها.
ومع استمرار الحرب على مخدر الفودو، تبقى الوقاية والتوعية إلى جانب الحزم الأمني، ركائز أساسية لحماية المجتمع من هذا الخطر الداهم الذي لا يستهدف فردًا بعينه، بل يهدد مستقبل أجيال كاملة.",2026-01-11
حسام حسن المنتخبات أصبحت تقلد طريقتى مع منتخب مصر وأشكر اللاعبين,https://www.youm7.com/story/2026/1/10/%D8%AD%D8%B3%D8%A7%D9%85-%D8%AD%D8%B3%D9%86-%D8%A7%D9%84%D9%85%D9%86%D8%AA%D8%AE%D8%A8%D8%A7%D8%AA-%D8%A3%D8%B5%D8%A8%D8%AD%D8%AA-%D8%AA%D9%8F%D9%82%D9%84%D8%AF-%D8%B7%D8%B1%D9%8A%D9%82%D8%AA%D9%89-%D9%85%D8%B9-%D9%85%D9%86%D8%AA%D8%AE%D8%A8-%D9%85%D8%B5%D8%B1-%D9%88%D8%A3%D8%B4%D9%83%D8%B1/7264153,youm7.com,"أكد حسام حسن المدير الفنى
لمنتخب مصر
، أن لاعبيه كان رجالا وعلى قدر المسئولية أمام كوت ديفوار فى ربع نهائى أمم أفريقيا، لافتا إلى أنه يهدى الفوز للجماهير المصرية ومحمد حمدى لاعب الفريق الذى أصيب بالرباط الصليبى.
قال حسن، فى تصريحات تليفزيونية، إنه كمدرب يضع الفكرة والخطة بعد التشاور مع جهازه ثم يقوم اللاعبين بتنفيذ تعليمات الجهاز موجها الشكر لهم على التزامهم والروح القتالية التى يؤدون بها.
تابع
حسام حسن
أنه المدرب الوحيد الذى لعب بطريقة 5-3-2 فى بطولة أمم أفريقيا، ثم بعد ذلك بدأت بعض الفرق تؤدى بها فى البطولة وهو ما يعتبر نجاحا لمنتخب مصر.
يلتقى منتخب مصر نظيره السنغال يوم الأربعاء المقبل فى نصف نهائى بطولة أمم أفريقيا 2025 بالمغرب، بعد تخطيه كوت ديفوار فى ربع النهائى بنتيجة 3-2.
يلتقى منتخب مصر نظيره السنغال فى تمام السادسة مساء الأربعاء المقبل بتوقيت القاهرة على ملعب بن بطوطة بمدينة طنجة المغربية.
وأبدى محمد صلاح نجم منتخب مصر، سعادته الكبيرة بالفوز على كوت ديفوار فى ربع نهائى أمم أفريقيا، لافتا إلى أن فريقه كان الأفضل واستحق الفوز بثلاثية.
قال صلاح فى تصريحات تليفزيونية، إنه سيقاتل مع فريقه ويبذلون قصارى جهدهم من أجل الفوز فى كل مباراة، والوصول لأبعد نقطة فى البطولة.
توج محمد صلاح بجائزة رجل مباراة منتخب مصر وكوت ديفوار فى المباراة التى جرت اليوم ملعب أدرار بالمغرب، ليصعد منتخب مصر للدور نصف نهائى أمم أفريقيا لمواجهة السنغال.
لمتابعة أخبار بطولة كأس أمم أفريقيا 2025 عبر بوابة كأس أمم أفريقيا اضغط هنا
سجل لمنتخب مصر عمر مرموش ورامى ربيعة ومحمد صلاح فى الدقائق 4 و32 و52 من عمر اللقاء، بينما جاء هدفى كوت ديفوار فى الدقيقة 40 من خطأ لأحمد فتوح، ثم ديوى فى الدقيقة 73.
وهدد عمر مرموش مرمى كوت ديفوار مجددا فى الدقيقة 12 وكاد يسجل الهدف الثانى لكن الحكم يرفع الراية معلنا تسلل نجم مانشستر سيتى الانجليزى، وكاد حسام عبد المجيد يضيف الهدف الثانى فى الدقيقة 21 من كرة رأسية لكن الحارس الإيفوارى ينقذ الموقف.
وفى الدقيقة 32 نجح رامى ربيعة فى تسجيل الهدف الثانى لمنتخب مصر من رأسية سكنت شباك الحارس الإيفوارى، ومن خطأ عكسى لاحمد فتوح سجل منتخب كوت ديفوار هدفه الأول فى الدقيقة 40، لينتهى الشوط الأول بتقدم مصر 2-1.
وفى الدقيقة 52 نجح محمد صلاح فى تسجيل الهدف الثالث من تمريرة حريرية من إمام عاشور وضعته فى مواجهة حارس مرمى كوت ديفوار، وأشهر الحكم الجزائرى مصطفى غربال البطاقة الصفراء لحسام عبد المجيد فى الدقيقة 66.
وفى الدقيقة 73 سجل ديوى لاعب كوت ديفوار هدف الأفيال الثانى من ركنية تعامل معها محمد الشناوى بغرابة شديدة، ودفع حسام حسن بمحمود تريزيجيه بدلا من إمام عاشور فى الدقيقة 79 قبل أن يدفع بمصطفى محمد فى الدقيقة 90.
ودفع حسام حسن بالثلاثى رامى ربيعة وياسر إبراهيم وحسام عبد المجيد فى قلب الدفاع بجوار محمد هانى وأحمد فتوح على الطرفين الأيمن والأيسر، مع الدفع بالثلاثى مروان عطية وحمدى فتحى وإمام عاشور فى الوسط، وفى الهجوم الثنائى محمد صلاح وعمر مرموش.
جاء التشكيل كالتالى:
فى حراسة المرمى :محمد الشناوي.
خط الدفاع : محمد هاني - رامي ربيعة - حسام عبد المجيد - ياسر إبراهيم - أحمد فتوح.
الوسط: مروان عطية - حمدي فتحي - إمام عاشور.
الهجوم : محمد صلاح - عمر مرموش.
وعلى مقاعد البدلاء كل من: أحمد الشناوي - مصطفى شوبير - أحمد عيد  - محمد إسماعيل - خالد صبحي  - محمود صابر - محمد شحاته - إبراهيم عادل - مهند لاشين - أحمد سيد زيزو - محمود تريزيجيه - مصطفى فتحي - أسامة فيصل - صلاح محسن - مصطفى محمد، واستبعد حسام حسن الثنائى محمد صبحى ومحمد حمدى لإصابته بالرباط الصليبى، ويحضر محمد حمدي لاعب منتخب مصر فى أرض الملعب لمساندة زملائه وتحفيزهم لتحقيق الفوز.",2026-01-11
محمد صلاح فرحة المصريين تعنى لى الكثير والمعسكر الحالى الأفضل فى حياتى,https://www.youm7.com/story/2026/1/10/%D9%85%D8%AD%D9%85%D8%AF-%D8%B5%D9%84%D8%A7%D8%AD-%D9%81%D8%B1%D8%AD%D8%A9-%D8%A7%D9%84%D9%85%D8%B5%D8%B1%D9%8A%D9%8A%D9%86-%D8%AA%D8%B9%D9%86%D9%89-%D9%84%D9%89-%D8%A7%D9%84%D9%83%D8%AB%D9%8A%D8%B1-%D9%88%D8%A7%D9%84%D9%85%D8%B9%D8%B3%D9%83%D8%B1-%D8%A7%D9%84%D8%AD%D8%A7%D9%84%D9%89-%D8%A7%D9%84%D8%A3%D9%81%D8%B6%D9%84/7264473,youm7.com,"أعرب محمد صلاح، قائد
منتخب مصر
، عن سعادته الكبيرة بالفوز على منتخب كوت ديفوار بنتيجة 3-2، في المباراة التي جمعت المنتخبين ضمن منافسات ربع نهائي بطولة كأس الأمم الأفريقية، والتأهل إلى نصف النهائي
لمواجهة منتخب السنغال
.
وقال محمد صلاح، خلال المؤتمر الصحفي عقب اللقاء، إن فرحة الجماهير المصرية تمثل له قيمة كبيرة، مؤكدًا سعادته بالفوز والتأهل إلى دور الأربعة، وفخره بالتواجد مع هذا الجيل من لاعبي منتخب مصر.
لمتابعة أخبار بطولة كأس أمم أفريقيا 2025 عبر بوابة كأس أمم أفريقيا اضغط هنا
وأضاف قائد الفراعنة أنه سعيد بالحصول على جائزة أفضل لاعب في المباراة، معتبرًا أن الجائزة تتويج لمجهود الفريق بالكامل، مشيرًا إلى أن جميع اللاعبين يدركون جيدًا قيمة قميص منتخب مصر والمسؤولية الملقاة على عاتقهم.
وأوضح صلاح أن منتخب كوت ديفوار فريق كبير ويضم عناصر مميزة، إلا أن منتخب مصر يمتلك أيضًا لاعبين كبارًا وقادرين على المنافسة، مؤكدًا أن المنتخب يلعب دائمًا من أجل الفوز ويقاتل في كل مباراة، سواء باللاعبين المحترفين في أوروبا أو عناصر الدوري المصري.
وتابع صلاح: «المعسكر الحالي هو الأفضل في حياتي الكروية، الأجواء داخل المنتخب رائعة، والجميع أسرة واحدة بداية من الجهاز الفني وحتى اللاعبين»، مشددًا على سعادته بالعمل مع الكابتن حسام حسن.
واختتم محمد صلاح تصريحاته بالتأكيد على أنه حقق العديد من البطولات خلال مسيرته، ويتمنى التتويج بلقب كأس الأمم الأفريقية، موجهًا الشكر للمملكة المغربية على حسن تنظيم البطولة.",2026-01-11
وزارة الزارعة المواطن سيشعر بنتائج خطة مواجهة الكلاب الضالة خلال 6 أشهر,https://www.youm7.com/story/2026/1/10/%D9%88%D8%B2%D8%A7%D8%B1%D8%A9-%D8%A7%D9%84%D8%B2%D8%A7%D8%B1%D8%B9%D8%A9-%D8%A7%D9%84%D9%85%D9%88%D8%A7%D8%B7%D9%86-%D8%B3%D9%8A%D8%B4%D8%B9%D8%B1-%D8%A8%D9%86%D8%AA%D8%A7%D8%A6%D8%AC-%D8%AE%D8%B7%D8%A9-%D9%85%D9%88%D8%A7%D8%AC%D9%87%D8%A9-%D8%A7%D9%84%D9%83%D9%84%D8%A7%D8%A8-%D8%A7%D9%84%D8%B6%D8%A7%D9%84%D8%A9-%D8%AE%D9%84%D8%A7%D9%84/7263932,youm7.com,"أكد الدكتور الحسيني محمد عوض، مدير الإدارة العامة للرفق بالحيوان والتراخيص بوزارة الزراعة، أن الدولة بدأت خطوات فعلية لإنهاء
أزمة الكلاب الضالة
، مشيرا إلى أن المواطنين سيشعرون بنتائج ملموسة على الأرض وفق جداول زمنية دقيقة، بعد اعتماد خطة شاملة تتضمن شراكات دولية وتنسيقاً بين 7 وزارات سيادية وخدمية.
وكشف ""عوض"" عن إرسال تعداد
الكلاب الضالة،
والبالغ عددها نحو 12 مليون كلب، إلى وزارة التخطيط لإدراجه رسميا ضمن خطة الدولة، موضحا أن الاستراتيجية تعتمد على ثلاثة مستويات:
-        خطة قصيرة المدى: من 6 أشهر إلى سنة (لبدء الشعور بالنتائج الأولية).
-        خطة متوسطة المدى: تمتد لـ 3 سنوات.
-        خطة طويلة المدى: من 5 إلى 7 سنوات (للوصول إلى السيطرة الكاملة بحلول 2028).
وشدد على أن هذه الخطط موثقة بالأوراق والمستندات، وتخضع لرقابة صارمة من الجهات الرقابية ومجلس النواب.
وأشار مدير إدارة الرفق بالحيوان إلى وجود تنسيق رفيع المستوى مع وزارة التعاون الدولي لإدراج الخطة ضمن برامج ""التوأمة والشراكة"" العالمية، مما يفتح الباب لاستقبال تبرعات ودعم من المنظمات الدولية.
كما أكد إنشاء حساب مالي رسمي بالهيئة العامة للخدمات البيطرية طبقاً للمادة 26 من القانون، بالتنسيق مع وزارة المالية، لضمان آليات صرف شفافة ومحددة لتمويل عمليات التعقيم والتحصين.
وأوضح الدكتور الحسينى أن اللائحة التنفيذية للقانون صاغتها 3 وزارات (الزراعة، البيئة، والتنمية المحلية)، مؤكدا صدور القرار الوزاري رقم 353 لسنة 2025 بتشكيل ""اللجنة الفنية المركزية"" بتفويض من رئيس مجلس الوزراء.
وكشف أن اللجنة اجتمعت بالفعل مرتين، كان أبرزهما اجتماع موسع في 9 ديسمبر الماضي، ضم ممثلين عن 7 وزارات هي: (الزراعة، الصحة، الدفاع، الداخلية، التنمية المحلية، البيئة، والإسكان متمثلة في هيئة المجتمعات العمرانية)، لضمان تكاتف كافة أجهزة الدولة في تنفيذ الخطة، مؤكدا على أن هذا التحرك الجماعي يعكس حرص الدولة على حياة المواطن والمال العام، مشددا على أن العمل جار على قدم وساق لتحقيق التوازن البيئي المنشود وتقليل مخاطر حالات العقر بشكل تدريجي ومستدام.",2026-01-11
وفقا للتعاقد حسام حسن مدرب منتخب مصر رسميا فى كأس العالم 2026,https://www.youm7.com/story/2026/1/10/%D9%88%D9%81%D9%82%D9%8B%D8%A7-%D9%84%D9%84%D8%AA%D8%B9%D8%A7%D9%82%D8%AF-%D8%AD%D8%B3%D8%A7%D9%85-%D8%AD%D8%B3%D9%86-%D9%85%D8%AF%D8%B1%D8%A8-%D9%85%D9%86%D8%AA%D8%AE%D8%A8-%D9%85%D8%B5%D8%B1-%D8%B1%D8%B3%D9%85%D9%8A%D9%8B%D8%A7-%D9%81%D9%89-%D9%83%D8%A3%D8%B3/7264328,youm7.com,"وفقًا للعقد المبرم بينه وبين اتحاد الكرة، ضمن
حسام حسن
المدير الفني لمنتخب مصر، الاستمرار فى القيادة الفنية للفراعنة في بطولة كأس العالم المقبلة، بعدما حصد بطاقة التأهل لنصف نهائى
أمم أفريقيا 2025
.
وينص تعاقد اتحاد الكرة مع
حسام حسن
على استمراره فى قيادة الفراعنة حال قيادة المنتخب للدور نصف النهائى بأمم أفريقيا، وهو ما نجح فيه حسام حسن بعدما فاز على
منتخب كوت ديفوار
بنتيجة 3 - 2 فى المباراة التى جمعتهما مساء اليوم، فى ربع نهائى البطولة.
كما أكد هانى أبو ريدة رئيس اتحاد الكرة فى تصريحات سابقة أن الوصول لـ
نصف نهائى أمم أفريقيا
سيكون مرضيا لمجلس الادارة الحالى، وسيدعم الجهاز الفنى بقيادة حسام حسن استعدادا لكأس العالم 2026.
لمتابعة أخبار بطولة كأس أمم أفريقيا 2025 عبر بوابة كأس أمم أفريقيا اضغط هنا
فى حراسة المرمى: محمد الشناوي.
خط الدفاع: محمد هاني - رامي ربيعة - حسام عبد المجيد - ياسر إبراهيم - أحمد فتوح.
الوسط: مروان عطية - حمدي فتحي - إمام عاشور.
الهجوم :
محمد صلاح
- عمر مرموش.
وعلى مقاعد البدلاء كل من: أحمد الشناوي - مصطفى شوبير - أحمد عيد  - محمد إسماعيل - خالد صبحي  - محمود صابر - محمد شحاته - إبراهيم عادل - مهند لاشين - أحمد سيد زيزو - محمود تريزيجيه - مصطفى فتحي - أسامة فيصل - صلاح محسن - مصطفى محمد، واستبعد حسام حسن الثنائى محمد صبحى ومحمد حمدى.
ويتصدر
منتخب مصر
قائمة أكثر المنتخبات تسجيلًا للأهداف في تاريخ كأس الأمم الأفريقية، مؤكدًا سيطرته الهجومية المستمرة عبر مختلف نسخ البطولة، فيما تشهد النسخة الخامسة والثلاثين المقامة حاليًا في المغرب صراعًا محتدمًا على اللقب مع دخول المنافسة مرحلة الأدوار الإقصائية واقترابها من نصف النهائي.
ويتصدر
منتخب مصر
الترتيب برصيد 181 هدفًا سجلها خلال مشاركته في 27 نسخة سابقة، في رقم يعكس الاستمرارية والقدرة الهجومية الفريدة للمنتخب المصري على مدار عقود من المنافسة القارية، ورغم ذلك، يبقى هذا الرصيد قابلاً للزيادة في النسخة الحالية، بعد أن نجح المنتخب في بلوغ الدور ربع النهائي بتسجيل 6 أهداف حتى الآن، توزعت بين دور المجموعات ودور ثمن النهائي.
ويحتل
منتخب كوت ديفوار
المركز الثاني برصيد 160 هدفًا، في حين يأتي المنتخب النيجيري ثالثًا بـ 158 هدفًا، ويليه الكاميرون رابعًا بـ148 هدفًا، فيما يحتل منتخب غانا المركز الخامس برصيد 138 هدفًا.",2026-01-11
محمد صلاح يتوج بجائزة أفضل لاعب فى مباراة مصر وكوت ديفوار,https://www.youm7.com/story/2026/1/10/%D9%85%D8%AD%D9%85%D8%AF-%D8%B5%D9%84%D8%A7%D8%AD-%D9%8A%D8%AA%D9%88%D8%AC-%D8%A8%D8%AC%D8%A7%D8%A6%D8%B2%D8%A9-%D8%A3%D9%81%D8%B6%D9%84-%D9%84%D8%A7%D8%B9%D8%A8-%D9%81%D9%89-%D9%85%D8%A8%D8%A7%D8%B1%D8%A7%D8%A9-%D9%85%D8%B5%D8%B1-%D9%88%D9%83%D9%88%D8%AA/7264158,youm7.com,"توج
محمد صلاح
بجائزة رجل مباراة منتخب مصر وكوت ديفوار فى المباراة التى جرت اليوم ملعب أدرار بالمغرب، ليصعد منتخب مصر للدور نصف نهائى أمم أفريقيا لمواجهة السنغال.
لمتابعة أخبار بطولة كأس أمم أفريقيا 2025 عبر بوابة كأس أمم أفريقيا اضغط هنا
سجل
لمنتخب مصر
عمر مرموش ورامى ربيعة ومحمد صلاح فى الدقائق 4 و32 و52 من عمر اللقاء، بينما جاء هدفى كوت ديفوار فى الدقيقة 40 من خطأ لأحمد فتوح، ثم ديوى فى الدقيقة 73.
وهدد عمر مرموش مرمى كوت ديفوار مجددا فى الدقيقة 12 وكاد يسجل الهدف الثانى لكن الحكم يرفع الراية معلنا تسلل نجم مانشستر سيتى الانجليزى، وكاد حسام عبد المجيد يضيف الهدف الثانى فى الدقيقة 21 من كرة رأسية لكن الحارس الإيفوارى ينقذ الموقف.
وفى الدقيقة 32 نجح رامى ربيعة فى تسجيل الهدف الثانى لمنتخب مصر من رأسية سكنت شباك الحارس الإيفوارى، ومن خطأ عكسى لاحمد فتوح سجل منتخب كوت ديفوار هدفه الأول فى الدقيقة 40، لينتهى الشوط الأول بتقدم مصر 2-1.
وفى الدقيقة 52 نجح محمد صلاح فى تسجيل الهدف الثالث من تمريرة حريرية من إمام عاشور وضعته فى مواجهة حارس مرمى كوت ديفوار، وأشهر الحكم الجزائرى مصطفى غربال البطاقة الصفراء لحسام عبد المجيد فى الدقيقة 66.
وفى الدقيقة 73 سجل ديوى لاعب كوت ديفوار هدف الأفيال الثانى من ركنية تعامل معها محمد الشناوى بغرابة شديدة، ودفع حسام حسن بمحمود تريزيجيه بدلا من إمام عاشور فى الدقيقة 79 قبل أن يدفع بمصطفى محمد فى الدقيقة 90.
ودفع حسام حسن بالثلاثى رامى ربيعة وياسر إبراهيم وحسام عبد المجيد فى قلب الدفاع بجوار محمد هانى وأحمد فتوح على الطرفين الأيمن والأيسر، مع الدفع بالثلاثى مروان عطية وحمدى فتحى وإمام عاشور فى الوسط، وفى الهجوم الثنائى محمد صلاح وعمر مرموش.
جاء التشكيل كالتالى:
فى حراسة المرمى :محمد الشناوي.
خط الدفاع : محمد هاني - رامي ربيعة - حسام عبد المجيد - ياسر إبراهيم - أحمد فتوح.
الوسط: مروان عطية - حمدي فتحي - إمام عاشور.
الهجوم : محمد صلاح - عمر مرموش.
وعلى مقاعد البدلاء كلا من : أحمد الشناوي - مصطفى شوبير - أحمد عيد  - محمد إسماعيل - خالد صبحي  - محمود صابر - محمد شحاته - إبراهيم عادل - مهند لاشين - أحمد سيد زيزو - محمود تريزيجيه - مصطفى فتحي - أسامة فيصل - صلاح محسن - مصطفى محمد، واستبعد حسام حسن الثنائى محمد صبحى ومحمد حمدى لإصابته بالرباط الصليبى، ويحضر محمد حمدي لاعب منتخب مصر فى أرض الملعب لمساندة زملائه وتحفيزهم لتحقيق الفوز.",2026-01-11
رادار المرور اصطاد 1001 سيارة تسير بسرعات جنونية فى 24 ساعة,https://www.youm7.com/story/2026/1/10/%D8%B1%D8%A7%D8%AF%D8%A7%D8%B1-%D8%A7%D9%84%D9%85%D8%B1%D9%88%D8%B1-%D8%A7%D8%B5%D8%B7%D8%A7%D8%AF-1001-%D8%B3%D9%8A%D8%A7%D8%B1%D8%A9-%D8%AA%D8%B3%D9%8A%D8%B1-%D8%A8%D8%B3%D8%B1%D8%B9%D8%A7%D8%AA-%D8%AC%D9%86%D9%88%D9%86%D9%8A%D8%A9-%D9%81%D9%89-24/7263855,youm7.com,"شنت الإدارة العامة للمرور، عددا من الحملات المرورية بالتنسيق مع إدارات المرور بمديريات الأمن المختلفة لتحقيق الانضباط، و
تطبيق قانون ولوائح المرور
على قائدى السيارات وضبط المخالفين منهم.
وأسفرت جهود الحملة خلال 24 ساعة، عن ضبط 1001 مخالفة تجاوز سرعات و 102 مخالفة السير بدون تراخيص "" قيادة وتسيير ""، 54 دراجة نارية مخالفة، 65 مخالفة موقف عشوائى، 133 مخالفة شروط الترخيص وتم اتخاذ الإجراءات القانونية، وتواصل أجهزة وزارة الداخلية حملاتها المرورية لضبط المخالفات المرورية.
وعززت الإدارة العامة لمرور القاهرة تواجدها بالشوارع والميادين، مع انتشار الخدمات المرورية، أعلى المحاور للعمل على إزالة أى أعطال مرورية، أو حوادث تعوق حركة السيارات بشوارع العاصمة، ولتسهيل وصول المواطنين إلى الأماكن التى يقصدونها.
وانتشر رجال المرور بربوع العاصمة لشن حملات مرورية مكثفة لرصد كل المخالفات المرورية بشتى أنواعها، وعدم التهاون مع مخالفى قواعد وآداب المرور، كما يتم رفع كل السيارات المتروكة التى يتم رصدها بالشوارع وتتسبب فى زحامات مرورية بالطرق.
وتمركزت الحملات المرورية أعلى المحاور والشوارع بالجيزة لرصد المخالفات وإلزام المواطنين بقواعد وآداب المرور، وللحد من وقوع الحوادث المرورية الناجمة عن السير عكس الاتجاه، أو الانتظار الخاطئ بالطرق السريعة.
كما شنت ادارة العامة للمرور، حملات مكثفة على الطرق السريعة للحد من الحوادث ومنع القيادة تحت تأثير المخدر، لأنها تهدد سلامتك وسلامة الآخرين، كما تم تكثيف حملات الرادار ونشر سيارات الاغاثة المرورية وسيارات الدفع الرباعى والدراجات البخارية، كما عززت إدارة المرور من تواجد الخدمات المرورية على الطرق لتكثيف وانتشار عمليات مراقبة المحاور لمنع ظهور أى كثافات مرورية.",2026-01-11
التايكوندو يهنئ يخت الجيزة على حصد لاعبيه 4 ميداليات بدورة الألعاب الأفريقية للشباب,https://www.youm7.com/story/2026/1/10/%D8%A7%D9%84%D8%AA%D8%A7%D9%8A%D9%83%D9%88%D9%86%D8%AF%D9%88-%D9%8A%D9%87%D9%86%D8%A6-%D9%8A%D8%AE%D8%AA-%D8%A7%D9%84%D8%AC%D9%8A%D8%B2%D8%A9-%D8%B9%D9%84%D9%89-%D8%AD%D8%B5%D8%AF-%D9%84%D8%A7%D8%B9%D8%A8%D9%8A%D9%87-4-%D9%85%D9%8A%D8%AF%D8%A7%D9%84%D9%8A%D8%A7%D8%AA-%D8%A8%D8%AF%D9%88%D8%B1%D8%A9/7264322,youm7.com,"تلقى الدكتور ""السيد على رضوان"" رئيس مجلس إدارة
نادى يخت الجيزة
الرياضى، تهنئة من المستشار محمد مصطفى على، النائب الأول لرئيس اللجنة الاوليمبية المصرية، رئيس
الاتحاد المصرى للتايكوندو
، لحصول 4 من لاعبى النادى يلعبون ضمن المنتخب المصرى للتايكوندو على 4 ميداليات ""ذهبيتان وفضيتان"" في
دورة الألعاب الأفريقي
ة للشباب التي أقيمت بانجولا خلال الفترة من 10 إلى 20 ديسمبر الماضى.
لمتابعة أخبار بطولة كأس أمم أفريقيا 2025 عبر بوابة كأس أمم أفريقيا اضغط هنا
وصعد 4 من لاعبى نادى يخت الجيزة على منصات التتويج بدورة الألعاب الأفريقية للشباب التي أقيمت بانجولا، لحصولهم على ميداليات متنوعة فى لعبة التايكوندو، حيث حصل اللاعب عمرو وسام محمد عبد العظيم على المركز الأول والميدالية الذهبية في وزن 68 كج، واللاعبة ليان ياسر محمد محمد، على المركز الأول والميدالية الذهبية في وزن 46 كج، واللاعب ياسين حسن كمال محمود، على المركز الثانى والميدالية الفضية في وزن 45 كج، واللاعب يوسف حسن كمال محمود، على المركز الثانى والميدالية الفضية في وزن 48 كج.
وحصدت البعثة المصرية خلال مشاركتها في دورة الألعاب الأفريقية للشباب المقامة في أنجولا بنهاية المنافسات 76 ميدالية متنوعة، بواقع 33 ميدالية ذهبية و22 ميدالية فضية و21 ميدالية برونزية.
وشملت الرياضات التي تشارك بها البعثة المصرية، السلاح، وألعاب القوى، والريشة الطائرة، والتايكوندو، والجودو، وتنس الطاولة، والكرة الطائرة الشاطئية. ورأس البعثة المصرية في أنجولا طارق السعيد، نائب رئيس الاتحاد المصري لكرة السلة وعضو اللجنة الأولمبية المصرية، وذلك بقرار من مجلس إدارة اللجنة برئاسة المهندس ياسر إدريس.",2026-01-11
شخص يقفز من أعلى كوبرى قصر النيل وشرطة المسطحات تنقذه,https://www.youm7.com/story/2026/1/10/%D8%B4%D8%AE%D8%B5-%D9%8A%D9%82%D9%81%D8%B2-%D9%85%D9%86-%D8%A3%D8%B9%D9%84%D9%89-%D9%83%D9%88%D8%A8%D8%B1%D9%89-%D9%82%D8%B5%D8%B1-%D8%A7%D9%84%D9%86%D9%8A%D9%84-%D9%88%D8%B4%D8%B1%D8%B7%D8%A9-%D8%A7%D9%84%D9%85%D8%B3%D8%B7%D8%AD%D8%A7%D8%AA-%D8%AA%D9%86%D9%82%D8%B0%D9%87/7264443,youm7.com,"قفز شخص
داخل مياه النيل
من أعلى كوبرى قصر النيل بسبب خلافات عائلية وتمكن رجال المسطحات المائية من إنقاذه.
تلقت
غرفة العمليات
،بلاغا يفيد بسقوط شخص داخل مياه النيل من أعلى كوبرى قصر النيل وعلى الفور انتقل رجال المسطحات المائية إلى مكان البلاغ.
وتبين من خلال الفحص والمعاينة قيام شخص بالقفز داخل مياه النيل من أعلى الكوبرى بسبب خلافات عائلية وتم إنقاذه من رجال المسطحات المائية وتم اتخاذ الإجراءات القانونية اللازمة تجاه الواقعة.",2026-01-11
منتخب مصر يتقدم على كوت ديفوار 2  1 فى الشوط الأول بربع نهائي أمم أفريقيا صور,https://www.youm7.com/story/2026/1/10/%D9%85%D9%86%D8%AA%D8%AE%D8%A8-%D9%85%D8%B5%D8%B1-%D9%8A%D8%AA%D9%82%D8%AF%D9%85-%D8%B9%D9%84%D9%89-%D9%83%D9%88%D8%AA-%D8%AF%D9%8A%D9%81%D9%88%D8%A7%D8%B1-2-1-%D9%81%D9%89-%D8%A7%D9%84%D8%B4%D9%88%D8%B7/7264165,youm7.com,"انتهى الشوط الأول من عمر مباراة
منتخب مصر وكوت ديفوار
على ملعب أدرار بالمغرب، بتقدم منتخب مصر بهدفين مقابل هدف ، سجل لمنتخب مصر عمر مرموش ورامى ربيعة فى الدقيقتين 4 و32 من عمر اللقاء، بينما جاء هدف كوت ديفوار فى الدقيقة 40 من خطأ لأحمد فتوح.
وهدد عمر مرموش مرمى كوت ديفوار مجددا فى الدقيقة 12 وكاد يسجل الهدف الثانى لكن الحكم يرفع الراية معلنا تسلل نجم مانشستر سيتى الانجليزى، وكاد حسام عبد المجيد يضيف الهدف الثانى فى الدقيقة 21 من كرة رأسية لكن الحارس الإيفوارى ينقذ الموقف.
وفى الدقيقة 32 نجح رامى ربيعة فى تسجيل الهدف الثانى لمنتخب مصر من رأسية سكنت شباك الحارس الإيفوارى، ومن خطأ عكسى لاحمد فتوح سجل منتخب كوت ديفوار هدفه الأول فى الدقيقة 40.
لمتابعة أخبار بطولة كأس أمم أفريقيا 2025 عبر بوابة كأس أمم أفريقيا اضغط هنا
ودفع
حسام حسن
بالثلاثى رامى ربيعة وياسر إبراهيم وحسام عبد المجيد فى قلب الدفاع بجوار محمد هانى وأحمد فتوح على الطرفين الأيمن والأيسر، مع الدفع بالثلاثى مروان عطية وحمدى فتحى وإمام عاشور فى الوسط، وفى الهجوم الثنائى محمد صلاح وعمر مرموش.
جاء التشكيل كالتالى:
فى حراسة المرمى :محمد الشناوي.
خط الدفاع : محمد هاني - رامي ربيعة - حسام عبد المجيد - ياسر إبراهيم - أحمد فتوح.
الوسط: مروان عطية - حمدي فتحي - إمام عاشور.
الهجوم : محمد صلاح - عمر مرموش.
وعلى مقاعد البدلاء كلا من : أحمد الشناوي - مصطفى شوبير - أحمد عيد  - محمد إسماعيل - خالد صبحي  - محمود صابر - محمد شحاته - إبراهيم عادل - مهند لاشين - أحمد سيد زيزو - محمود تريزيجيه - مصطفى فتحي - أسامة فيصل - صلاح محسن - مصطفى محمد، واستبعد حسام حسن الثنائى محمد صبحى ومحمد حمدى لإصابته بالرباط الصليبى، ويحضر محمد حمدي لاعب منتخب مصر فى أرض الملعب لمساندة زملائه وتحفيزهم لتحقيق الفوز.
ويتصدر
منتخب مصر
قائمة أكثر المنتخبات تسجيلًا للأهداف في تاريخ كأس الأمم الأفريقية، مؤكدًا سيطرته الهجومية المستمرة عبر مختلف نسخ البطولة، فيما تشهد النسخة الخامسة والثلاثين المقامة حاليًا في المغرب صراعًا محتدمًا على اللقب مع دخول المنافسة مرحلة الأدوار الإقصائية واقترابها من نصف النهائي.
ويتصدر منتخب مصر الترتيب برصيد 181 هدفًا سجلها خلال مشاركته في 27 نسخة سابقة، في رقم يعكس الاستمرارية والقدرة الهجومية الفريدة للمنتخب المصري على مدار عقود من المنافسة القارية، ورغم ذلك، يبقى هذا الرصيد قابلاً للزيادة في النسخة الحالية، بعد أن نجح المنتخب في بلوغ الدور ربع النهائي بتسجيل 6 أهداف حتى الآن، توزعت بين دور المجموعات ودور ثمن النهائي.
ويحتل منتخب كوت ديفوار المركز الثاني برصيد 160 هدفًا، في حين يأتي المنتخب النيجيري ثالثًا بـ 158 هدفًا، ويليه الكاميرون رابعًا بـ148 هدفًا، فيما يحتل منتخب غانا المركز الخامس برصيد 138 هدفًا.",2026-01-11
نيجيريا تطيح بالجزائر وتواجه المغرب في نصف نهائي أمم أفريقيا فيديو وصور,https://www.youm7.com/story/2026/1/10/%D9%86%D9%8A%D8%AC%D9%8A%D8%B1%D9%8A%D8%A7-%D8%AA%D8%B7%D9%8A%D8%AD-%D8%A8%D8%A7%D9%84%D8%AC%D8%B2%D8%A7%D8%A6%D8%B1-%D9%88%D8%AA%D9%88%D8%A7%D8%AC%D9%87-%D8%A7%D9%84%D9%85%D8%BA%D8%B1%D8%A8-%D9%81%D9%8A-%D9%86%D8%B5%D9%81-%D9%86%D9%87%D8%A7%D8%A6%D9%8A-%D8%A3%D9%85%D9%85-%D8%A3%D9%81%D8%B1%D9%8A%D9%82%D9%8A%D8%A7/7264203,youm7.com,"تأهل
منتخب نيجيريا
إلى نصف نهائي بطولة كأس أمم أفريقيا، بعد فوزه على نظيره منتخب الجزائر، بثنائية نظيفة، في المواجهة التي جمعتهما مساء السبت، على ملعب مراكش، في إطار منافسات الدور ربع النهائي من بطولة
كأس أمم أفريقيا 2025
المقامة حاليًا في المغرب.
لمتابعة أخبار بطولة كأس أمم أفريقيا 2025 عبر بوابة كأس أمم أفريقيا اضغط هنا
سيطر المنتخب النيجيري على مجريات اللعب خلال الشوط الأول من المباراة، وهدد مرمى المنتخب الجزائري في أكثر من مناسبة.
وأنقذ رامي بن سبعيني المنتخب الجزائري من تلقى الهدف الأول في الدقيقة 29 من عمر المباراة، بعدما شتت الكرة من على خط المرمى.
ومع بداية الشوط الثاني، نجح المنتخب النيجيري في افتتاح التسجيل عن طريق نجمه فيكتور أوسيمين في الدقيقة 47 من ضربة رأسية رائعة.
وأضاف أكور أدامز ثاني أهداف منتخب النسور الخضراء في الدقيقة 57 بعد تلقيه تمريرة من أوسيمين، انفرد على أثرها بالمرمى ونجح في مراوغة لوكا زيدان حارس المنتخب الجزائري.
ويواجه منتخب نيجيريا نظيره منتخب المغرب في نصف نهائي كأس أمم أفريقيا، يوم الأربعاء المقبل، بعد تأهل الأخير على حساب منتخب الكاميرون بنتيجة 2 - 0.
تشكيل الجزائر
حراسة المرمى: لوكا زيدان
الدفاع: ريان آيت نوري - رامي بن سبعيني - عيسى ماندي - رفيق بلغالي
الوسط: رامز زروقي - هشام بوداوي - إبراهيم مازا
الهجوم: رياض محرز - فارس شايبي - ومحمد الأمين عمورة
تشكيل نيجيريا
نواوبالي في حراسة المرمى، ثم أوساي، نديدي، لوكمان، أونيكا، أوسيمين، برونو أونيمايتشي، إيوبي، كالفن، أكور أدامز.
فيكتور أوسيمين يفتتح التسجيل لنيجيريا 
#كأس_أمم_إفريقيا
|
#الجزائر_نيجيريا
pic.twitter.com/TiTC8bBFzy
آدامز يضيف الهدف الثاني لنيجيريا 
#كأس_أمم_إفريقيا
|
#الجزائر_نيجيريا
pic.twitter.com/XiqgnnQ9uC",2026-01-11
انظروا إلى السماء نحن قادمون رسائل تهديد تثير الذعر فى إسرائيل,https://www.youm7.com/story/2026/1/10/%D8%A7%D9%86%D8%B8%D8%B1%D9%88%D8%A7-%D8%A5%D9%84%D9%89-%D8%A7%D9%84%D8%B3%D9%85%D8%A7%D8%A1-%D9%86%D8%AD%D9%86-%D9%82%D8%A7%D8%AF%D9%85%D9%88%D9%86-%D8%B1%D8%B3%D8%A7%D8%A6%D9%84-%D8%AA%D9%87%D8%AF%D9%8A%D8%AF-%D8%AA%D8%AB%D9%8A%D8%B1-%D8%A7%D9%84%D8%B0%D8%B9%D8%B1-%D9%81%D9%89/7264323,youm7.com,"أثارت رسائل تهديد حالة من الذعر فى
إسرائيل
، بعد أن تلقى عدد كبير من الإسرائيليين، عصر السبت، رسائل نصية قصيرة تحمل مضمونًا تهديديًا، ظهر مصدرها من رقم بريطاني حسبما ذكرت سكاى نيوز، وتضمنت رسائل التهديد نصًا باللغة الإنجليزية جاء فيه: «نحن قادمون، انظروا إلى السماء عند منتصف الليل»، في تلميح اعتبره مراقبون محاكاة لسيناريوهات هجمات صاروخية مشابهة لتلك التي شهدتها إسرائيل خلال ما عُرف بـ«حرب الأيام الـ12» مع
إيران
.
وبحسب القناة «12» الإسرائيلية، يأتي انتشار هذه رسائل التهديد بعد أقل من أسبوع على رسائل مشابهة وصلت إلى إسرائيليين، وُصفت بأنها «الفرصة الأخيرة للنجاة»، وكانت مرفقة بمعلومات شخصية، من بينها أرقام هويات.
ورجّح خبراء أن تكون رسائل التهديد جزءًا من عملية حرب نفسية وتضليل إعلامي تقف خلفها جهات إيرانية، في حين قالت الهيئة الوطنية للأمن السيبراني في إسرائيل إن الأمر «لا يتجاوز محاولة لبث الذعر بين المواطنين».
وتزامن إرسال رسائل التهديد مع مزاعم عن اختراق حسابات على مواقع التواصل الاجتماعي تعود لشخصيات إسرائيلية بارزة، من بينها رئيس ديوان مكتب رئيس الوزراء تساحي برافرمان، ورئيس الوزراء السابق نفتالى بينيت، ووزيرة العدل السابقة أييليت شاكيد.
وفي السياق ذاته، أعلنت مجموعة قرصنة إيرانية تُدعى «حنظلة» مسؤوليتها عن تلك الاختراقات، ونشرت مواد قالت إنها استُخرجت من حسابات الشخصيات المستهدفة.",2026-01-11
الزراعة إتاحة الكلاب للحراسة والبحث العلمى وتصديرها لغرض الإطعام ممنوع,https://www.youm7.com/story/2026/1/10/%C2%AB%D8%A7%D9%84%D8%B2%D8%B1%D8%A7%D8%B9%D8%A9%C2%BB-%D8%A5%D8%AA%D8%A7%D8%AD%D8%A9-%D8%A7%D9%84%D9%83%D9%84%D8%A7%D8%A8-%D9%84%D9%84%D8%AD%D8%B1%D8%A7%D8%B3%D8%A9-%D9%88%D8%A7%D9%84%D8%A8%D8%AD%D8%AB-%D8%A7%D9%84%D8%B9%D9%84%D9%85%D9%89-%D9%88%D8%AA%D8%B5%D8%AF%D9%8A%D8%B1%D9%87%D8%A7-%D9%84%D8%BA%D8%B1%D8%B6-%D8%A7%D9%84%D8%A5%D8%B7%D8%B9%D8%A7%D9%85-%D9%85%D9%85%D9%86%D9%88%D8%B9/7264007,youm7.com,"حسم الدكتور محمد الحسيني عوض، مدير الإدارة العامة للرفق بالحيوان بوزارة
الزراعة
، الجدل المثار حول ملف تصدير الكلاب المصرية للخارج، مؤكداً أن الوزارة تفرض حظرا قاطعا على تصدير أي نوع من الكلاب لغرض ""الإطعام""، بينما تسمح به في حالات محددة تتعلق بالحراسة والبحث العلمي.
وأوضح ""عوض"" خلال ندوة موسعة بمؤسسة ""اليوم السابع""، أن السياسة الرسمية لوزارة الزراعة تمنع تماما تصدير
الكلاب
إلى الدول التى تطلبها لغرض ""الإطعام""، مشددا على أن هذا الموقف يتماشى مع معايير الرفق بالحيوان والقوانين المصرية.
وكشف مدير عام الرفق بالحيوان عن أن الكلب ""البلدي"" المصري يتم تصديرها لغرض الحراسة والاقتناء، مشيرا إلى وجود ملفات رسمية تثبت تصدير كلاب مصرية إلى دولة العراق، ومنها إلى ""سويسرا"" لتعمل في خدمة بيوت الشرطة السويسرية، نظرا لما يتمتع به الكلب المصري من ذكاء وقدرة عالية على التعلم.
كما كشف الدكتور الحسيني عن تميز الكلب البلدي المصري بقوة المناعة والمقاومة للأمراض، مؤكدا أن الولايات المتحدة الأمريكية تستورد ""السيرم"" (المصل) الخاص بالكلاب والقطط المصرية لاستخدامه في تصنيع مشتقات طبية تدخل في العمليات الجراحية البشرية، قائلاً: ""أمريكا بتأخد الدم والمصل بتاع الكلاب بتاعتنا نظراً لقوته الجينية"".
وأكد ""عوض"" أن عمليات خروج الكلاب تتم تحت رقابة صارمة من الإدارة المركزية للحجر البيطري، وغالبا ما تخرج في ""صحبة راكب"" بأرقام ومستندات موثقة، لافتا إلى أن التصدير المسموح به يقتصر فقط على أغراض الحراسة، الاقتناء، أو البحث العلمي الطبي، مع استمرار الحظر الشامل على أي أغراض تتعلق بالاستهلاك الغذائي.",2026-01-11
محمد صلاح vs أماد ديالو من سيكون فرس الرهان فى مباراة مصر وكوت ديفوار,https://www.youm7.com/story/2026/1/10/%D9%85%D8%AD%D9%85%D8%AF-%D8%B5%D9%84%D8%A7%D8%AD-vs-%D8%A3%D9%85%D8%A7%D8%AF-%D8%AF%D9%8A%D8%A7%D9%84%D9%88-%D9%85%D9%86-%D8%B3%D9%8A%D9%83%D9%88%D9%86-%D9%81%D8%B1%D8%B3-%D8%A7%D9%84%D8%B1%D9%87%D8%A7%D9%86-%D9%81%D9%89/7263660,youm7.com,"تتجه أنظار عشاق الساحرة المستديرة في القارة السمراء، مساء اليوم السبت، صوب ملعب أدرار بمدينة أغادير؛ لمتابعة القمة النارية التى تجمع منتخب مصر بقيادة
حسام حسن
ونظيره كوت ديفوار ضمن منافسات ربع نهائي كأس أمم أفريقيا 2025، التى يستضيفها المغرب فى الفترة من 21 ديسمبر الماضي وحتى 18 يناير الجاري.
محمد صلاح هداف المنتخب الوطني فى هذه النسخة برصيد 3 أهداف يقود طموحات الجماهير المصرية مع عدد من زملائه الذين تألقوا خلال مشوار مصر في هذه النسخة، وعلى رأسهم الحارس الكبير محمد الشناوي ومحمد هاني ورامي ربيعة وياسر إبراهيم رجل مباراة بنين في ثمن النهائي، بالإضافة لحمدي فتحي ومروان عطية وإمام عاشور وأحمد سيد ""زيزو"" وإبراهيم عادل وعمر مرموش صاحب أول أهداف مصر في البطولة.
في الجهة الأخرى، قدم جناح مانشستر يونايتد الإنجليزي
أماد ديالو
مستوى رائعا وأحرز 3 أهداف، كما حصل على جائزة أفضل لاعب ثلاث مرات، وقدم أوراق اعتماده كواحد من أفضل
نجوم البطولة
ومن المنتظر أن يقود تشكيلة (حامل اللقب) برفقة عدد من زملائه وأبرزهم جناح ليبزيج الألماني يان دياموندي والقائد فرانك كيسي لاعب وسط أهلي جدة السعودي بالإضافة لجناح هوفنهايم الصاعد يازومانا توريه الذي سجل هدفين في البطولة خلال 37 دقيقة فقط شارك فيها كبدبل أمام الجابون وبوركينافاسو.
لمتابعة أخبار بطولة كأس أمم أفريقيا 2025 عبر بوابة كأس أمم أفريقيا اضغط هنا
وجاء تأهل منتخب الفراعنة عقب عرض قوي أمام منتخب بنين، حيث استطاع رفاق حسام حسن حسم اللقاء بنتيجة (3-1)، مؤكداً جاهزيته الفنية والبدنية للذهاب بعيداً في البطولة القارية، وسط إشادة واسعة بالروح القتالية والفاعلية الهجومية التي ظهرت على اللاعبين.
وتأهل منتخب الفراعنة من دور المجموعات في صدارة المجموعة الثانية برصيد 7 نقاط، وتأكد صعوده إلى دور الـ 16 من منافسات البطولة بعد انتصارين على جنوب أفريقيا وزيمبابوي، وتعادل سلبي أمام أنجولا، فيما نجح في عبور موعة بنين في ثمن النهائي بثلاثية مقابل هدف في لقاء امتد لشوطين إضافيين.
وضمت قائمة منتخب الفراعنة للمشاركة في أمم أفريقيا كل من: حراسة المرمى: محمد الشناوي، أحمد الشناوي، مصطفى شوبير ومحمد صبحـي، وخط الدفاع: محمد هاني، أحمد عيد، رامي ربيعة، خالد صبحي، ياسر إبراهيم، محمد إسماعيل، حسام عبد المجيد، محمد حمدي وأحمد فتوح، وخط الوسط: مروان عطيـة، حمدي فتحي، مهند لاشين، محمود صابر، محمد شحاتة، إمام عاشور، أحمد سيد زيزو، محمود تريزيجيه، إبراهيم عادل، مصطفى فتحي، وفي خط الهجوم: عمر مرموش، محمد صلاح، مصطفى محمد، صلاح محسن وأسامة فيصل.",2026-01-11
فاركو يسجل هدف تقليص الفارق أمام الأهلي والنتيجة 4  1 للأحمر,https://www.youm7.com/story/2026/1/10/%D9%81%D8%A7%D8%B1%D9%83%D9%88-%D9%8A%D8%B3%D8%AC%D9%84-%D9%87%D8%AF%D9%81-%D8%AA%D9%82%D9%84%D9%8A%D8%B5-%D8%A7%D9%84%D9%81%D8%A7%D8%B1%D9%82-%D8%A3%D9%85%D8%A7%D9%85-%D8%A7%D9%84%D8%A3%D9%87%D9%84%D9%8A-%D9%88%D8%A7%D9%84%D9%86%D8%AA%D9%8A%D8%AC%D8%A9-4-1/7264075,youm7.com,"أحرز محمود فرحات لاعب
فاركو
هدف التعديل لفريقه فى شباك الأهلي بالدقيقة 66 من عمر المباراة التي تجمعهما باستاد برج العرب بالإسكندرية، ضمن منافسات الجولة السادسة من مرحلة المجموعات ل
كأس عاصمة مصر
، لتصبح النتيجة 4-1 لصالح الأهلي.
لمتابعة أخبار بطولة كأس أمم أفريقيا 2025 عبر بوابة كأس أمم أفريقيا اضغط هنا
ويخوض الأهلي مواجهة فاركو بتشكيل مكون من، حمزة علاء في حراسة المرمى، إبراهيم الأسيوطي - أحمد رمضان بيكهام - ياسين مرعي - محمد شكري في الدفاع، أحمد رضا - حسين الشحات - طاهر محمد طاهر - محمد عبد الله - محمد رأفت في الوسط، ونيتس جراديشار في الهجوم.
وتواجد على مقاعد البدلاء كل من: أشرف داري ومحمد سيحا ومصطفى العش ومحمد زعلوك وحمزة عبد الكريم وإبراهيما كاظم ومهند الشامي وإبراهيم عادل وعمر معوض.
فيما جاء تشكيل فاركو كالتالي، أحمد دعدور في حراسة المرمى، بابا كار، سيف الإمام، محمد حسين، معاذ أحمد في الدفاع، وليد مصطفى،يوسف جلال، ياسين الملاح، أحمد فؤاد في الوسط، كريم الطيب، أليو بادارا في الهجوم.
وتواجد على مقاعد البدلاء: محمد شيكا، جابر كامل، محمد عز، محمد سيد، محمود فرحات، رامز مدحت، يوسف عبد الحفيظ، حسام رضا، شوقي الضنين.",2026-01-11
الثأر يسيطر على كلاسيكو ريال مدريد وبرشلونة فى نهائى السوبر الإسباني,https://www.youm7.com/story/2026/1/10/%D8%A7%D9%84%D8%AB%D8%A3%D8%B1-%D9%8A%D8%B3%D9%8A%D8%B7%D8%B1-%D8%B9%D9%84%D9%89-%D9%83%D9%84%D8%A7%D8%B3%D9%8A%D9%83%D9%88-%D8%B1%D9%8A%D8%A7%D9%84-%D9%85%D8%AF%D8%B1%D9%8A%D8%AF-%D9%88%D8%A8%D8%B1%D8%B4%D9%84%D9%88%D9%86%D8%A9-%D9%81%D9%89-%D9%86%D9%87%D8%A7%D8%A6%D9%89-%D8%A7%D9%84%D8%B3%D9%88%D8%A8%D8%B1/7262647,youm7.com,"يترقب عشاق كرة القدم
مباراة كلاسيكو الأرض بين برشلونة وريال مدريد
في نهائي كأس السوبر الإسباني 2026، والمقرر إقامته مساء الأحد 11 يناير 2026 على ملعب الإنماء ""الجوهرة المشعة"" بمدينة الملك عبدالله الرياضية في جدة.
لمتابعة أخبار بطولة كأس أمم أفريقيا 2025 عبر بوابة كأس أمم أفريقيا اضغط هنا
تأتي المباراة في أجواء مشحونة بالثأر، بعد تفوق ريال مدريد في قمة الدور الأول من الدوري الإسباني، فضلا عن تفوق برشلونة الموسم الماضي وسيطرته على معظم مواجهات الكلاسيكو.
بدأ ريال مدريد الموسم الحالي بفوز على برشلونة 2-1 في الدوري الإسباني على ملعب سانتياجو برنابيو، ما منح الفريق الملكي أفضلية معنوية، ومن هنا، يسعى البارسا بقيادة مدربه هانز فليك لرد اعتباره سريعًا أمام الغريم التقليدي، وتحقيق الفوز الأول في الموسم لمعادلة الأوضاع.
ويطمح ريال مدريد، بقيادة تشابي ألونسو، لمعادلة رصيد الانتصارات أمام برشلونة في النهائيات السعودية، واستعادة هيبته بعد الموسم الماضي.
التقى الفريقان في
نهائي كأس السوبر الإسباني
في السعودية ثلاث مرات سابقة، حيث فاز ريال مدريد مرة واحدة مقابل مرتين للفريق الكتالوني.
كان برشلونة فرض سيطرته على كل مواجهات الكلاسيكو في الموسم الماضي، بعد الفوز في المباريات الأربع التي جمعت الفريقين:
-الدوري الإسباني: فوز برشلونة 4-0 في سانتياجو برنابيو، و4-3 في الإياب.
-كأس الملك: فوز برشلونة 3-2 بعد التمديد في المباراة النهائية بإشبيلية.
-كأس السوبر الإسباني 2025: فوز برشلونة 5-2 في السعودية، محققًا ثلاثية محلية وترك ريال مدريد في موقف صعب.
ويبحث ريال مدريد عن الفوز الثاني على برشلونة هذا الموسم، لاستعادة التوازن وتحقيق انتصار معنوي مهم قبل المنافسات القادمة.
تنطلق مباراة
برشلونة وريال مدريد
في تمام الساعة 9 مساء الأحد الموافق 11 يناير بتوقيت القاهرة، لتكون فرصة لكل فريق لإضافة لقب جديد إلى سجله التاريخي، ومواصلة المنافسة على الصدارة بين أكثر الأندية تتويجًا بالسوبر الإسباني.
ستبث
مباراة برشلونة وريال مدري
د عبر تطبيق ثمانية، الناقل الحصري للدوري السعودي وكأس السوبر الإسباني 2026، مع تغطية شاملة لكل مجريات المباراة، ليتمكن عشاق الكرة العالمية من متابعة كل لحظة من المواجهة النارية.
برشلونة تأهل بعد فوز كاسح على أتلتيك بيلباو 5-0، ليصل إلى النهائي للمرة الرابعة على التوالي.
ريال مدريد تأهل بعد الفوز على أتلتيكو مدريد 2-1 في نصف النهائي، ليضرب موعدًا ناريًا مع برشلونة على لقب السوبر الإسباني.",2026-01-11
حالة واحدة تضمن استمرار معتمد جمال مديرا فنيا للزمالك إلى نهاية الموسم,https://www.youm7.com/story/2026/1/10/%D8%AD%D8%A7%D9%84%D8%A9-%D9%88%D8%A7%D8%AD%D8%AF%D8%A9-%D8%AA%D8%B6%D9%85%D9%86-%D8%A7%D8%B3%D8%AA%D9%85%D8%B1%D8%A7%D8%B1-%D9%85%D8%B9%D8%AA%D9%85%D8%AF-%D8%AC%D9%85%D8%A7%D9%84-%D9%85%D8%AF%D9%8A%D8%B1%D8%A7-%D9%81%D9%86%D9%8A%D8%A7-%D9%84%D9%84%D8%B2%D9%85%D8%A7%D9%84%D9%83-%D8%A5%D9%84%D9%89/7263673,youm7.com,"بات مصير
معتمد جمال
بالاستمرار مديراً فنياً للزمالك مرتبطاً بنتائجه مع الفريق الأبيض خلال الفترة المقبلة سواء فى الدوري المصري أو بطولة كأس الكونفدرالية الأفريقية، وسيتم تقييمه بناءً على ما يقدمه مع القلعة البيضاء.
ورغم تأكيد نادي
الزمالك
أن معتمد جمال مديراً فنياً مؤقتاً والبحث مستمر عن مدرب أجنبي، إلا أن جمال لديه فرصة ثمينة للاستمرار مع القلعة البيضاء لنهاية الموسم حال إقناعة جماهير القلعة البيضاء بالأرقام والنتائج.
لمتابعة أخبار بطولة كأس أمم أفريقيا 2025 عبر بوابة كأس أمم أفريقيا اضغط هنا
ويرفض مسئولو
نادى الزمالك
التعاقد مع مدير فني أجنبي يفتقد إلى الخبرات والسيرة الذاتية القوية، والاستسلام لمسألة الأزمة المالية التي تفرض عليهم مدربين بعينهم، وبإمكانيات محدودة،الأمر الذي يعني استمرار نفس الدوامة والمشاكل.
ويخشى مسئولو نادى الزمالك من تكرار تجربة يانيك فيريرا الذى تعاقد معه نادى الزمالك لتولى تدريب الفريق، براتب منخفض، ولكن فشل فى مهمته مع القلعة البيضاء وانتهى الأمر بشكوى المدرب للنادى فى الاتحاد الدولي لكرة القدم فيفا.
ويرى مسئولو نادى الزمالك أنه إذا نجح معتمد جمال فى مهمته المؤقتة على رأس القيادة الفنية لنادى الزمالك يستمر فى قيادة الفريق لنهاية الموسم، حتى يمنح النادي فرصة في الخيارات بين المدربين الأجانب الأقوياء المعروضين على الساحة.
وكان مجلس إدارة نادي الزمالك أعلن، بالتنسيق مع جون إدوارد المدير الرياضي، تعيين معتمد جمال المدير الفني الأسبق للأبيض قائمًا بأعمال المدير الفني للفريق الأول لكرة القدم، على أن يعاونه إبراهيم صلاح لاعب الفريق السابق.",2026-01-11
عضو بنقابة البيطريين تقترح تبني الكلاب البلدي وفرض رسوم على السلالات المستوردة,https://www.youm7.com/story/2026/1/10/%D8%B9%D8%B6%D9%88-%D8%A8%D9%86%D9%82%D8%A7%D8%A8%D8%A9-%D8%A7%D9%84%D8%A8%D9%8A%D8%B7%D8%B1%D9%8A%D9%8A%D9%86-%D8%AA%D9%82%D8%AA%D8%B1%D8%AD-%D8%AA%D8%A8%D9%86%D9%8A-%D8%A7%D9%84%D9%83%D9%84%D8%A7%D8%A8-%D8%A7%D9%84%D8%A8%D9%84%D8%AF%D9%8A-%D9%88%D9%81%D8%B1%D8%B6-%D8%B1%D8%B3%D9%88%D9%85-%D8%B9%D9%84%D9%89/7263641,youm7.com,"طرحت الدكتورة إيمان ماهر، عضو مجلس النقابة العامة للأطباء البيطريين، مقترحا للتعامل مع أزمة زيادة أعداد الكلاب الضالة، تعتمد على محورين أساسيين: تشجيع المجتمع على ""تبني""
كلاب الشوارع
، وفرض رسوم مالية على اقتناء السلالات الأجنبية لتمويل برامج الحماية والسيطرة.
وأوضحت إيمان، في ندوة لـ""اليوم السابع""، أن الأزمة الحقيقية تكمن في أعداد ""الكلاب البلدي"" المتواجدة في الشوارع، مشيرة إلى أن غياب التوعية يحرم المجتمع من حل بسيط وفعال وهو التبني، وقالت: ""بدلا من شراء كلاب بأسعار مرتفعة، يجب تشجيع المواطنين على تبني كلاب الشوارع، خاصة وأن الكلبة الواحدة قد تنتج نحو 10 جراء سنويا، وتبنيها يساهم مباشرة في تقليل الأعداد في الميادين"".
واستعرضت عضو
مجلس نقابة البيطريين
تجارب دولية ناجحة، مثل التجربة الهولندية، التي اعتمدت مدرستين للسيطرة على الأعداد؛ الأولى هي برنامج (ABC) أو ""التحكم في مواليد الحيوانات"" عبر التعقيم الجراحي، والثانية هي الجانب التنظيمي والمالي.
واقترحت الدكتورة إيمان ماهر فرض ضرائب أو رسوم مالية على اقتناء أي كلب ""غير بلدي""، قائلة: ""من يرغب في اقتناء سلالة أجنبية مستوردة فهو يملك القدرة المالية لشرائها، ومن ثم يمكن للدولة فرض رسوم على هذه السلالات، وتوجيه هذه الموارد لتمويل
برامج حماية الكلاب
المحلية والسيطرة على أعدادها في المجتمع"".
وأكدت أن تطبيق هذه المقترحات سيخفف الأعباء المالية عن الدولة، حيث ستوفر رسوم السلالات المستوردة ميزانية مستدامة لعمليات التعقيم والتحصين، مؤكدة أن الحل يبدأ بتغيير ثقافة المجتمع تجاه ""الكلب البلدي"" ودعم جهود التقنين والسيطرة بآليات اقتصادية ومنظمة.",2026-01-11
